video_id,label,voxceleb_id,source_video_id,youtube_url,start_time,end_time,modification_type
fake_000000,RVFA,id00000,id00000,https://www.youtube.com/watch?v=test_fake_000000,0,15,tts
fake_000001,RVFA,id00001,id00001,https://www.youtube.com/watch?v=test_fake_000001,0,15,tts
fake_000002,RVFA,id00002,id00002,https://www.youtube.com/watch?v=test_fake_000002,0,15,tts
fake_000003,RVFA,id00003,id00003,https://www.youtube.com/watch?v=test_fake_000003,0,15,tts
fake_000004,RVFA,id00004,id00004,https://www.youtube.com/watch?v=test_fake_000004,0,15,tts
fake_000005,RVFA,id00005,id00005,https://www.youtube.com/watch?v=test_fake_000005,0,15,tts
fake_000006,RVFA,id00006,id00006,https://www.youtube.com/watch?v=test_fake_000006,0,15,tts
fake_000007,RVFA,id00007,id00007,https://www.youtube.com/watch?v=test_fake_000007,0,15,tts
fake_000008,RVFA,id00008,id00008,https://www.youtube.com/watch?v=test_fake_000008,0,15,tts
fake_000009,RVFA,id00009,id00009,https://www.youtube.com/watch?v=test_fake_000009,0,15,tts
fake_000010,RVFA,id00010,id00010,https://www.youtube.com/watch?v=test_fake_000010,0,15,tts
fake_000011,RVFA,id00011,id00011,https://www.youtube.com/watch?v=test_fake_000011,0,15,tts
fake_000012,RVFA,id00012,id00012,https://www.youtube.com/watch?v=test_fake_000012,0,15,tts
fake_000013,RVFA,id00013,id00013,https://www.youtube.com/watch?v=test_fake_000013,0,15,tts
fake_000014,RVFA,id00014,id00014,https://www.youtube.com/watch?v=test_fake_000014,0,15,tts
fake_000015,RVFA,id00015,id00015,https://www.youtube.com/watch?v=test_fake_000015,0,15,tts
fake_000016,RVFA,id00016,id00016,https://www.youtube.com/watch?v=test_fake_000016,0,15,tts
fake_000017,RVFA,id00017,id00017,https://www.youtube.com/watch?v=test_fake_000017,0,15,tts
fake_000018,RVFA,id00018,id00018,https://www.youtube.com/watch?v=test_fake_000018,0,15,tts
fake_000019,RVFA,id00019,id00019,https://www.youtube.com/watch?v=test_fake_000019,0,15,tts
fake_000020,RVFA,id00020,id00020,https://www.youtube.com/watch?v=test_fake_000020,0,15,tts
fake_000021,RVFA,id00021,id00021,https://www.youtube.com/watch?v=test_fake_000021,0,15,tts
fake_000022,RVFA,id00022,id00022,https://www.youtube.com/watch?v=test_fake_000022,0,15,tts
fake_000023,RVFA,id00023,id00023,https://www.youtube.com/watch?v=test_fake_000023,0,15,tts
fake_000024,RVFA,id00024,id00024,https://www.youtube.com/watch?v=test_fake_000024,0,15,tts
fake_000025,RVFA,id00025,id00025,https://www.youtube.com/watch?v=test_fake_000025,0,15,tts
fake_000026,RVFA,id00026,id00026,https://www.youtube.com/watch?v=test_fake_000026,0,15,tts
fake_000027,RVFA,id00027,id00027,https://www.youtube.com/watch?v=test_fake_000027,0,15,tts
fake_000028,RVFA,id00028,id00028,https://www.youtube.com/watch?v=test_fake_000028,0,15,tts
fake_000029,RVFA,id00029,id00029,https://www.youtube.com/watch?v=test_fake_000029,0,15,tts
fake_000030,RVFA,id00030,id00030,https://www.youtube.com/watch?v=test_fake_000030,0,15,tts
fake_000031,RVFA,id00031,id00031,https://www.youtube.com/watch?v=test_fake_000031,0,15,tts
fake_000032,RVFA,id00032,id00032,https://www.youtube.com/watch?v=test_fake_000032,0,15,tts
fake_000033,RVFA,id00033,id00033,https://www.youtube.com/watch?v=test_fake_000033,0,15,tts
fake_000034,RVFA,id00034,id00034,https://www.youtube.com/watch?v=test_fake_000034,0,15,tts
fake_000035,RVFA,id00035,id00035,https://www.youtube.com/watch?v=test_fake_000035,0,15,tts
fake_000036,RVFA,id00036,id00036,https://www.youtube.com/watch?v=test_fake_000036,0,15,tts
fake_000037,RVFA,id00037,id00037,https://www.youtube.com/watch?v=test_fake_000037,0,15,tts
fake_000038,RVFA,id00038,id00038,https://www.youtube.com/watch?v=test_fake_000038,0,15,tts
fake_000039,RVFA,id00039,id00039,https://www.youtube.com/watch?v=test_fake_000039,0,15,tts
fake_000040,RVFA,id00040,id00040,https://www.youtube.com/watch?v=test_fake_000040,0,15,tts
fake_000041,RVFA,id00041,id00041,https://www.youtube.com/watch?v=test_fake_000041,0,15,tts
fake_000042,RVFA,id00042,id00042,https://www.youtube.com/watch?v=test_fake_000042,0,15,tts
fake_000043,RVFA,id00043,id00043,https://www.youtube.com/watch?v=test_fake_000043,0,15,tts
fake_000044,RVFA,id00044,id00044,https://www.youtube.com/watch?v=test_fake_000044,0,15,tts
fake_000045,RVFA,id00045,id00045,https://www.youtube.com/watch?v=test_fake_000045,0,15,tts
fake_000046,RVFA,id00046,id00046,https://www.youtube.com/watch?v=test_fake_000046,0,15,tts
fake_000047,RVFA,id00047,id00047,https://www.youtube.com/watch?v=test_fake_000047,0,15,tts
fake_000048,RVFA,id00048,id00048,https://www.youtube.com/watch?v=test_fake_000048,0,15,tts
fake_000049,RVFA,id00049,id00049,https://www.youtube.com/watch?v=test_fake_000049,0,15,tts
fake_000050,RVFA,id00050,id00050,https://www.youtube.com/watch?v=test_fake_000050,0,15,tts
fake_000051,RVFA,id00051,id00051,https://www.youtube.com/watch?v=test_fake_000051,0,15,tts
fake_000052,RVFA,id00052,id00052,https://www.youtube.com/watch?v=test_fake_000052,0,15,tts
fake_000053,RVFA,id00053,id00053,https://www.youtube.com/watch?v=test_fake_000053,0,15,tts
fake_000054,RVFA,id00054,id00054,https://www.youtube.com/watch?v=test_fake_000054,0,15,tts
fake_000055,RVFA,id00055,id00055,https://www.youtube.com/watch?v=test_fake_000055,0,15,tts
fake_000056,RVFA,id00056,id00056,https://www.youtube.com/watch?v=test_fake_000056,0,15,tts
fake_000057,RVFA,id00057,id00057,https://www.youtube.com/watch?v=test_fake_000057,0,15,tts
fake_000058,RVFA,id00058,id00058,https://www.youtube.com/watch?v=test_fake_000058,0,15,tts
fake_000059,RVFA,id00059,id00059,https://www.youtube.com/watch?v=test_fake_000059,0,15,tts
fake_000060,RVFA,id00060,id00060,https://www.youtube.com/watch?v=test_fake_000060,0,15,tts
fake_000061,RVFA,id00061,id00061,https://www.youtube.com/watch?v=test_fake_000061,0,15,tts
fake_000062,RVFA,id00062,id00062,https://www.youtube.com/watch?v=test_fake_000062,0,15,tts
fake_000063,RVFA,id00063,id00063,https://www.youtube.com/watch?v=test_fake_000063,0,15,tts
fake_000064,RVFA,id00064,id00064,https://www.youtube.com/watch?v=test_fake_000064,0,15,tts
fake_000065,RVFA,id00065,id00065,https://www.youtube.com/watch?v=test_fake_000065,0,15,tts
fake_000066,RVFA,id00066,id00066,https://www.youtube.com/watch?v=test_fake_000066,0,15,tts
fake_000067,RVFA,id00067,id00067,https://www.youtube.com/watch?v=test_fake_000067,0,15,tts
fake_000068,RVFA,id00068,id00068,https://www.youtube.com/watch?v=test_fake_000068,0,15,tts
fake_000069,RVFA,id00069,id00069,https://www.youtube.com/watch?v=test_fake_000069,0,15,tts
fake_000070,RVFA,id00070,id00070,https://www.youtube.com/watch?v=test_fake_000070,0,15,tts
fake_000071,RVFA,id00071,id00071,https://www.youtube.com/watch?v=test_fake_000071,0,15,tts
fake_000072,RVFA,id00072,id00072,https://www.youtube.com/watch?v=test_fake_000072,0,15,tts
fake_000073,RVFA,id00073,id00073,https://www.youtube.com/watch?v=test_fake_000073,0,15,tts
fake_000074,RVFA,id00074,id00074,https://www.youtube.com/watch?v=test_fake_000074,0,15,tts
fake_000075,RVFA,id00075,id00075,https://www.youtube.com/watch?v=test_fake_000075,0,15,tts
fake_000076,RVFA,id00076,id00076,https://www.youtube.com/watch?v=test_fake_000076,0,15,tts
fake_000077,RVFA,id00077,id00077,https://www.youtube.com/watch?v=test_fake_000077,0,15,tts
fake_000078,RVFA,id00078,id00078,https://www.youtube.com/watch?v=test_fake_000078,0,15,tts
fake_000079,RVFA,id00079,id00079,https://www.youtube.com/watch?v=test_fake_000079,0,15,tts
fake_000080,RVFA,id00080,id00080,https://www.youtube.com/watch?v=test_fake_000080,0,15,tts
fake_000081,RVFA,id00081,id00081,https://www.youtube.com/watch?v=test_fake_000081,0,15,tts
fake_000082,RVFA,id00082,id00082,https://www.youtube.com/watch?v=test_fake_000082,0,15,tts
fake_000083,RVFA,id00083,id00083,https://www.youtube.com/watch?v=test_fake_000083,0,15,tts
fake_000084,RVFA,id00084,id00084,https://www.youtube.com/watch?v=test_fake_000084,0,15,tts
fake_000085,RVFA,id00085,id00085,https://www.youtube.com/watch?v=test_fake_000085,0,15,tts
fake_000086,RVFA,id00086,id00086,https://www.youtube.com/watch?v=test_fake_000086,0,15,tts
fake_000087,RVFA,id00087,id00087,https://www.youtube.com/watch?v=test_fake_000087,0,15,tts
fake_000088,RVFA,id00088,id00088,https://www.youtube.com/watch?v=test_fake_000088,0,15,tts
fake_000089,RVFA,id00089,id00089,https://www.youtube.com/watch?v=test_fake_000089,0,15,tts
fake_000090,RVFA,id00090,id00090,https://www.youtube.com/watch?v=test_fake_000090,0,15,tts
fake_000091,RVFA,id00091,id00091,https://www.youtube.com/watch?v=test_fake_000091,0,15,tts
fake_000092,RVFA,id00092,id00092,https://www.youtube.com/watch?v=test_fake_000092,0,15,tts
fake_000093,RVFA,id00093,id00093,https://www.youtube.com/watch?v=test_fake_000093,0,15,tts
fake_000094,RVFA,id00094,id00094,https://www.youtube.com/watch?v=test_fake_000094,0,15,tts
fake_000095,RVFA,id00095,id00095,https://www.youtube.com/watch?v=test_fake_000095,0,15,tts
fake_000096,RVFA,id00096,id00096,https://www.youtube.com/watch?v=test_fake_000096,0,15,tts
fake_000097,RVFA,id00097,id00097,https://www.youtube.com/watch?v=test_fake_000097,0,15,tts
fake_000098,RVFA,id00098,id00098,https://www.youtube.com/watch?v=test_fake_000098,0,15,tts
fake_000099,RVFA,id00099,id00099,https://www.youtube.com/watch?v=test_fake_000099,0,15,tts
fake_000100,RVFA,id00000,id00000,https://www.youtube.com/watch?v=test_fake_000100,0,15,tts
fake_000101,RVFA,id00001,id00001,https://www.youtube.com/watch?v=test_fake_000101,0,15,tts
fake_000102,RVFA,id00002,id00002,https://www.youtube.com/watch?v=test_fake_000102,0,15,tts
fake_000103,RVFA,id00003,id00003,https://www.youtube.com/watch?v=test_fake_000103,0,15,tts
fake_000104,RVFA,id00004,id00004,https://www.youtube.com/watch?v=test_fake_000104,0,15,tts
fake_000105,RVFA,id00005,id00005,https://www.youtube.com/watch?v=test_fake_000105,0,15,tts
fake_000106,RVFA,id00006,id00006,https://www.youtube.com/watch?v=test_fake_000106,0,15,tts
fake_000107,RVFA,id00007,id00007,https://www.youtube.com/watch?v=test_fake_000107,0,15,tts
fake_000108,RVFA,id00008,id00008,https://www.youtube.com/watch?v=test_fake_000108,0,15,tts
fake_000109,RVFA,id00009,id00009,https://www.youtube.com/watch?v=test_fake_000109,0,15,tts
fake_000110,RVFA,id00010,id00010,https://www.youtube.com/watch?v=test_fake_000110,0,15,tts
fake_000111,RVFA,id00011,id00011,https://www.youtube.com/watch?v=test_fake_000111,0,15,tts
fake_000112,RVFA,id00012,id00012,https://www.youtube.com/watch?v=test_fake_000112,0,15,tts
fake_000113,RVFA,id00013,id00013,https://www.youtube.com/watch?v=test_fake_000113,0,15,tts
fake_000114,RVFA,id00014,id00014,https://www.youtube.com/watch?v=test_fake_000114,0,15,tts
fake_000115,RVFA,id00015,id00015,https://www.youtube.com/watch?v=test_fake_000115,0,15,tts
fake_000116,RVFA,id00016,id00016,https://www.youtube.com/watch?v=test_fake_000116,0,15,tts
fake_000117,RVFA,id00017,id00017,https://www.youtube.com/watch?v=test_fake_000117,0,15,tts
fake_000118,RVFA,id00018,id00018,https://www.youtube.com/watch?v=test_fake_000118,0,15,tts
fake_000119,RVFA,id00019,id00019,https://www.youtube.com/watch?v=test_fake_000119,0,15,tts
fake_000120,RVFA,id00020,id00020,https://www.youtube.com/watch?v=test_fake_000120,0,15,tts
fake_000121,RVFA,id00021,id00021,https://www.youtube.com/watch?v=test_fake_000121,0,15,tts
fake_000122,RVFA,id00022,id00022,https://www.youtube.com/watch?v=test_fake_000122,0,15,tts
fake_000123,RVFA,id00023,id00023,https://www.youtube.com/watch?v=test_fake_000123,0,15,tts
fake_000124,RVFA,id00024,id00024,https://www.youtube.com/watch?v=test_fake_000124,0,15,tts
fake_000125,RVFA,id00025,id00025,https://www.youtube.com/watch?v=test_fake_000125,0,15,tts
fake_000126,RVFA,id00026,id00026,https://www.youtube.com/watch?v=test_fake_000126,0,15,tts
fake_000127,RVFA,id00027,id00027,https://www.youtube.com/watch?v=test_fake_000127,0,15,tts
fake_000128,RVFA,id00028,id00028,https://www.youtube.com/watch?v=test_fake_000128,0,15,tts
fake_000129,RVFA,id00029,id00029,https://www.youtube.com/watch?v=test_fake_000129,0,15,tts
fake_000130,RVFA,id00030,id00030,https://www.youtube.com/watch?v=test_fake_000130,0,15,tts
fake_000131,RVFA,id00031,id00031,https://www.youtube.com/watch?v=test_fake_000131,0,15,tts
fake_000132,RVFA,id00032,id00032,https://www.youtube.com/watch?v=test_fake_000132,0,15,tts
fake_000133,RVFA,id00033,id00033,https://www.youtube.com/watch?v=test_fake_000133,0,15,tts
fake_000134,RVFA,id00034,id00034,https://www.youtube.com/watch?v=test_fake_000134,0,15,tts
fake_000135,RVFA,id00035,id00035,https://www.youtube.com/watch?v=test_fake_000135,0,15,tts
fake_000136,RVFA,id00036,id00036,https://www.youtube.com/watch?v=test_fake_000136,0,15,tts
fake_000137,RVFA,id00037,id00037,https://www.youtube.com/watch?v=test_fake_000137,0,15,tts
fake_000138,RVFA,id00038,id00038,https://www.youtube.com/watch?v=test_fake_000138,0,15,tts
fake_000139,RVFA,id00039,id00039,https://www.youtube.com/watch?v=test_fake_000139,0,15,tts
fake_000140,RVFA,id00040,id00040,https://www.youtube.com/watch?v=test_fake_000140,0,15,tts
fake_000141,RVFA,id00041,id00041,https://www.youtube.com/watch?v=test_fake_000141,0,15,tts
fake_000142,RVFA,id00042,id00042,https://www.youtube.com/watch?v=test_fake_000142,0,15,tts
fake_000143,RVFA,id00043,id00043,https://www.youtube.com/watch?v=test_fake_000143,0,15,tts
fake_000144,RVFA,id00044,id00044,https://www.youtube.com/watch?v=test_fake_000144,0,15,tts
fake_000145,RVFA,id00045,id00045,https://www.youtube.com/watch?v=test_fake_000145,0,15,tts
fake_000146,RVFA,id00046,id00046,https://www.youtube.com/watch?v=test_fake_000146,0,15,tts
fake_000147,RVFA,id00047,id00047,https://www.youtube.com/watch?v=test_fake_000147,0,15,tts
fake_000148,RVFA,id00048,id00048,https://www.youtube.com/watch?v=test_fake_000148,0,15,tts
fake_000149,RVFA,id00049,id00049,https://www.youtube.com/watch?v=test_fake_000149,0,15,tts
fake_000150,RVFA,id00050,id00050,https://www.youtube.com/watch?v=test_fake_000150,0,15,tts
fake_000151,RVFA,id00051,id00051,https://www.youtube.com/watch?v=test_fake_000151,0,15,tts
fake_000152,RVFA,id00052,id00052,https://www.youtube.com/watch?v=test_fake_000152,0,15,tts
fake_000153,RVFA,id00053,id00053,https://www.youtube.com/watch?v=test_fake_000153,0,15,tts
fake_000154,RVFA,id00054,id00054,https://www.youtube.com/watch?v=test_fake_000154,0,15,tts
fake_000155,RVFA,id00055,id00055,https://www.youtube.com/watch?v=test_fake_000155,0,15,tts
fake_000156,RVFA,id00056,id00056,https://www.youtube.com/watch?v=test_fake_000156,0,15,tts
fake_000157,RVFA,id00057,id00057,https://www.youtube.com/watch?v=test_fake_000157,0,15,tts
fake_000158,RVFA,id00058,id00058,https://www.youtube.com/watch?v=test_fake_000158,0,15,tts
fake_000159,RVFA,id00059,id00059,https://www.youtube.com/watch?v=test_fake_000159,0,15,tts
fake_000160,RVFA,id00060,id00060,https://www.youtube.com/watch?v=test_fake_000160,0,15,tts
fake_000161,RVFA,id00061,id00061,https://www.youtube.com/watch?v=test_fake_000161,0,15,tts
fake_000162,RVFA,id00062,id00062,https://www.youtube.com/watch?v=test_fake_000162,0,15,tts
fake_000163,RVFA,id00063,id00063,https://www.youtube.com/watch?v=test_fake_000163,0,15,tts
fake_000164,RVFA,id00064,id00064,https://www.youtube.com/watch?v=test_fake_000164,0,15,tts
fake_000165,RVFA,id00065,id00065,https://www.youtube.com/watch?v=test_fake_000165,0,15,tts
fake_000166,RVFA,id00066,id00066,https://www.youtube.com/watch?v=test_fake_000166,0,15,tts
fake_000167,RVFA,id00067,id00067,https://www.youtube.com/watch?v=test_fake_000167,0,15,tts
fake_000168,RVFA,id00068,id00068,https://www.youtube.com/watch?v=test_fake_000168,0,15,tts
fake_000169,RVFA,id00069,id00069,https://www.youtube.com/watch?v=test_fake_000169,0,15,tts
fake_000170,RVFA,id00070,id00070,https://www.youtube.com/watch?v=test_fake_000170,0,15,tts
fake_000171,RVFA,id00071,id00071,https://www.youtube.com/watch?v=test_fake_000171,0,15,tts
fake_000172,RVFA,id00072,id00072,https://www.youtube.com/watch?v=test_fake_000172,0,15,tts
fake_000173,RVFA,id00073,id00073,https://www.youtube.com/watch?v=test_fake_000173,0,15,tts
fake_000174,RVFA,id00074,id00074,https://www.youtube.com/watch?v=test_fake_000174,0,15,tts
fake_000175,RVFA,id00075,id00075,https://www.youtube.com/watch?v=test_fake_000175,0,15,tts
fake_000176,RVFA,id00076,id00076,https://www.youtube.com/watch?v=test_fake_000176,0,15,tts
fake_000177,RVFA,id00077,id00077,https://www.youtube.com/watch?v=test_fake_000177,0,15,tts
fake_000178,RVFA,id00078,id00078,https://www.youtube.com/watch?v=test_fake_000178,0,15,tts
fake_000179,RVFA,id00079,id00079,https://www.youtube.com/watch?v=test_fake_000179,0,15,tts
fake_000180,RVFA,id00080,id00080,https://www.youtube.com/watch?v=test_fake_000180,0,15,tts
fake_000181,RVFA,id00081,id00081,https://www.youtube.com/watch?v=test_fake_000181,0,15,tts
fake_000182,RVFA,id00082,id00082,https://www.youtube.com/watch?v=test_fake_000182,0,15,tts
fake_000183,RVFA,id00083,id00083,https://www.youtube.com/watch?v=test_fake_000183,0,15,tts
fake_000184,RVFA,id00084,id00084,https://www.youtube.com/watch?v=test_fake_000184,0,15,tts
fake_000185,RVFA,id00085,id00085,https://www.youtube.com/watch?v=test_fake_000185,0,15,tts
fake_000186,RVFA,id00086,id00086,https://www.youtube.com/watch?v=test_fake_000186,0,15,tts
fake_000187,RVFA,id00087,id00087,https://www.youtube.com/watch?v=test_fake_000187,0,15,tts
fake_000188,RVFA,id00088,id00088,https://www.youtube.com/watch?v=test_fake_000188,0,15,tts
fake_000189,RVFA,id00089,id00089,https://www.youtube.com/watch?v=test_fake_000189,0,15,tts
fake_000190,RVFA,id00090,id00090,https://www.youtube.com/watch?v=test_fake_000190,0,15,tts
fake_000191,RVFA,id00091,id00091,https://www.youtube.com/watch?v=test_fake_000191,0,15,tts
fake_000192,RVFA,id00092,id00092,https://www.youtube.com/watch?v=test_fake_000192,0,15,tts
fake_000193,RVFA,id00093,id00093,https://www.youtube.com/watch?v=test_fake_000193,0,15,tts
fake_000194,RVFA,id00094,id00094,https://www.youtube.com/watch?v=test_fake_000194,0,15,tts
fake_000195,RVFA,id00095,id00095,https://www.youtube.com/watch?v=test_fake_000195,0,15,tts
fake_000196,RVFA,id00096,id00096,https://www.youtube.com/watch?v=test_fake_000196,0,15,tts
fake_000197,RVFA,id00097,id00097,https://www.youtube.com/watch?v=test_fake_000197,0,15,tts
fake_000198,RVFA,id00098,id00098,https://www.youtube.com/watch?v=test_fake_000198,0,15,tts
fake_000199,RVFA,id00099,id00099,https://www.youtube.com/watch?v=test_fake_000199,0,15,tts
fake_000200,RVFA,id00000,id00000,https://www.youtube.com/watch?v=test_fake_000200,0,15,tts
fake_000201,RVFA,id00001,id00001,https://www.youtube.com/watch?v=test_fake_000201,0,15,tts
fake_000202,RVFA,id00002,id00002,https://www.youtube.com/watch?v=test_fake_000202,0,15,tts
fake_000203,RVFA,id00003,id00003,https://www.youtube.com/watch?v=test_fake_000203,0,15,tts
fake_000204,RVFA,id00004,id00004,https://www.youtube.com/watch?v=test_fake_000204,0,15,tts
fake_000205,RVFA,id00005,id00005,https://www.youtube.com/watch?v=test_fake_000205,0,15,tts
fake_000206,RVFA,id00006,id00006,https://www.youtube.com/watch?v=test_fake_000206,0,15,tts
fake_000207,RVFA,id00007,id00007,https://www.youtube.com/watch?v=test_fake_000207,0,15,tts
fake_000208,RVFA,id00008,id00008,https://www.youtube.com/watch?v=test_fake_000208,0,15,tts
fake_000209,RVFA,id00009,id00009,https://www.youtube.com/watch?v=test_fake_000209,0,15,tts
fake_000210,RVFA,id00010,id00010,https://www.youtube.com/watch?v=test_fake_000210,0,15,tts
fake_000211,RVFA,id00011,id00011,https://www.youtube.com/watch?v=test_fake_000211,0,15,tts
fake_000212,RVFA,id00012,id00012,https://www.youtube.com/watch?v=test_fake_000212,0,15,tts
fake_000213,RVFA,id00013,id00013,https://www.youtube.com/watch?v=test_fake_000213,0,15,tts
fake_000214,RVFA,id00014,id00014,https://www.youtube.com/watch?v=test_fake_000214,0,15,tts
fake_000215,RVFA,id00015,id00015,https://www.youtube.com/watch?v=test_fake_000215,0,15,tts
fake_000216,RVFA,id00016,id00016,https://www.youtube.com/watch?v=test_fake_000216,0,15,tts
fake_000217,RVFA,id00017,id00017,https://www.youtube.com/watch?v=test_fake_000217,0,15,tts
fake_000218,RVFA,id00018,id00018,https://www.youtube.com/watch?v=test_fake_000218,0,15,tts
fake_000219,RVFA,id00019,id00019,https://www.youtube.com/watch?v=test_fake_000219,0,15,tts
fake_000220,RVFA,id00020,id00020,https://www.youtube.com/watch?v=test_fake_000220,0,15,tts
fake_000221,RVFA,id00021,id00021,https://www.youtube.com/watch?v=test_fake_000221,0,15,tts
fake_000222,RVFA,id00022,id00022,https://www.youtube.com/watch?v=test_fake_000222,0,15,tts
fake_000223,RVFA,id00023,id00023,https://www.youtube.com/watch?v=test_fake_000223,0,15,tts
fake_000224,RVFA,id00024,id00024,https://www.youtube.com/watch?v=test_fake_000224,0,15,tts
fake_000225,RVFA,id00025,id00025,https://www.youtube.com/watch?v=test_fake_000225,0,15,tts
fake_000226,RVFA,id00026,id00026,https://www.youtube.com/watch?v=test_fake_000226,0,15,tts
fake_000227,RVFA,id00027,id00027,https://www.youtube.com/watch?v=test_fake_000227,0,15,tts
fake_000228,RVFA,id00028,id00028,https://www.youtube.com/watch?v=test_fake_000228,0,15,tts
fake_000229,RVFA,id00029,id00029,https://www.youtube.com/watch?v=test_fake_000229,0,15,tts
fake_000230,RVFA,id00030,id00030,https://www.youtube.com/watch?v=test_fake_000230,0,15,tts
fake_000231,RVFA,id00031,id00031,https://www.youtube.com/watch?v=test_fake_000231,0,15,tts
fake_000232,RVFA,id00032,id00032,https://www.youtube.com/watch?v=test_fake_000232,0,15,tts
fake_000233,RVFA,id00033,id00033,https://www.youtube.com/watch?v=test_fake_000233,0,15,tts
fake_000234,RVFA,id00034,id00034,https://www.youtube.com/watch?v=test_fake_000234,0,15,tts
fake_000235,RVFA,id00035,id00035,https://www.youtube.com/watch?v=test_fake_000235,0,15,tts
fake_000236,RVFA,id00036,id00036,https://www.youtube.com/watch?v=test_fake_000236,0,15,tts
fake_000237,RVFA,id00037,id00037,https://www.youtube.com/watch?v=test_fake_000237,0,15,tts
fake_000238,RVFA,id00038,id00038,https://www.youtube.com/watch?v=test_fake_000238,0,15,tts
fake_000239,RVFA,id00039,id00039,https://www.youtube.com/watch?v=test_fake_000239,0,15,tts
fake_000240,RVFA,id00040,id00040,https://www.youtube.com/watch?v=test_fake_000240,0,15,tts
fake_000241,RVFA,id00041,id00041,https://www.youtube.com/watch?v=test_fake_000241,0,15,tts
fake_000242,RVFA,id00042,id00042,https://www.youtube.com/watch?v=test_fake_000242,0,15,tts
fake_000243,RVFA,id00043,id00043,https://www.youtube.com/watch?v=test_fake_000243,0,15,tts
fake_000244,RVFA,id00044,id00044,https://www.youtube.com/watch?v=test_fake_000244,0,15,tts
fake_000245,RVFA,id00045,id00045,https://www.youtube.com/watch?v=test_fake_000245,0,15,tts
fake_000246,RVFA,id00046,id00046,https://www.youtube.com/watch?v=test_fake_000246,0,15,tts
fake_000247,RVFA,id00047,id00047,https://www.youtube.com/watch?v=test_fake_000247,0,15,tts
fake_000248,RVFA,id00048,id00048,https://www.youtube.com/watch?v=test_fake_000248,0,15,tts
fake_000249,RVFA,id00049,id00049,https://www.youtube.com/watch?v=test_fake_000249,0,15,tts
fake_000250,RVFA,id00050,id00050,https://www.youtube.com/watch?v=test_fake_000250,0,15,tts
fake_000251,RVFA,id00051,id00051,https://www.youtube.com/watch?v=test_fake_000251,0,15,tts
fake_000252,RVFA,id00052,id00052,https://www.youtube.com/watch?v=test_fake_000252,0,15,tts
fake_000253,RVFA,id00053,id00053,https://www.youtube.com/watch?v=test_fake_000253,0,15,tts
fake_000254,RVFA,id00054,id00054,https://www.youtube.com/watch?v=test_fake_000254,0,15,tts
fake_000255,RVFA,id00055,id00055,https://www.youtube.com/watch?v=test_fake_000255,0,15,tts
fake_000256,RVFA,id00056,id00056,https://www.youtube.com/watch?v=test_fake_000256,0,15,tts
fake_000257,RVFA,id00057,id00057,https://www.youtube.com/watch?v=test_fake_000257,0,15,tts
fake_000258,RVFA,id00058,id00058,https://www.youtube.com/watch?v=test_fake_000258,0,15,tts
fake_000259,RVFA,id00059,id00059,https://www.youtube.com/watch?v=test_fake_000259,0,15,tts
fake_000260,RVFA,id00060,id00060,https://www.youtube.com/watch?v=test_fake_000260,0,15,tts
fake_000261,RVFA,id00061,id00061,https://www.youtube.com/watch?v=test_fake_000261,0,15,tts
fake_000262,RVFA,id00062,id00062,https://www.youtube.com/watch?v=test_fake_000262,0,15,tts
fake_000263,RVFA,id00063,id00063,https://www.youtube.com/watch?v=test_fake_000263,0,15,tts
fake_000264,RVFA,id00064,id00064,https://www.youtube.com/watch?v=test_fake_000264,0,15,tts
fake_000265,RVFA,id00065,id00065,https://www.youtube.com/watch?v=test_fake_000265,0,15,tts
fake_000266,RVFA,id00066,id00066,https://www.youtube.com/watch?v=test_fake_000266,0,15,tts
fake_000267,RVFA,id00067,id00067,https://www.youtube.com/watch?v=test_fake_000267,0,15,tts
fake_000268,RVFA,id00068,id00068,https://www.youtube.com/watch?v=test_fake_000268,0,15,tts
fake_000269,RVFA,id00069,id00069,https://www.youtube.com/watch?v=test_fake_000269,0,15,tts
fake_000270,RVFA,id00070,id00070,https://www.youtube.com/watch?v=test_fake_000270,0,15,tts
fake_000271,RVFA,id00071,id00071,https://www.youtube.com/watch?v=test_fake_000271,0,15,tts
fake_000272,RVFA,id00072,id00072,https://www.youtube.com/watch?v=test_fake_000272,0,15,tts
fake_000273,RVFA,id00073,id00073,https://www.youtube.com/watch?v=test_fake_000273,0,15,tts
fake_000274,RVFA,id00074,id00074,https://www.youtube.com/watch?v=test_fake_000274,0,15,tts
fake_000275,RVFA,id00075,id00075,https://www.youtube.com/watch?v=test_fake_000275,0,15,tts
fake_000276,RVFA,id00076,id00076,https://www.youtube.com/watch?v=test_fake_000276,0,15,tts
fake_000277,RVFA,id00077,id00077,https://www.youtube.com/watch?v=test_fake_000277,0,15,tts
fake_000278,RVFA,id00078,id00078,https://www.youtube.com/watch?v=test_fake_000278,0,15,tts
fake_000279,RVFA,id00079,id00079,https://www.youtube.com/watch?v=test_fake_000279,0,15,tts
fake_000280,RVFA,id00080,id00080,https://www.youtube.com/watch?v=test_fake_000280,0,15,tts
fake_000281,RVFA,id00081,id00081,https://www.youtube.com/watch?v=test_fake_000281,0,15,tts
fake_000282,RVFA,id00082,id00082,https://www.youtube.com/watch?v=test_fake_000282,0,15,tts
fake_000283,RVFA,id00083,id00083,https://www.youtube.com/watch?v=test_fake_000283,0,15,tts
fake_000284,RVFA,id00084,id00084,https://www.youtube.com/watch?v=test_fake_000284,0,15,tts
fake_000285,RVFA,id00085,id00085,https://www.youtube.com/watch?v=test_fake_000285,0,15,tts
fake_000286,RVFA,id00086,id00086,https://www.youtube.com/watch?v=test_fake_000286,0,15,tts
fake_000287,RVFA,id00087,id00087,https://www.youtube.com/watch?v=test_fake_000287,0,15,tts
fake_000288,RVFA,id00088,id00088,https://www.youtube.com/watch?v=test_fake_000288,0,15,tts
fake_000289,RVFA,id00089,id00089,https://www.youtube.com/watch?v=test_fake_000289,0,15,tts
fake_000290,RVFA,id00090,id00090,https://www.youtube.com/watch?v=test_fake_000290,0,15,tts
fake_000291,RVFA,id00091,id00091,https://www.youtube.com/watch?v=test_fake_000291,0,15,tts
fake_000292,RVFA,id00092,id00092,https://www.youtube.com/watch?v=test_fake_000292,0,15,tts
fake_000293,RVFA,id00093,id00093,https://www.youtube.com/watch?v=test_fake_000293,0,15,tts
fake_000294,RVFA,id00094,id00094,https://www.youtube.com/watch?v=test_fake_000294,0,15,tts
fake_000295,RVFA,id00095,id00095,https://www.youtube.com/watch?v=test_fake_000295,0,15,tts
fake_000296,RVFA,id00096,id00096,https://www.youtube.com/watch?v=test_fake_000296,0,15,tts
fake_000297,RVFA,id00097,id00097,https://www.youtube.com/watch?v=test_fake_000297,0,15,tts
fake_000298,RVFA,id00098,id00098,https://www.youtube.com/watch?v=test_fake_000298,0,15,tts
fake_000299,RVFA,id00099,id00099,https://www.youtube.com/watch?v=test_fake_000299,0,15,tts
fake_000300,RVFA,id00000,id00000,https://www.youtube.com/watch?v=test_fake_000300,0,15,tts
fake_000301,RVFA,id00001,id00001,https://www.youtube.com/watch?v=test_fake_000301,0,15,tts
fake_000302,RVFA,id00002,id00002,https://www.youtube.com/watch?v=test_fake_000302,0,15,tts
fake_000303,RVFA,id00003,id00003,https://www.youtube.com/watch?v=test_fake_000303,0,15,tts
fake_000304,RVFA,id00004,id00004,https://www.youtube.com/watch?v=test_fake_000304,0,15,tts
fake_000305,RVFA,id00005,id00005,https://www.youtube.com/watch?v=test_fake_000305,0,15,tts
fake_000306,RVFA,id00006,id00006,https://www.youtube.com/watch?v=test_fake_000306,0,15,tts
fake_000307,RVFA,id00007,id00007,https://www.youtube.com/watch?v=test_fake_000307,0,15,tts
fake_000308,RVFA,id00008,id00008,https://www.youtube.com/watch?v=test_fake_000308,0,15,tts
fake_000309,RVFA,id00009,id00009,https://www.youtube.com/watch?v=test_fake_000309,0,15,tts
fake_000310,RVFA,id00010,id00010,https://www.youtube.com/watch?v=test_fake_000310,0,15,tts
fake_000311,RVFA,id00011,id00011,https://www.youtube.com/watch?v=test_fake_000311,0,15,tts
fake_000312,RVFA,id00012,id00012,https://www.youtube.com/watch?v=test_fake_000312,0,15,tts
fake_000313,RVFA,id00013,id00013,https://www.youtube.com/watch?v=test_fake_000313,0,15,tts
fake_000314,RVFA,id00014,id00014,https://www.youtube.com/watch?v=test_fake_000314,0,15,tts
fake_000315,RVFA,id00015,id00015,https://www.youtube.com/watch?v=test_fake_000315,0,15,tts
fake_000316,RVFA,id00016,id00016,https://www.youtube.com/watch?v=test_fake_000316,0,15,tts
fake_000317,RVFA,id00017,id00017,https://www.youtube.com/watch?v=test_fake_000317,0,15,tts
fake_000318,RVFA,id00018,id00018,https://www.youtube.com/watch?v=test_fake_000318,0,15,tts
fake_000319,RVFA,id00019,id00019,https://www.youtube.com/watch?v=test_fake_000319,0,15,tts
fake_000320,RVFA,id00020,id00020,https://www.youtube.com/watch?v=test_fake_000320,0,15,tts
fake_000321,RVFA,id00021,id00021,https://www.youtube.com/watch?v=test_fake_000321,0,15,tts
fake_000322,RVFA,id00022,id00022,https://www.youtube.com/watch?v=test_fake_000322,0,15,tts
fake_000323,RVFA,id00023,id00023,https://www.youtube.com/watch?v=test_fake_000323,0,15,tts
fake_000324,RVFA,id00024,id00024,https://www.youtube.com/watch?v=test_fake_000324,0,15,tts
fake_000325,RVFA,id00025,id00025,https://www.youtube.com/watch?v=test_fake_000325,0,15,tts
fake_000326,RVFA,id00026,id00026,https://www.youtube.com/watch?v=test_fake_000326,0,15,tts
fake_000327,RVFA,id00027,id00027,https://www.youtube.com/watch?v=test_fake_000327,0,15,tts
fake_000328,RVFA,id00028,id00028,https://www.youtube.com/watch?v=test_fake_000328,0,15,tts
fake_000329,RVFA,id00029,id00029,https://www.youtube.com/watch?v=test_fake_000329,0,15,tts
fake_000330,RVFA,id00030,id00030,https://www.youtube.com/watch?v=test_fake_000330,0,15,tts
fake_000331,RVFA,id00031,id00031,https://www.youtube.com/watch?v=test_fake_000331,0,15,tts
fake_000332,RVFA,id00032,id00032,https://www.youtube.com/watch?v=test_fake_000332,0,15,tts
fake_000333,RVFA,id00033,id00033,https://www.youtube.com/watch?v=test_fake_000333,0,15,tts
fake_000334,RVFA,id00034,id00034,https://www.youtube.com/watch?v=test_fake_000334,0,15,tts
fake_000335,RVFA,id00035,id00035,https://www.youtube.com/watch?v=test_fake_000335,0,15,tts
fake_000336,RVFA,id00036,id00036,https://www.youtube.com/watch?v=test_fake_000336,0,15,tts
fake_000337,RVFA,id00037,id00037,https://www.youtube.com/watch?v=test_fake_000337,0,15,tts
fake_000338,RVFA,id00038,id00038,https://www.youtube.com/watch?v=test_fake_000338,0,15,tts
fake_000339,RVFA,id00039,id00039,https://www.youtube.com/watch?v=test_fake_000339,0,15,tts
fake_000340,RVFA,id00040,id00040,https://www.youtube.com/watch?v=test_fake_000340,0,15,tts
fake_000341,RVFA,id00041,id00041,https://www.youtube.com/watch?v=test_fake_000341,0,15,tts
fake_000342,RVFA,id00042,id00042,https://www.youtube.com/watch?v=test_fake_000342,0,15,tts
fake_000343,RVFA,id00043,id00043,https://www.youtube.com/watch?v=test_fake_000343,0,15,tts
fake_000344,RVFA,id00044,id00044,https://www.youtube.com/watch?v=test_fake_000344,0,15,tts
fake_000345,RVFA,id00045,id00045,https://www.youtube.com/watch?v=test_fake_000345,0,15,tts
fake_000346,RVFA,id00046,id00046,https://www.youtube.com/watch?v=test_fake_000346,0,15,tts
fake_000347,RVFA,id00047,id00047,https://www.youtube.com/watch?v=test_fake_000347,0,15,tts
fake_000348,RVFA,id00048,id00048,https://www.youtube.com/watch?v=test_fake_000348,0,15,tts
fake_000349,RVFA,id00049,id00049,https://www.youtube.com/watch?v=test_fake_000349,0,15,tts
fake_000350,RVFA,id00050,id00050,https://www.youtube.com/watch?v=test_fake_000350,0,15,tts
fake_000351,RVFA,id00051,id00051,https://www.youtube.com/watch?v=test_fake_000351,0,15,tts
fake_000352,RVFA,id00052,id00052,https://www.youtube.com/watch?v=test_fake_000352,0,15,tts
fake_000353,RVFA,id00053,id00053,https://www.youtube.com/watch?v=test_fake_000353,0,15,tts
fake_000354,RVFA,id00054,id00054,https://www.youtube.com/watch?v=test_fake_000354,0,15,tts
fake_000355,RVFA,id00055,id00055,https://www.youtube.com/watch?v=test_fake_000355,0,15,tts
fake_000356,RVFA,id00056,id00056,https://www.youtube.com/watch?v=test_fake_000356,0,15,tts
fake_000357,RVFA,id00057,id00057,https://www.youtube.com/watch?v=test_fake_000357,0,15,tts
fake_000358,RVFA,id00058,id00058,https://www.youtube.com/watch?v=test_fake_000358,0,15,tts
fake_000359,RVFA,id00059,id00059,https://www.youtube.com/watch?v=test_fake_000359,0,15,tts
fake_000360,RVFA,id00060,id00060,https://www.youtube.com/watch?v=test_fake_000360,0,15,tts
fake_000361,RVFA,id00061,id00061,https://www.youtube.com/watch?v=test_fake_000361,0,15,tts
fake_000362,RVFA,id00062,id00062,https://www.youtube.com/watch?v=test_fake_000362,0,15,tts
fake_000363,RVFA,id00063,id00063,https://www.youtube.com/watch?v=test_fake_000363,0,15,tts
fake_000364,RVFA,id00064,id00064,https://www.youtube.com/watch?v=test_fake_000364,0,15,tts
fake_000365,RVFA,id00065,id00065,https://www.youtube.com/watch?v=test_fake_000365,0,15,tts
fake_000366,RVFA,id00066,id00066,https://www.youtube.com/watch?v=test_fake_000366,0,15,tts
fake_000367,RVFA,id00067,id00067,https://www.youtube.com/watch?v=test_fake_000367,0,15,tts
fake_000368,RVFA,id00068,id00068,https://www.youtube.com/watch?v=test_fake_000368,0,15,tts
fake_000369,RVFA,id00069,id00069,https://www.youtube.com/watch?v=test_fake_000369,0,15,tts
fake_000370,RVFA,id00070,id00070,https://www.youtube.com/watch?v=test_fake_000370,0,15,tts
fake_000371,RVFA,id00071,id00071,https://www.youtube.com/watch?v=test_fake_000371,0,15,tts
fake_000372,RVFA,id00072,id00072,https://www.youtube.com/watch?v=test_fake_000372,0,15,tts
fake_000373,RVFA,id00073,id00073,https://www.youtube.com/watch?v=test_fake_000373,0,15,tts
fake_000374,RVFA,id00074,id00074,https://www.youtube.com/watch?v=test_fake_000374,0,15,tts
fake_000375,RVFA,id00075,id00075,https://www.youtube.com/watch?v=test_fake_000375,0,15,tts
fake_000376,RVFA,id00076,id00076,https://www.youtube.com/watch?v=test_fake_000376,0,15,tts
fake_000377,RVFA,id00077,id00077,https://www.youtube.com/watch?v=test_fake_000377,0,15,tts
fake_000378,RVFA,id00078,id00078,https://www.youtube.com/watch?v=test_fake_000378,0,15,tts
fake_000379,RVFA,id00079,id00079,https://www.youtube.com/watch?v=test_fake_000379,0,15,tts
fake_000380,RVFA,id00080,id00080,https://www.youtube.com/watch?v=test_fake_000380,0,15,tts
fake_000381,RVFA,id00081,id00081,https://www.youtube.com/watch?v=test_fake_000381,0,15,tts
fake_000382,RVFA,id00082,id00082,https://www.youtube.com/watch?v=test_fake_000382,0,15,tts
fake_000383,RVFA,id00083,id00083,https://www.youtube.com/watch?v=test_fake_000383,0,15,tts
fake_000384,RVFA,id00084,id00084,https://www.youtube.com/watch?v=test_fake_000384,0,15,tts
fake_000385,RVFA,id00085,id00085,https://www.youtube.com/watch?v=test_fake_000385,0,15,tts
fake_000386,RVFA,id00086,id00086,https://www.youtube.com/watch?v=test_fake_000386,0,15,tts
fake_000387,RVFA,id00087,id00087,https://www.youtube.com/watch?v=test_fake_000387,0,15,tts
fake_000388,RVFA,id00088,id00088,https://www.youtube.com/watch?v=test_fake_000388,0,15,tts
fake_000389,RVFA,id00089,id00089,https://www.youtube.com/watch?v=test_fake_000389,0,15,tts
fake_000390,RVFA,id00090,id00090,https://www.youtube.com/watch?v=test_fake_000390,0,15,tts
fake_000391,RVFA,id00091,id00091,https://www.youtube.com/watch?v=test_fake_000391,0,15,tts
fake_000392,RVFA,id00092,id00092,https://www.youtube.com/watch?v=test_fake_000392,0,15,tts
fake_000393,RVFA,id00093,id00093,https://www.youtube.com/watch?v=test_fake_000393,0,15,tts
fake_000394,RVFA,id00094,id00094,https://www.youtube.com/watch?v=test_fake_000394,0,15,tts
fake_000395,RVFA,id00095,id00095,https://www.youtube.com/watch?v=test_fake_000395,0,15,tts
fake_000396,RVFA,id00096,id00096,https://www.youtube.com/watch?v=test_fake_000396,0,15,tts
fake_000397,RVFA,id00097,id00097,https://www.youtube.com/watch?v=test_fake_000397,0,15,tts
fake_000398,RVFA,id00098,id00098,https://www.youtube.com/watch?v=test_fake_000398,0,15,tts
fake_000399,RVFA,id00099,id00099,https://www.youtube.com/watch?v=test_fake_000399,0,15,tts
fake_000400,RVFA,id00000,id00000,https://www.youtube.com/watch?v=test_fake_000400,0,15,tts
fake_000401,RVFA,id00001,id00001,https://www.youtube.com/watch?v=test_fake_000401,0,15,tts
fake_000402,RVFA,id00002,id00002,https://www.youtube.com/watch?v=test_fake_000402,0,15,tts
fake_000403,RVFA,id00003,id00003,https://www.youtube.com/watch?v=test_fake_000403,0,15,tts
fake_000404,RVFA,id00004,id00004,https://www.youtube.com/watch?v=test_fake_000404,0,15,tts
fake_000405,RVFA,id00005,id00005,https://www.youtube.com/watch?v=test_fake_000405,0,15,tts
fake_000406,RVFA,id00006,id00006,https://www.youtube.com/watch?v=test_fake_000406,0,15,tts
fake_000407,RVFA,id00007,id00007,https://www.youtube.com/watch?v=test_fake_000407,0,15,tts
fake_000408,RVFA,id00008,id00008,https://www.youtube.com/watch?v=test_fake_000408,0,15,tts
fake_000409,RVFA,id00009,id00009,https://www.youtube.com/watch?v=test_fake_000409,0,15,tts
fake_000410,RVFA,id00010,id00010,https://www.youtube.com/watch?v=test_fake_000410,0,15,tts
fake_000411,RVFA,id00011,id00011,https://www.youtube.com/watch?v=test_fake_000411,0,15,tts
fake_000412,RVFA,id00012,id00012,https://www.youtube.com/watch?v=test_fake_000412,0,15,tts
fake_000413,RVFA,id00013,id00013,https://www.youtube.com/watch?v=test_fake_000413,0,15,tts
fake_000414,RVFA,id00014,id00014,https://www.youtube.com/watch?v=test_fake_000414,0,15,tts
fake_000415,RVFA,id00015,id00015,https://www.youtube.com/watch?v=test_fake_000415,0,15,tts
fake_000416,RVFA,id00016,id00016,https://www.youtube.com/watch?v=test_fake_000416,0,15,tts
fake_000417,RVFA,id00017,id00017,https://www.youtube.com/watch?v=test_fake_000417,0,15,tts
fake_000418,RVFA,id00018,id00018,https://www.youtube.com/watch?v=test_fake_000418,0,15,tts
fake_000419,RVFA,id00019,id00019,https://www.youtube.com/watch?v=test_fake_000419,0,15,tts
fake_000420,RVFA,id00020,id00020,https://www.youtube.com/watch?v=test_fake_000420,0,15,tts
fake_000421,RVFA,id00021,id00021,https://www.youtube.com/watch?v=test_fake_000421,0,15,tts
fake_000422,RVFA,id00022,id00022,https://www.youtube.com/watch?v=test_fake_000422,0,15,tts
fake_000423,RVFA,id00023,id00023,https://www.youtube.com/watch?v=test_fake_000423,0,15,tts
fake_000424,RVFA,id00024,id00024,https://www.youtube.com/watch?v=test_fake_000424,0,15,tts
fake_000425,RVFA,id00025,id00025,https://www.youtube.com/watch?v=test_fake_000425,0,15,tts
fake_000426,RVFA,id00026,id00026,https://www.youtube.com/watch?v=test_fake_000426,0,15,tts
fake_000427,RVFA,id00027,id00027,https://www.youtube.com/watch?v=test_fake_000427,0,15,tts
fake_000428,RVFA,id00028,id00028,https://www.youtube.com/watch?v=test_fake_000428,0,15,tts
fake_000429,RVFA,id00029,id00029,https://www.youtube.com/watch?v=test_fake_000429,0,15,tts
fake_000430,RVFA,id00030,id00030,https://www.youtube.com/watch?v=test_fake_000430,0,15,tts
fake_000431,RVFA,id00031,id00031,https://www.youtube.com/watch?v=test_fake_000431,0,15,tts
fake_000432,RVFA,id00032,id00032,https://www.youtube.com/watch?v=test_fake_000432,0,15,tts
fake_000433,RVFA,id00033,id00033,https://www.youtube.com/watch?v=test_fake_000433,0,15,tts
fake_000434,RVFA,id00034,id00034,https://www.youtube.com/watch?v=test_fake_000434,0,15,tts
fake_000435,RVFA,id00035,id00035,https://www.youtube.com/watch?v=test_fake_000435,0,15,tts
fake_000436,RVFA,id00036,id00036,https://www.youtube.com/watch?v=test_fake_000436,0,15,tts
fake_000437,RVFA,id00037,id00037,https://www.youtube.com/watch?v=test_fake_000437,0,15,tts
fake_000438,RVFA,id00038,id00038,https://www.youtube.com/watch?v=test_fake_000438,0,15,tts
fake_000439,RVFA,id00039,id00039,https://www.youtube.com/watch?v=test_fake_000439,0,15,tts
fake_000440,RVFA,id00040,id00040,https://www.youtube.com/watch?v=test_fake_000440,0,15,tts
fake_000441,RVFA,id00041,id00041,https://www.youtube.com/watch?v=test_fake_000441,0,15,tts
fake_000442,RVFA,id00042,id00042,https://www.youtube.com/watch?v=test_fake_000442,0,15,tts
fake_000443,RVFA,id00043,id00043,https://www.youtube.com/watch?v=test_fake_000443,0,15,tts
fake_000444,RVFA,id00044,id00044,https://www.youtube.com/watch?v=test_fake_000444,0,15,tts
fake_000445,RVFA,id00045,id00045,https://www.youtube.com/watch?v=test_fake_000445,0,15,tts
fake_000446,RVFA,id00046,id00046,https://www.youtube.com/watch?v=test_fake_000446,0,15,tts
fake_000447,RVFA,id00047,id00047,https://www.youtube.com/watch?v=test_fake_000447,0,15,tts
fake_000448,RVFA,id00048,id00048,https://www.youtube.com/watch?v=test_fake_000448,0,15,tts
fake_000449,RVFA,id00049,id00049,https://www.youtube.com/watch?v=test_fake_000449,0,15,tts
fake_000450,RVFA,id00050,id00050,https://www.youtube.com/watch?v=test_fake_000450,0,15,tts
fake_000451,RVFA,id00051,id00051,https://www.youtube.com/watch?v=test_fake_000451,0,15,tts
fake_000452,RVFA,id00052,id00052,https://www.youtube.com/watch?v=test_fake_000452,0,15,tts
fake_000453,RVFA,id00053,id00053,https://www.youtube.com/watch?v=test_fake_000453,0,15,tts
fake_000454,RVFA,id00054,id00054,https://www.youtube.com/watch?v=test_fake_000454,0,15,tts
fake_000455,RVFA,id00055,id00055,https://www.youtube.com/watch?v=test_fake_000455,0,15,tts
fake_000456,RVFA,id00056,id00056,https://www.youtube.com/watch?v=test_fake_000456,0,15,tts
fake_000457,RVFA,id00057,id00057,https://www.youtube.com/watch?v=test_fake_000457,0,15,tts
fake_000458,RVFA,id00058,id00058,https://www.youtube.com/watch?v=test_fake_000458,0,15,tts
fake_000459,RVFA,id00059,id00059,https://www.youtube.com/watch?v=test_fake_000459,0,15,tts
fake_000460,RVFA,id00060,id00060,https://www.youtube.com/watch?v=test_fake_000460,0,15,tts
fake_000461,RVFA,id00061,id00061,https://www.youtube.com/watch?v=test_fake_000461,0,15,tts
fake_000462,RVFA,id00062,id00062,https://www.youtube.com/watch?v=test_fake_000462,0,15,tts
fake_000463,RVFA,id00063,id00063,https://www.youtube.com/watch?v=test_fake_000463,0,15,tts
fake_000464,RVFA,id00064,id00064,https://www.youtube.com/watch?v=test_fake_000464,0,15,tts
fake_000465,RVFA,id00065,id00065,https://www.youtube.com/watch?v=test_fake_000465,0,15,tts
fake_000466,RVFA,id00066,id00066,https://www.youtube.com/watch?v=test_fake_000466,0,15,tts
fake_000467,RVFA,id00067,id00067,https://www.youtube.com/watch?v=test_fake_000467,0,15,tts
fake_000468,RVFA,id00068,id00068,https://www.youtube.com/watch?v=test_fake_000468,0,15,tts
fake_000469,RVFA,id00069,id00069,https://www.youtube.com/watch?v=test_fake_000469,0,15,tts
fake_000470,RVFA,id00070,id00070,https://www.youtube.com/watch?v=test_fake_000470,0,15,tts
fake_000471,RVFA,id00071,id00071,https://www.youtube.com/watch?v=test_fake_000471,0,15,tts
fake_000472,RVFA,id00072,id00072,https://www.youtube.com/watch?v=test_fake_000472,0,15,tts
fake_000473,RVFA,id00073,id00073,https://www.youtube.com/watch?v=test_fake_000473,0,15,tts
fake_000474,RVFA,id00074,id00074,https://www.youtube.com/watch?v=test_fake_000474,0,15,tts
fake_000475,RVFA,id00075,id00075,https://www.youtube.com/watch?v=test_fake_000475,0,15,tts
fake_000476,RVFA,id00076,id00076,https://www.youtube.com/watch?v=test_fake_000476,0,15,tts
fake_000477,RVFA,id00077,id00077,https://www.youtube.com/watch?v=test_fake_000477,0,15,tts
fake_000478,RVFA,id00078,id00078,https://www.youtube.com/watch?v=test_fake_000478,0,15,tts
fake_000479,RVFA,id00079,id00079,https://www.youtube.com/watch?v=test_fake_000479,0,15,tts
fake_000480,RVFA,id00080,id00080,https://www.youtube.com/watch?v=test_fake_000480,0,15,tts
fake_000481,RVFA,id00081,id00081,https://www.youtube.com/watch?v=test_fake_000481,0,15,tts
fake_000482,RVFA,id00082,id00082,https://www.youtube.com/watch?v=test_fake_000482,0,15,tts
fake_000483,RVFA,id00083,id00083,https://www.youtube.com/watch?v=test_fake_000483,0,15,tts
fake_000484,RVFA,id00084,id00084,https://www.youtube.com/watch?v=test_fake_000484,0,15,tts
fake_000485,RVFA,id00085,id00085,https://www.youtube.com/watch?v=test_fake_000485,0,15,tts
fake_000486,RVFA,id00086,id00086,https://www.youtube.com/watch?v=test_fake_000486,0,15,tts
fake_000487,RVFA,id00087,id00087,https://www.youtube.com/watch?v=test_fake_000487,0,15,tts
fake_000488,RVFA,id00088,id00088,https://www.youtube.com/watch?v=test_fake_000488,0,15,tts
fake_000489,RVFA,id00089,id00089,https://www.youtube.com/watch?v=test_fake_000489,0,15,tts
fake_000490,RVFA,id00090,id00090,https://www.youtube.com/watch?v=test_fake_000490,0,15,tts
fake_000491,RVFA,id00091,id00091,https://www.youtube.com/watch?v=test_fake_000491,0,15,tts
fake_000492,RVFA,id00092,id00092,https://www.youtube.com/watch?v=test_fake_000492,0,15,tts
fake_000493,RVFA,id00093,id00093,https://www.youtube.com/watch?v=test_fake_000493,0,15,tts
fake_000494,RVFA,id00094,id00094,https://www.youtube.com/watch?v=test_fake_000494,0,15,tts
fake_000495,RVFA,id00095,id00095,https://www.youtube.com/watch?v=test_fake_000495,0,15,tts
fake_000496,RVFA,id00096,id00096,https://www.youtube.com/watch?v=test_fake_000496,0,15,tts
fake_000497,RVFA,id00097,id00097,https://www.youtube.com/watch?v=test_fake_000497,0,15,tts
fake_000498,RVFA,id00098,id00098,https://www.youtube.com/watch?v=test_fake_000498,0,15,tts
fake_000499,RVFA,id00099,id00099,https://www.youtube.com/watch?v=test_fake_000499,0,15,tts
fake_000500,RVFA,id00000,id00000,https://www.youtube.com/watch?v=test_fake_000500,0,15,tts
fake_000501,RVFA,id00001,id00001,https://www.youtube.com/watch?v=test_fake_000501,0,15,tts
fake_000502,RVFA,id00002,id00002,https://www.youtube.com/watch?v=test_fake_000502,0,15,tts
fake_000503,RVFA,id00003,id00003,https://www.youtube.com/watch?v=test_fake_000503,0,15,tts
fake_000504,RVFA,id00004,id00004,https://www.youtube.com/watch?v=test_fake_000504,0,15,tts
fake_000505,RVFA,id00005,id00005,https://www.youtube.com/watch?v=test_fake_000505,0,15,tts
fake_000506,RVFA,id00006,id00006,https://www.youtube.com/watch?v=test_fake_000506,0,15,tts
fake_000507,RVFA,id00007,id00007,https://www.youtube.com/watch?v=test_fake_000507,0,15,tts
fake_000508,RVFA,id00008,id00008,https://www.youtube.com/watch?v=test_fake_000508,0,15,tts
fake_000509,RVFA,id00009,id00009,https://www.youtube.com/watch?v=test_fake_000509,0,15,tts
fake_000510,RVFA,id00010,id00010,https://www.youtube.com/watch?v=test_fake_000510,0,15,tts
fake_000511,RVFA,id00011,id00011,https://www.youtube.com/watch?v=test_fake_000511,0,15,tts
fake_000512,RVFA,id00012,id00012,https://www.youtube.com/watch?v=test_fake_000512,0,15,tts
fake_000513,RVFA,id00013,id00013,https://www.youtube.com/watch?v=test_fake_000513,0,15,tts
fake_000514,RVFA,id00014,id00014,https://www.youtube.com/watch?v=test_fake_000514,0,15,tts
fake_000515,RVFA,id00015,id00015,https://www.youtube.com/watch?v=test_fake_000515,0,15,tts
fake_000516,RVFA,id00016,id00016,https://www.youtube.com/watch?v=test_fake_000516,0,15,tts
fake_000517,RVFA,id00017,id00017,https://www.youtube.com/watch?v=test_fake_000517,0,15,tts
fake_000518,RVFA,id00018,id00018,https://www.youtube.com/watch?v=test_fake_000518,0,15,tts
fake_000519,RVFA,id00019,id00019,https://www.youtube.com/watch?v=test_fake_000519,0,15,tts
fake_000520,RVFA,id00020,id00020,https://www.youtube.com/watch?v=test_fake_000520,0,15,tts
fake_000521,RVFA,id00021,id00021,https://www.youtube.com/watch?v=test_fake_000521,0,15,tts
fake_000522,RVFA,id00022,id00022,https://www.youtube.com/watch?v=test_fake_000522,0,15,tts
fake_000523,RVFA,id00023,id00023,https://www.youtube.com/watch?v=test_fake_000523,0,15,tts
fake_000524,RVFA,id00024,id00024,https://www.youtube.com/watch?v=test_fake_000524,0,15,tts
fake_000525,RVFA,id00025,id00025,https://www.youtube.com/watch?v=test_fake_000525,0,15,tts
fake_000526,RVFA,id00026,id00026,https://www.youtube.com/watch?v=test_fake_000526,0,15,tts
fake_000527,RVFA,id00027,id00027,https://www.youtube.com/watch?v=test_fake_000527,0,15,tts
fake_000528,RVFA,id00028,id00028,https://www.youtube.com/watch?v=test_fake_000528,0,15,tts
fake_000529,RVFA,id00029,id00029,https://www.youtube.com/watch?v=test_fake_000529,0,15,tts
fake_000530,RVFA,id00030,id00030,https://www.youtube.com/watch?v=test_fake_000530,0,15,tts
fake_000531,RVFA,id00031,id00031,https://www.youtube.com/watch?v=test_fake_000531,0,15,tts
fake_000532,RVFA,id00032,id00032,https://www.youtube.com/watch?v=test_fake_000532,0,15,tts
fake_000533,RVFA,id00033,id00033,https://www.youtube.com/watch?v=test_fake_000533,0,15,tts
fake_000534,RVFA,id00034,id00034,https://www.youtube.com/watch?v=test_fake_000534,0,15,tts
fake_000535,RVFA,id00035,id00035,https://www.youtube.com/watch?v=test_fake_000535,0,15,tts
fake_000536,RVFA,id00036,id00036,https://www.youtube.com/watch?v=test_fake_000536,0,15,tts
fake_000537,RVFA,id00037,id00037,https://www.youtube.com/watch?v=test_fake_000537,0,15,tts
fake_000538,RVFA,id00038,id00038,https://www.youtube.com/watch?v=test_fake_000538,0,15,tts
fake_000539,RVFA,id00039,id00039,https://www.youtube.com/watch?v=test_fake_000539,0,15,tts
fake_000540,RVFA,id00040,id00040,https://www.youtube.com/watch?v=test_fake_000540,0,15,tts
fake_000541,RVFA,id00041,id00041,https://www.youtube.com/watch?v=test_fake_000541,0,15,tts
fake_000542,RVFA,id00042,id00042,https://www.youtube.com/watch?v=test_fake_000542,0,15,tts
fake_000543,RVFA,id00043,id00043,https://www.youtube.com/watch?v=test_fake_000543,0,15,tts
fake_000544,RVFA,id00044,id00044,https://www.youtube.com/watch?v=test_fake_000544,0,15,tts
fake_000545,RVFA,id00045,id00045,https://www.youtube.com/watch?v=test_fake_000545,0,15,tts
fake_000546,RVFA,id00046,id00046,https://www.youtube.com/watch?v=test_fake_000546,0,15,tts
fake_000547,RVFA,id00047,id00047,https://www.youtube.com/watch?v=test_fake_000547,0,15,tts
fake_000548,RVFA,id00048,id00048,https://www.youtube.com/watch?v=test_fake_000548,0,15,tts
fake_000549,RVFA,id00049,id00049,https://www.youtube.com/watch?v=test_fake_000549,0,15,tts
fake_000550,RVFA,id00050,id00050,https://www.youtube.com/watch?v=test_fake_000550,0,15,tts
fake_000551,RVFA,id00051,id00051,https://www.youtube.com/watch?v=test_fake_000551,0,15,tts
fake_000552,RVFA,id00052,id00052,https://www.youtube.com/watch?v=test_fake_000552,0,15,tts
fake_000553,RVFA,id00053,id00053,https://www.youtube.com/watch?v=test_fake_000553,0,15,tts
fake_000554,RVFA,id00054,id00054,https://www.youtube.com/watch?v=test_fake_000554,0,15,tts
fake_000555,RVFA,id00055,id00055,https://www.youtube.com/watch?v=test_fake_000555,0,15,tts
fake_000556,RVFA,id00056,id00056,https://www.youtube.com/watch?v=test_fake_000556,0,15,tts
fake_000557,RVFA,id00057,id00057,https://www.youtube.com/watch?v=test_fake_000557,0,15,tts
fake_000558,RVFA,id00058,id00058,https://www.youtube.com/watch?v=test_fake_000558,0,15,tts
fake_000559,RVFA,id00059,id00059,https://www.youtube.com/watch?v=test_fake_000559,0,15,tts
fake_000560,RVFA,id00060,id00060,https://www.youtube.com/watch?v=test_fake_000560,0,15,tts
fake_000561,RVFA,id00061,id00061,https://www.youtube.com/watch?v=test_fake_000561,0,15,tts
fake_000562,RVFA,id00062,id00062,https://www.youtube.com/watch?v=test_fake_000562,0,15,tts
fake_000563,RVFA,id00063,id00063,https://www.youtube.com/watch?v=test_fake_000563,0,15,tts
fake_000564,RVFA,id00064,id00064,https://www.youtube.com/watch?v=test_fake_000564,0,15,tts
fake_000565,RVFA,id00065,id00065,https://www.youtube.com/watch?v=test_fake_000565,0,15,tts
fake_000566,RVFA,id00066,id00066,https://www.youtube.com/watch?v=test_fake_000566,0,15,tts
fake_000567,RVFA,id00067,id00067,https://www.youtube.com/watch?v=test_fake_000567,0,15,tts
fake_000568,RVFA,id00068,id00068,https://www.youtube.com/watch?v=test_fake_000568,0,15,tts
fake_000569,RVFA,id00069,id00069,https://www.youtube.com/watch?v=test_fake_000569,0,15,tts
fake_000570,RVFA,id00070,id00070,https://www.youtube.com/watch?v=test_fake_000570,0,15,tts
fake_000571,RVFA,id00071,id00071,https://www.youtube.com/watch?v=test_fake_000571,0,15,tts
fake_000572,RVFA,id00072,id00072,https://www.youtube.com/watch?v=test_fake_000572,0,15,tts
fake_000573,RVFA,id00073,id00073,https://www.youtube.com/watch?v=test_fake_000573,0,15,tts
fake_000574,RVFA,id00074,id00074,https://www.youtube.com/watch?v=test_fake_000574,0,15,tts
fake_000575,RVFA,id00075,id00075,https://www.youtube.com/watch?v=test_fake_000575,0,15,tts
fake_000576,RVFA,id00076,id00076,https://www.youtube.com/watch?v=test_fake_000576,0,15,tts
fake_000577,RVFA,id00077,id00077,https://www.youtube.com/watch?v=test_fake_000577,0,15,tts
fake_000578,RVFA,id00078,id00078,https://www.youtube.com/watch?v=test_fake_000578,0,15,tts
fake_000579,RVFA,id00079,id00079,https://www.youtube.com/watch?v=test_fake_000579,0,15,tts
fake_000580,RVFA,id00080,id00080,https://www.youtube.com/watch?v=test_fake_000580,0,15,tts
fake_000581,RVFA,id00081,id00081,https://www.youtube.com/watch?v=test_fake_000581,0,15,tts
fake_000582,RVFA,id00082,id00082,https://www.youtube.com/watch?v=test_fake_000582,0,15,tts
fake_000583,RVFA,id00083,id00083,https://www.youtube.com/watch?v=test_fake_000583,0,15,tts
fake_000584,RVFA,id00084,id00084,https://www.youtube.com/watch?v=test_fake_000584,0,15,tts
fake_000585,RVFA,id00085,id00085,https://www.youtube.com/watch?v=test_fake_000585,0,15,tts
fake_000586,RVFA,id00086,id00086,https://www.youtube.com/watch?v=test_fake_000586,0,15,tts
fake_000587,RVFA,id00087,id00087,https://www.youtube.com/watch?v=test_fake_000587,0,15,tts
fake_000588,RVFA,id00088,id00088,https://www.youtube.com/watch?v=test_fake_000588,0,15,tts
fake_000589,RVFA,id00089,id00089,https://www.youtube.com/watch?v=test_fake_000589,0,15,tts
fake_000590,RVFA,id00090,id00090,https://www.youtube.com/watch?v=test_fake_000590,0,15,tts
fake_000591,RVFA,id00091,id00091,https://www.youtube.com/watch?v=test_fake_000591,0,15,tts
fake_000592,RVFA,id00092,id00092,https://www.youtube.com/watch?v=test_fake_000592,0,15,tts
fake_000593,RVFA,id00093,id00093,https://www.youtube.com/watch?v=test_fake_000593,0,15,tts
fake_000594,RVFA,id00094,id00094,https://www.youtube.com/watch?v=test_fake_000594,0,15,tts
fake_000595,RVFA,id00095,id00095,https://www.youtube.com/watch?v=test_fake_000595,0,15,tts
fake_000596,RVFA,id00096,id00096,https://www.youtube.com/watch?v=test_fake_000596,0,15,tts
fake_000597,RVFA,id00097,id00097,https://www.youtube.com/watch?v=test_fake_000597,0,15,tts
fake_000598,RVFA,id00098,id00098,https://www.youtube.com/watch?v=test_fake_000598,0,15,tts
fake_000599,RVFA,id00099,id00099,https://www.youtube.com/watch?v=test_fake_000599,0,15,tts
fake_000600,RVFA,id00000,id00000,https://www.youtube.com/watch?v=test_fake_000600,0,15,tts
fake_000601,RVFA,id00001,id00001,https://www.youtube.com/watch?v=test_fake_000601,0,15,tts
fake_000602,RVFA,id00002,id00002,https://www.youtube.com/watch?v=test_fake_000602,0,15,tts
fake_000603,RVFA,id00003,id00003,https://www.youtube.com/watch?v=test_fake_000603,0,15,tts
fake_000604,RVFA,id00004,id00004,https://www.youtube.com/watch?v=test_fake_000604,0,15,tts
fake_000605,RVFA,id00005,id00005,https://www.youtube.com/watch?v=test_fake_000605,0,15,tts
fake_000606,RVFA,id00006,id00006,https://www.youtube.com/watch?v=test_fake_000606,0,15,tts
fake_000607,RVFA,id00007,id00007,https://www.youtube.com/watch?v=test_fake_000607,0,15,tts
fake_000608,RVFA,id00008,id00008,https://www.youtube.com/watch?v=test_fake_000608,0,15,tts
fake_000609,RVFA,id00009,id00009,https://www.youtube.com/watch?v=test_fake_000609,0,15,tts
fake_000610,RVFA,id00010,id00010,https://www.youtube.com/watch?v=test_fake_000610,0,15,tts
fake_000611,RVFA,id00011,id00011,https://www.youtube.com/watch?v=test_fake_000611,0,15,tts
fake_000612,RVFA,id00012,id00012,https://www.youtube.com/watch?v=test_fake_000612,0,15,tts
fake_000613,RVFA,id00013,id00013,https://www.youtube.com/watch?v=test_fake_000613,0,15,tts
fake_000614,RVFA,id00014,id00014,https://www.youtube.com/watch?v=test_fake_000614,0,15,tts
fake_000615,RVFA,id00015,id00015,https://www.youtube.com/watch?v=test_fake_000615,0,15,tts
fake_000616,RVFA,id00016,id00016,https://www.youtube.com/watch?v=test_fake_000616,0,15,tts
fake_000617,RVFA,id00017,id00017,https://www.youtube.com/watch?v=test_fake_000617,0,15,tts
fake_000618,RVFA,id00018,id00018,https://www.youtube.com/watch?v=test_fake_000618,0,15,tts
fake_000619,RVFA,id00019,id00019,https://www.youtube.com/watch?v=test_fake_000619,0,15,tts
fake_000620,RVFA,id00020,id00020,https://www.youtube.com/watch?v=test_fake_000620,0,15,tts
fake_000621,RVFA,id00021,id00021,https://www.youtube.com/watch?v=test_fake_000621,0,15,tts
fake_000622,RVFA,id00022,id00022,https://www.youtube.com/watch?v=test_fake_000622,0,15,tts
fake_000623,RVFA,id00023,id00023,https://www.youtube.com/watch?v=test_fake_000623,0,15,tts
fake_000624,RVFA,id00024,id00024,https://www.youtube.com/watch?v=test_fake_000624,0,15,tts
fake_000625,RVFA,id00025,id00025,https://www.youtube.com/watch?v=test_fake_000625,0,15,tts
fake_000626,RVFA,id00026,id00026,https://www.youtube.com/watch?v=test_fake_000626,0,15,tts
fake_000627,RVFA,id00027,id00027,https://www.youtube.com/watch?v=test_fake_000627,0,15,tts
fake_000628,RVFA,id00028,id00028,https://www.youtube.com/watch?v=test_fake_000628,0,15,tts
fake_000629,RVFA,id00029,id00029,https://www.youtube.com/watch?v=test_fake_000629,0,15,tts
fake_000630,RVFA,id00030,id00030,https://www.youtube.com/watch?v=test_fake_000630,0,15,tts
fake_000631,RVFA,id00031,id00031,https://www.youtube.com/watch?v=test_fake_000631,0,15,tts
fake_000632,RVFA,id00032,id00032,https://www.youtube.com/watch?v=test_fake_000632,0,15,tts
fake_000633,RVFA,id00033,id00033,https://www.youtube.com/watch?v=test_fake_000633,0,15,tts
fake_000634,RVFA,id00034,id00034,https://www.youtube.com/watch?v=test_fake_000634,0,15,tts
fake_000635,RVFA,id00035,id00035,https://www.youtube.com/watch?v=test_fake_000635,0,15,tts
fake_000636,RVFA,id00036,id00036,https://www.youtube.com/watch?v=test_fake_000636,0,15,tts
fake_000637,RVFA,id00037,id00037,https://www.youtube.com/watch?v=test_fake_000637,0,15,tts
fake_000638,RVFA,id00038,id00038,https://www.youtube.com/watch?v=test_fake_000638,0,15,tts
fake_000639,RVFA,id00039,id00039,https://www.youtube.com/watch?v=test_fake_000639,0,15,tts
fake_000640,RVFA,id00040,id00040,https://www.youtube.com/watch?v=test_fake_000640,0,15,tts
fake_000641,RVFA,id00041,id00041,https://www.youtube.com/watch?v=test_fake_000641,0,15,tts
fake_000642,RVFA,id00042,id00042,https://www.youtube.com/watch?v=test_fake_000642,0,15,tts
fake_000643,RVFA,id00043,id00043,https://www.youtube.com/watch?v=test_fake_000643,0,15,tts
fake_000644,RVFA,id00044,id00044,https://www.youtube.com/watch?v=test_fake_000644,0,15,tts
fake_000645,RVFA,id00045,id00045,https://www.youtube.com/watch?v=test_fake_000645,0,15,tts
fake_000646,RVFA,id00046,id00046,https://www.youtube.com/watch?v=test_fake_000646,0,15,tts
fake_000647,RVFA,id00047,id00047,https://www.youtube.com/watch?v=test_fake_000647,0,15,tts
fake_000648,RVFA,id00048,id00048,https://www.youtube.com/watch?v=test_fake_000648,0,15,tts
fake_000649,RVFA,id00049,id00049,https://www.youtube.com/watch?v=test_fake_000649,0,15,tts
fake_000650,RVFA,id00050,id00050,https://www.youtube.com/watch?v=test_fake_000650,0,15,tts
fake_000651,RVFA,id00051,id00051,https://www.youtube.com/watch?v=test_fake_000651,0,15,tts
fake_000652,RVFA,id00052,id00052,https://www.youtube.com/watch?v=test_fake_000652,0,15,tts
fake_000653,RVFA,id00053,id00053,https://www.youtube.com/watch?v=test_fake_000653,0,15,tts
fake_000654,RVFA,id00054,id00054,https://www.youtube.com/watch?v=test_fake_000654,0,15,tts
fake_000655,RVFA,id00055,id00055,https://www.youtube.com/watch?v=test_fake_000655,0,15,tts
fake_000656,RVFA,id00056,id00056,https://www.youtube.com/watch?v=test_fake_000656,0,15,tts
fake_000657,RVFA,id00057,id00057,https://www.youtube.com/watch?v=test_fake_000657,0,15,tts
fake_000658,RVFA,id00058,id00058,https://www.youtube.com/watch?v=test_fake_000658,0,15,tts
fake_000659,RVFA,id00059,id00059,https://www.youtube.com/watch?v=test_fake_000659,0,15,tts
fake_000660,RVFA,id00060,id00060,https://www.youtube.com/watch?v=test_fake_000660,0,15,tts
fake_000661,RVFA,id00061,id00061,https://www.youtube.com/watch?v=test_fake_000661,0,15,tts
fake_000662,RVFA,id00062,id00062,https://www.youtube.com/watch?v=test_fake_000662,0,15,tts
fake_000663,RVFA,id00063,id00063,https://www.youtube.com/watch?v=test_fake_000663,0,15,tts
fake_000664,RVFA,id00064,id00064,https://www.youtube.com/watch?v=test_fake_000664,0,15,tts
fake_000665,RVFA,id00065,id00065,https://www.youtube.com/watch?v=test_fake_000665,0,15,tts
fake_000666,RVFA,id00066,id00066,https://www.youtube.com/watch?v=test_fake_000666,0,15,tts
fake_000667,RVFA,id00067,id00067,https://www.youtube.com/watch?v=test_fake_000667,0,15,tts
fake_000668,RVFA,id00068,id00068,https://www.youtube.com/watch?v=test_fake_000668,0,15,tts
fake_000669,RVFA,id00069,id00069,https://www.youtube.com/watch?v=test_fake_000669,0,15,tts
fake_000670,RVFA,id00070,id00070,https://www.youtube.com/watch?v=test_fake_000670,0,15,tts
fake_000671,RVFA,id00071,id00071,https://www.youtube.com/watch?v=test_fake_000671,0,15,tts
fake_000672,RVFA,id00072,id00072,https://www.youtube.com/watch?v=test_fake_000672,0,15,tts
fake_000673,RVFA,id00073,id00073,https://www.youtube.com/watch?v=test_fake_000673,0,15,tts
fake_000674,RVFA,id00074,id00074,https://www.youtube.com/watch?v=test_fake_000674,0,15,tts
fake_000675,RVFA,id00075,id00075,https://www.youtube.com/watch?v=test_fake_000675,0,15,tts
fake_000676,RVFA,id00076,id00076,https://www.youtube.com/watch?v=test_fake_000676,0,15,tts
fake_000677,RVFA,id00077,id00077,https://www.youtube.com/watch?v=test_fake_000677,0,15,tts
fake_000678,RVFA,id00078,id00078,https://www.youtube.com/watch?v=test_fake_000678,0,15,tts
fake_000679,RVFA,id00079,id00079,https://www.youtube.com/watch?v=test_fake_000679,0,15,tts
fake_000680,RVFA,id00080,id00080,https://www.youtube.com/watch?v=test_fake_000680,0,15,tts
fake_000681,RVFA,id00081,id00081,https://www.youtube.com/watch?v=test_fake_000681,0,15,tts
fake_000682,RVFA,id00082,id00082,https://www.youtube.com/watch?v=test_fake_000682,0,15,tts
fake_000683,RVFA,id00083,id00083,https://www.youtube.com/watch?v=test_fake_000683,0,15,tts
fake_000684,RVFA,id00084,id00084,https://www.youtube.com/watch?v=test_fake_000684,0,15,tts
fake_000685,RVFA,id00085,id00085,https://www.youtube.com/watch?v=test_fake_000685,0,15,tts
fake_000686,RVFA,id00086,id00086,https://www.youtube.com/watch?v=test_fake_000686,0,15,tts
fake_000687,RVFA,id00087,id00087,https://www.youtube.com/watch?v=test_fake_000687,0,15,tts
fake_000688,RVFA,id00088,id00088,https://www.youtube.com/watch?v=test_fake_000688,0,15,tts
fake_000689,RVFA,id00089,id00089,https://www.youtube.com/watch?v=test_fake_000689,0,15,tts
fake_000690,RVFA,id00090,id00090,https://www.youtube.com/watch?v=test_fake_000690,0,15,tts
fake_000691,RVFA,id00091,id00091,https://www.youtube.com/watch?v=test_fake_000691,0,15,tts
fake_000692,RVFA,id00092,id00092,https://www.youtube.com/watch?v=test_fake_000692,0,15,tts
fake_000693,RVFA,id00093,id00093,https://www.youtube.com/watch?v=test_fake_000693,0,15,tts
fake_000694,RVFA,id00094,id00094,https://www.youtube.com/watch?v=test_fake_000694,0,15,tts
fake_000695,RVFA,id00095,id00095,https://www.youtube.com/watch?v=test_fake_000695,0,15,tts
fake_000696,RVFA,id00096,id00096,https://www.youtube.com/watch?v=test_fake_000696,0,15,tts
fake_000697,RVFA,id00097,id00097,https://www.youtube.com/watch?v=test_fake_000697,0,15,tts
fake_000698,RVFA,id00098,id00098,https://www.youtube.com/watch?v=test_fake_000698,0,15,tts
fake_000699,RVFA,id00099,id00099,https://www.youtube.com/watch?v=test_fake_000699,0,15,tts
fake_000700,RVFA,id00000,id00000,https://www.youtube.com/watch?v=test_fake_000700,0,15,tts
fake_000701,RVFA,id00001,id00001,https://www.youtube.com/watch?v=test_fake_000701,0,15,tts
fake_000702,RVFA,id00002,id00002,https://www.youtube.com/watch?v=test_fake_000702,0,15,tts
fake_000703,RVFA,id00003,id00003,https://www.youtube.com/watch?v=test_fake_000703,0,15,tts
fake_000704,RVFA,id00004,id00004,https://www.youtube.com/watch?v=test_fake_000704,0,15,tts
fake_000705,RVFA,id00005,id00005,https://www.youtube.com/watch?v=test_fake_000705,0,15,tts
fake_000706,RVFA,id00006,id00006,https://www.youtube.com/watch?v=test_fake_000706,0,15,tts
fake_000707,RVFA,id00007,id00007,https://www.youtube.com/watch?v=test_fake_000707,0,15,tts
fake_000708,RVFA,id00008,id00008,https://www.youtube.com/watch?v=test_fake_000708,0,15,tts
fake_000709,RVFA,id00009,id00009,https://www.youtube.com/watch?v=test_fake_000709,0,15,tts
fake_000710,RVFA,id00010,id00010,https://www.youtube.com/watch?v=test_fake_000710,0,15,tts
fake_000711,RVFA,id00011,id00011,https://www.youtube.com/watch?v=test_fake_000711,0,15,tts
fake_000712,RVFA,id00012,id00012,https://www.youtube.com/watch?v=test_fake_000712,0,15,tts
fake_000713,RVFA,id00013,id00013,https://www.youtube.com/watch?v=test_fake_000713,0,15,tts
fake_000714,RVFA,id00014,id00014,https://www.youtube.com/watch?v=test_fake_000714,0,15,tts
fake_000715,RVFA,id00015,id00015,https://www.youtube.com/watch?v=test_fake_000715,0,15,tts
fake_000716,RVFA,id00016,id00016,https://www.youtube.com/watch?v=test_fake_000716,0,15,tts
fake_000717,RVFA,id00017,id00017,https://www.youtube.com/watch?v=test_fake_000717,0,15,tts
fake_000718,RVFA,id00018,id00018,https://www.youtube.com/watch?v=test_fake_000718,0,15,tts
fake_000719,RVFA,id00019,id00019,https://www.youtube.com/watch?v=test_fake_000719,0,15,tts
fake_000720,RVFA,id00020,id00020,https://www.youtube.com/watch?v=test_fake_000720,0,15,tts
fake_000721,RVFA,id00021,id00021,https://www.youtube.com/watch?v=test_fake_000721,0,15,tts
fake_000722,RVFA,id00022,id00022,https://www.youtube.com/watch?v=test_fake_000722,0,15,tts
fake_000723,RVFA,id00023,id00023,https://www.youtube.com/watch?v=test_fake_000723,0,15,tts
fake_000724,RVFA,id00024,id00024,https://www.youtube.com/watch?v=test_fake_000724,0,15,tts
fake_000725,RVFA,id00025,id00025,https://www.youtube.com/watch?v=test_fake_000725,0,15,tts
fake_000726,RVFA,id00026,id00026,https://www.youtube.com/watch?v=test_fake_000726,0,15,tts
fake_000727,RVFA,id00027,id00027,https://www.youtube.com/watch?v=test_fake_000727,0,15,tts
fake_000728,RVFA,id00028,id00028,https://www.youtube.com/watch?v=test_fake_000728,0,15,tts
fake_000729,RVFA,id00029,id00029,https://www.youtube.com/watch?v=test_fake_000729,0,15,tts
fake_000730,RVFA,id00030,id00030,https://www.youtube.com/watch?v=test_fake_000730,0,15,tts
fake_000731,RVFA,id00031,id00031,https://www.youtube.com/watch?v=test_fake_000731,0,15,tts
fake_000732,RVFA,id00032,id00032,https://www.youtube.com/watch?v=test_fake_000732,0,15,tts
fake_000733,RVFA,id00033,id00033,https://www.youtube.com/watch?v=test_fake_000733,0,15,tts
fake_000734,RVFA,id00034,id00034,https://www.youtube.com/watch?v=test_fake_000734,0,15,tts
fake_000735,RVFA,id00035,id00035,https://www.youtube.com/watch?v=test_fake_000735,0,15,tts
fake_000736,RVFA,id00036,id00036,https://www.youtube.com/watch?v=test_fake_000736,0,15,tts
fake_000737,RVFA,id00037,id00037,https://www.youtube.com/watch?v=test_fake_000737,0,15,tts
fake_000738,RVFA,id00038,id00038,https://www.youtube.com/watch?v=test_fake_000738,0,15,tts
fake_000739,RVFA,id00039,id00039,https://www.youtube.com/watch?v=test_fake_000739,0,15,tts
fake_000740,RVFA,id00040,id00040,https://www.youtube.com/watch?v=test_fake_000740,0,15,tts
fake_000741,RVFA,id00041,id00041,https://www.youtube.com/watch?v=test_fake_000741,0,15,tts
fake_000742,RVFA,id00042,id00042,https://www.youtube.com/watch?v=test_fake_000742,0,15,tts
fake_000743,RVFA,id00043,id00043,https://www.youtube.com/watch?v=test_fake_000743,0,15,tts
fake_000744,RVFA,id00044,id00044,https://www.youtube.com/watch?v=test_fake_000744,0,15,tts
fake_000745,RVFA,id00045,id00045,https://www.youtube.com/watch?v=test_fake_000745,0,15,tts
fake_000746,RVFA,id00046,id00046,https://www.youtube.com/watch?v=test_fake_000746,0,15,tts
fake_000747,RVFA,id00047,id00047,https://www.youtube.com/watch?v=test_fake_000747,0,15,tts
fake_000748,RVFA,id00048,id00048,https://www.youtube.com/watch?v=test_fake_000748,0,15,tts
fake_000749,RVFA,id00049,id00049,https://www.youtube.com/watch?v=test_fake_000749,0,15,tts
fake_000750,RVFA,id00050,id00050,https://www.youtube.com/watch?v=test_fake_000750,0,15,tts
fake_000751,RVFA,id00051,id00051,https://www.youtube.com/watch?v=test_fake_000751,0,15,tts
fake_000752,RVFA,id00052,id00052,https://www.youtube.com/watch?v=test_fake_000752,0,15,tts
fake_000753,RVFA,id00053,id00053,https://www.youtube.com/watch?v=test_fake_000753,0,15,tts
fake_000754,RVFA,id00054,id00054,https://www.youtube.com/watch?v=test_fake_000754,0,15,tts
fake_000755,RVFA,id00055,id00055,https://www.youtube.com/watch?v=test_fake_000755,0,15,tts
fake_000756,RVFA,id00056,id00056,https://www.youtube.com/watch?v=test_fake_000756,0,15,tts
fake_000757,RVFA,id00057,id00057,https://www.youtube.com/watch?v=test_fake_000757,0,15,tts
fake_000758,RVFA,id00058,id00058,https://www.youtube.com/watch?v=test_fake_000758,0,15,tts
fake_000759,RVFA,id00059,id00059,https://www.youtube.com/watch?v=test_fake_000759,0,15,tts
fake_000760,RVFA,id00060,id00060,https://www.youtube.com/watch?v=test_fake_000760,0,15,tts
fake_000761,RVFA,id00061,id00061,https://www.youtube.com/watch?v=test_fake_000761,0,15,tts
fake_000762,RVFA,id00062,id00062,https://www.youtube.com/watch?v=test_fake_000762,0,15,tts
fake_000763,RVFA,id00063,id00063,https://www.youtube.com/watch?v=test_fake_000763,0,15,tts
fake_000764,RVFA,id00064,id00064,https://www.youtube.com/watch?v=test_fake_000764,0,15,tts
fake_000765,RVFA,id00065,id00065,https://www.youtube.com/watch?v=test_fake_000765,0,15,tts
fake_000766,RVFA,id00066,id00066,https://www.youtube.com/watch?v=test_fake_000766,0,15,tts
fake_000767,RVFA,id00067,id00067,https://www.youtube.com/watch?v=test_fake_000767,0,15,tts
fake_000768,RVFA,id00068,id00068,https://www.youtube.com/watch?v=test_fake_000768,0,15,tts
fake_000769,RVFA,id00069,id00069,https://www.youtube.com/watch?v=test_fake_000769,0,15,tts
fake_000770,RVFA,id00070,id00070,https://www.youtube.com/watch?v=test_fake_000770,0,15,tts
fake_000771,RVFA,id00071,id00071,https://www.youtube.com/watch?v=test_fake_000771,0,15,tts
fake_000772,RVFA,id00072,id00072,https://www.youtube.com/watch?v=test_fake_000772,0,15,tts
fake_000773,RVFA,id00073,id00073,https://www.youtube.com/watch?v=test_fake_000773,0,15,tts
fake_000774,RVFA,id00074,id00074,https://www.youtube.com/watch?v=test_fake_000774,0,15,tts
fake_000775,RVFA,id00075,id00075,https://www.youtube.com/watch?v=test_fake_000775,0,15,tts
fake_000776,RVFA,id00076,id00076,https://www.youtube.com/watch?v=test_fake_000776,0,15,tts
fake_000777,RVFA,id00077,id00077,https://www.youtube.com/watch?v=test_fake_000777,0,15,tts
fake_000778,RVFA,id00078,id00078,https://www.youtube.com/watch?v=test_fake_000778,0,15,tts
fake_000779,RVFA,id00079,id00079,https://www.youtube.com/watch?v=test_fake_000779,0,15,tts
fake_000780,RVFA,id00080,id00080,https://www.youtube.com/watch?v=test_fake_000780,0,15,tts
fake_000781,RVFA,id00081,id00081,https://www.youtube.com/watch?v=test_fake_000781,0,15,tts
fake_000782,RVFA,id00082,id00082,https://www.youtube.com/watch?v=test_fake_000782,0,15,tts
fake_000783,RVFA,id00083,id00083,https://www.youtube.com/watch?v=test_fake_000783,0,15,tts
fake_000784,RVFA,id00084,id00084,https://www.youtube.com/watch?v=test_fake_000784,0,15,tts
fake_000785,RVFA,id00085,id00085,https://www.youtube.com/watch?v=test_fake_000785,0,15,tts
fake_000786,RVFA,id00086,id00086,https://www.youtube.com/watch?v=test_fake_000786,0,15,tts
fake_000787,RVFA,id00087,id00087,https://www.youtube.com/watch?v=test_fake_000787,0,15,tts
fake_000788,RVFA,id00088,id00088,https://www.youtube.com/watch?v=test_fake_000788,0,15,tts
fake_000789,RVFA,id00089,id00089,https://www.youtube.com/watch?v=test_fake_000789,0,15,tts
fake_000790,RVFA,id00090,id00090,https://www.youtube.com/watch?v=test_fake_000790,0,15,tts
fake_000791,RVFA,id00091,id00091,https://www.youtube.com/watch?v=test_fake_000791,0,15,tts
fake_000792,RVFA,id00092,id00092,https://www.youtube.com/watch?v=test_fake_000792,0,15,tts
fake_000793,RVFA,id00093,id00093,https://www.youtube.com/watch?v=test_fake_000793,0,15,tts
fake_000794,RVFA,id00094,id00094,https://www.youtube.com/watch?v=test_fake_000794,0,15,tts
fake_000795,RVFA,id00095,id00095,https://www.youtube.com/watch?v=test_fake_000795,0,15,tts
fake_000796,RVFA,id00096,id00096,https://www.youtube.com/watch?v=test_fake_000796,0,15,tts
fake_000797,RVFA,id00097,id00097,https://www.youtube.com/watch?v=test_fake_000797,0,15,tts
fake_000798,RVFA,id00098,id00098,https://www.youtube.com/watch?v=test_fake_000798,0,15,tts
fake_000799,RVFA,id00099,id00099,https://www.youtube.com/watch?v=test_fake_000799,0,15,tts
fake_000800,RVFA,id00000,id00000,https://www.youtube.com/watch?v=test_fake_000800,0,15,tts
fake_000801,RVFA,id00001,id00001,https://www.youtube.com/watch?v=test_fake_000801,0,15,tts
fake_000802,RVFA,id00002,id00002,https://www.youtube.com/watch?v=test_fake_000802,0,15,tts
fake_000803,RVFA,id00003,id00003,https://www.youtube.com/watch?v=test_fake_000803,0,15,tts
fake_000804,RVFA,id00004,id00004,https://www.youtube.com/watch?v=test_fake_000804,0,15,tts
fake_000805,RVFA,id00005,id00005,https://www.youtube.com/watch?v=test_fake_000805,0,15,tts
fake_000806,RVFA,id00006,id00006,https://www.youtube.com/watch?v=test_fake_000806,0,15,tts
fake_000807,RVFA,id00007,id00007,https://www.youtube.com/watch?v=test_fake_000807,0,15,tts
fake_000808,RVFA,id00008,id00008,https://www.youtube.com/watch?v=test_fake_000808,0,15,tts
fake_000809,RVFA,id00009,id00009,https://www.youtube.com/watch?v=test_fake_000809,0,15,tts
fake_000810,RVFA,id00010,id00010,https://www.youtube.com/watch?v=test_fake_000810,0,15,tts
fake_000811,RVFA,id00011,id00011,https://www.youtube.com/watch?v=test_fake_000811,0,15,tts
fake_000812,RVFA,id00012,id00012,https://www.youtube.com/watch?v=test_fake_000812,0,15,tts
fake_000813,RVFA,id00013,id00013,https://www.youtube.com/watch?v=test_fake_000813,0,15,tts
fake_000814,RVFA,id00014,id00014,https://www.youtube.com/watch?v=test_fake_000814,0,15,tts
fake_000815,RVFA,id00015,id00015,https://www.youtube.com/watch?v=test_fake_000815,0,15,tts
fake_000816,RVFA,id00016,id00016,https://www.youtube.com/watch?v=test_fake_000816,0,15,tts
fake_000817,RVFA,id00017,id00017,https://www.youtube.com/watch?v=test_fake_000817,0,15,tts
fake_000818,RVFA,id00018,id00018,https://www.youtube.com/watch?v=test_fake_000818,0,15,tts
fake_000819,RVFA,id00019,id00019,https://www.youtube.com/watch?v=test_fake_000819,0,15,tts
fake_000820,RVFA,id00020,id00020,https://www.youtube.com/watch?v=test_fake_000820,0,15,tts
fake_000821,RVFA,id00021,id00021,https://www.youtube.com/watch?v=test_fake_000821,0,15,tts
fake_000822,RVFA,id00022,id00022,https://www.youtube.com/watch?v=test_fake_000822,0,15,tts
fake_000823,RVFA,id00023,id00023,https://www.youtube.com/watch?v=test_fake_000823,0,15,tts
fake_000824,RVFA,id00024,id00024,https://www.youtube.com/watch?v=test_fake_000824,0,15,tts
fake_000825,RVFA,id00025,id00025,https://www.youtube.com/watch?v=test_fake_000825,0,15,tts
fake_000826,RVFA,id00026,id00026,https://www.youtube.com/watch?v=test_fake_000826,0,15,tts
fake_000827,RVFA,id00027,id00027,https://www.youtube.com/watch?v=test_fake_000827,0,15,tts
fake_000828,RVFA,id00028,id00028,https://www.youtube.com/watch?v=test_fake_000828,0,15,tts
fake_000829,RVFA,id00029,id00029,https://www.youtube.com/watch?v=test_fake_000829,0,15,tts
fake_000830,RVFA,id00030,id00030,https://www.youtube.com/watch?v=test_fake_000830,0,15,tts
fake_000831,RVFA,id00031,id00031,https://www.youtube.com/watch?v=test_fake_000831,0,15,tts
fake_000832,RVFA,id00032,id00032,https://www.youtube.com/watch?v=test_fake_000832,0,15,tts
fake_000833,RVFA,id00033,id00033,https://www.youtube.com/watch?v=test_fake_000833,0,15,tts
fake_000834,RVFA,id00034,id00034,https://www.youtube.com/watch?v=test_fake_000834,0,15,tts
fake_000835,RVFA,id00035,id00035,https://www.youtube.com/watch?v=test_fake_000835,0,15,tts
fake_000836,RVFA,id00036,id00036,https://www.youtube.com/watch?v=test_fake_000836,0,15,tts
fake_000837,RVFA,id00037,id00037,https://www.youtube.com/watch?v=test_fake_000837,0,15,tts
fake_000838,RVFA,id00038,id00038,https://www.youtube.com/watch?v=test_fake_000838,0,15,tts
fake_000839,RVFA,id00039,id00039,https://www.youtube.com/watch?v=test_fake_000839,0,15,tts
fake_000840,RVFA,id00040,id00040,https://www.youtube.com/watch?v=test_fake_000840,0,15,tts
fake_000841,RVFA,id00041,id00041,https://www.youtube.com/watch?v=test_fake_000841,0,15,tts
fake_000842,RVFA,id00042,id00042,https://www.youtube.com/watch?v=test_fake_000842,0,15,tts
fake_000843,RVFA,id00043,id00043,https://www.youtube.com/watch?v=test_fake_000843,0,15,tts
fake_000844,RVFA,id00044,id00044,https://www.youtube.com/watch?v=test_fake_000844,0,15,tts
fake_000845,RVFA,id00045,id00045,https://www.youtube.com/watch?v=test_fake_000845,0,15,tts
fake_000846,RVFA,id00046,id00046,https://www.youtube.com/watch?v=test_fake_000846,0,15,tts
fake_000847,RVFA,id00047,id00047,https://www.youtube.com/watch?v=test_fake_000847,0,15,tts
fake_000848,RVFA,id00048,id00048,https://www.youtube.com/watch?v=test_fake_000848,0,15,tts
fake_000849,RVFA,id00049,id00049,https://www.youtube.com/watch?v=test_fake_000849,0,15,tts
fake_000850,RVFA,id00050,id00050,https://www.youtube.com/watch?v=test_fake_000850,0,15,tts
fake_000851,RVFA,id00051,id00051,https://www.youtube.com/watch?v=test_fake_000851,0,15,tts
fake_000852,RVFA,id00052,id00052,https://www.youtube.com/watch?v=test_fake_000852,0,15,tts
fake_000853,RVFA,id00053,id00053,https://www.youtube.com/watch?v=test_fake_000853,0,15,tts
fake_000854,RVFA,id00054,id00054,https://www.youtube.com/watch?v=test_fake_000854,0,15,tts
fake_000855,RVFA,id00055,id00055,https://www.youtube.com/watch?v=test_fake_000855,0,15,tts
fake_000856,RVFA,id00056,id00056,https://www.youtube.com/watch?v=test_fake_000856,0,15,tts
fake_000857,RVFA,id00057,id00057,https://www.youtube.com/watch?v=test_fake_000857,0,15,tts
fake_000858,RVFA,id00058,id00058,https://www.youtube.com/watch?v=test_fake_000858,0,15,tts
fake_000859,RVFA,id00059,id00059,https://www.youtube.com/watch?v=test_fake_000859,0,15,tts
fake_000860,RVFA,id00060,id00060,https://www.youtube.com/watch?v=test_fake_000860,0,15,tts
fake_000861,RVFA,id00061,id00061,https://www.youtube.com/watch?v=test_fake_000861,0,15,tts
fake_000862,RVFA,id00062,id00062,https://www.youtube.com/watch?v=test_fake_000862,0,15,tts
fake_000863,RVFA,id00063,id00063,https://www.youtube.com/watch?v=test_fake_000863,0,15,tts
fake_000864,RVFA,id00064,id00064,https://www.youtube.com/watch?v=test_fake_000864,0,15,tts
fake_000865,RVFA,id00065,id00065,https://www.youtube.com/watch?v=test_fake_000865,0,15,tts
fake_000866,RVFA,id00066,id00066,https://www.youtube.com/watch?v=test_fake_000866,0,15,tts
fake_000867,RVFA,id00067,id00067,https://www.youtube.com/watch?v=test_fake_000867,0,15,tts
fake_000868,RVFA,id00068,id00068,https://www.youtube.com/watch?v=test_fake_000868,0,15,tts
fake_000869,RVFA,id00069,id00069,https://www.youtube.com/watch?v=test_fake_000869,0,15,tts
fake_000870,RVFA,id00070,id00070,https://www.youtube.com/watch?v=test_fake_000870,0,15,tts
fake_000871,RVFA,id00071,id00071,https://www.youtube.com/watch?v=test_fake_000871,0,15,tts
fake_000872,RVFA,id00072,id00072,https://www.youtube.com/watch?v=test_fake_000872,0,15,tts
fake_000873,RVFA,id00073,id00073,https://www.youtube.com/watch?v=test_fake_000873,0,15,tts
fake_000874,RVFA,id00074,id00074,https://www.youtube.com/watch?v=test_fake_000874,0,15,tts
fake_000875,RVFA,id00075,id00075,https://www.youtube.com/watch?v=test_fake_000875,0,15,tts
fake_000876,RVFA,id00076,id00076,https://www.youtube.com/watch?v=test_fake_000876,0,15,tts
fake_000877,RVFA,id00077,id00077,https://www.youtube.com/watch?v=test_fake_000877,0,15,tts
fake_000878,RVFA,id00078,id00078,https://www.youtube.com/watch?v=test_fake_000878,0,15,tts
fake_000879,RVFA,id00079,id00079,https://www.youtube.com/watch?v=test_fake_000879,0,15,tts
fake_000880,RVFA,id00080,id00080,https://www.youtube.com/watch?v=test_fake_000880,0,15,tts
fake_000881,RVFA,id00081,id00081,https://www.youtube.com/watch?v=test_fake_000881,0,15,tts
fake_000882,RVFA,id00082,id00082,https://www.youtube.com/watch?v=test_fake_000882,0,15,tts
fake_000883,RVFA,id00083,id00083,https://www.youtube.com/watch?v=test_fake_000883,0,15,tts
fake_000884,RVFA,id00084,id00084,https://www.youtube.com/watch?v=test_fake_000884,0,15,tts
fake_000885,RVFA,id00085,id00085,https://www.youtube.com/watch?v=test_fake_000885,0,15,tts
fake_000886,RVFA,id00086,id00086,https://www.youtube.com/watch?v=test_fake_000886,0,15,tts
fake_000887,RVFA,id00087,id00087,https://www.youtube.com/watch?v=test_fake_000887,0,15,tts
fake_000888,RVFA,id00088,id00088,https://www.youtube.com/watch?v=test_fake_000888,0,15,tts
fake_000889,RVFA,id00089,id00089,https://www.youtube.com/watch?v=test_fake_000889,0,15,tts
fake_000890,RVFA,id00090,id00090,https://www.youtube.com/watch?v=test_fake_000890,0,15,tts
fake_000891,RVFA,id00091,id00091,https://www.youtube.com/watch?v=test_fake_000891,0,15,tts
fake_000892,RVFA,id00092,id00092,https://www.youtube.com/watch?v=test_fake_000892,0,15,tts
fake_000893,RVFA,id00093,id00093,https://www.youtube.com/watch?v=test_fake_000893,0,15,tts
fake_000894,RVFA,id00094,id00094,https://www.youtube.com/watch?v=test_fake_000894,0,15,tts
fake_000895,RVFA,id00095,id00095,https://www.youtube.com/watch?v=test_fake_000895,0,15,tts
fake_000896,RVFA,id00096,id00096,https://www.youtube.com/watch?v=test_fake_000896,0,15,tts
fake_000897,RVFA,id00097,id00097,https://www.youtube.com/watch?v=test_fake_000897,0,15,tts
fake_000898,RVFA,id00098,id00098,https://www.youtube.com/watch?v=test_fake_000898,0,15,tts
fake_000899,RVFA,id00099,id00099,https://www.youtube.com/watch?v=test_fake_000899,0,15,tts
fake_000900,RVFA,id00000,id00000,https://www.youtube.com/watch?v=test_fake_000900,0,15,tts
fake_000901,RVFA,id00001,id00001,https://www.youtube.com/watch?v=test_fake_000901,0,15,tts
fake_000902,RVFA,id00002,id00002,https://www.youtube.com/watch?v=test_fake_000902,0,15,tts
fake_000903,RVFA,id00003,id00003,https://www.youtube.com/watch?v=test_fake_000903,0,15,tts
fake_000904,RVFA,id00004,id00004,https://www.youtube.com/watch?v=test_fake_000904,0,15,tts
fake_000905,RVFA,id00005,id00005,https://www.youtube.com/watch?v=test_fake_000905,0,15,tts
fake_000906,RVFA,id00006,id00006,https://www.youtube.com/watch?v=test_fake_000906,0,15,tts
fake_000907,RVFA,id00007,id00007,https://www.youtube.com/watch?v=test_fake_000907,0,15,tts
fake_000908,RVFA,id00008,id00008,https://www.youtube.com/watch?v=test_fake_000908,0,15,tts
fake_000909,RVFA,id00009,id00009,https://www.youtube.com/watch?v=test_fake_000909,0,15,tts
fake_000910,RVFA,id00010,id00010,https://www.youtube.com/watch?v=test_fake_000910,0,15,tts
fake_000911,RVFA,id00011,id00011,https://www.youtube.com/watch?v=test_fake_000911,0,15,tts
fake_000912,RVFA,id00012,id00012,https://www.youtube.com/watch?v=test_fake_000912,0,15,tts
fake_000913,RVFA,id00013,id00013,https://www.youtube.com/watch?v=test_fake_000913,0,15,tts
fake_000914,RVFA,id00014,id00014,https://www.youtube.com/watch?v=test_fake_000914,0,15,tts
fake_000915,RVFA,id00015,id00015,https://www.youtube.com/watch?v=test_fake_000915,0,15,tts
fake_000916,RVFA,id00016,id00016,https://www.youtube.com/watch?v=test_fake_000916,0,15,tts
fake_000917,RVFA,id00017,id00017,https://www.youtube.com/watch?v=test_fake_000917,0,15,tts
fake_000918,RVFA,id00018,id00018,https://www.youtube.com/watch?v=test_fake_000918,0,15,tts
fake_000919,RVFA,id00019,id00019,https://www.youtube.com/watch?v=test_fake_000919,0,15,tts
fake_000920,RVFA,id00020,id00020,https://www.youtube.com/watch?v=test_fake_000920,0,15,tts
fake_000921,RVFA,id00021,id00021,https://www.youtube.com/watch?v=test_fake_000921,0,15,tts
fake_000922,RVFA,id00022,id00022,https://www.youtube.com/watch?v=test_fake_000922,0,15,tts
fake_000923,RVFA,id00023,id00023,https://www.youtube.com/watch?v=test_fake_000923,0,15,tts
fake_000924,RVFA,id00024,id00024,https://www.youtube.com/watch?v=test_fake_000924,0,15,tts
fake_000925,RVFA,id00025,id00025,https://www.youtube.com/watch?v=test_fake_000925,0,15,tts
fake_000926,RVFA,id00026,id00026,https://www.youtube.com/watch?v=test_fake_000926,0,15,tts
fake_000927,RVFA,id00027,id00027,https://www.youtube.com/watch?v=test_fake_000927,0,15,tts
fake_000928,RVFA,id00028,id00028,https://www.youtube.com/watch?v=test_fake_000928,0,15,tts
fake_000929,RVFA,id00029,id00029,https://www.youtube.com/watch?v=test_fake_000929,0,15,tts
fake_000930,RVFA,id00030,id00030,https://www.youtube.com/watch?v=test_fake_000930,0,15,tts
fake_000931,RVFA,id00031,id00031,https://www.youtube.com/watch?v=test_fake_000931,0,15,tts
fake_000932,RVFA,id00032,id00032,https://www.youtube.com/watch?v=test_fake_000932,0,15,tts
fake_000933,RVFA,id00033,id00033,https://www.youtube.com/watch?v=test_fake_000933,0,15,tts
fake_000934,RVFA,id00034,id00034,https://www.youtube.com/watch?v=test_fake_000934,0,15,tts
fake_000935,RVFA,id00035,id00035,https://www.youtube.com/watch?v=test_fake_000935,0,15,tts
fake_000936,RVFA,id00036,id00036,https://www.youtube.com/watch?v=test_fake_000936,0,15,tts
fake_000937,RVFA,id00037,id00037,https://www.youtube.com/watch?v=test_fake_000937,0,15,tts
fake_000938,RVFA,id00038,id00038,https://www.youtube.com/watch?v=test_fake_000938,0,15,tts
fake_000939,RVFA,id00039,id00039,https://www.youtube.com/watch?v=test_fake_000939,0,15,tts
fake_000940,RVFA,id00040,id00040,https://www.youtube.com/watch?v=test_fake_000940,0,15,tts
fake_000941,RVFA,id00041,id00041,https://www.youtube.com/watch?v=test_fake_000941,0,15,tts
fake_000942,RVFA,id00042,id00042,https://www.youtube.com/watch?v=test_fake_000942,0,15,tts
fake_000943,RVFA,id00043,id00043,https://www.youtube.com/watch?v=test_fake_000943,0,15,tts
fake_000944,RVFA,id00044,id00044,https://www.youtube.com/watch?v=test_fake_000944,0,15,tts
fake_000945,RVFA,id00045,id00045,https://www.youtube.com/watch?v=test_fake_000945,0,15,tts
fake_000946,RVFA,id00046,id00046,https://www.youtube.com/watch?v=test_fake_000946,0,15,tts
fake_000947,RVFA,id00047,id00047,https://www.youtube.com/watch?v=test_fake_000947,0,15,tts
fake_000948,RVFA,id00048,id00048,https://www.youtube.com/watch?v=test_fake_000948,0,15,tts
fake_000949,RVFA,id00049,id00049,https://www.youtube.com/watch?v=test_fake_000949,0,15,tts
fake_000950,RVFA,id00050,id00050,https://www.youtube.com/watch?v=test_fake_000950,0,15,tts
fake_000951,RVFA,id00051,id00051,https://www.youtube.com/watch?v=test_fake_000951,0,15,tts
fake_000952,RVFA,id00052,id00052,https://www.youtube.com/watch?v=test_fake_000952,0,15,tts
fake_000953,RVFA,id00053,id00053,https://www.youtube.com/watch?v=test_fake_000953,0,15,tts
fake_000954,RVFA,id00054,id00054,https://www.youtube.com/watch?v=test_fake_000954,0,15,tts
fake_000955,RVFA,id00055,id00055,https://www.youtube.com/watch?v=test_fake_000955,0,15,tts
fake_000956,RVFA,id00056,id00056,https://www.youtube.com/watch?v=test_fake_000956,0,15,tts
fake_000957,RVFA,id00057,id00057,https://www.youtube.com/watch?v=test_fake_000957,0,15,tts
fake_000958,RVFA,id00058,id00058,https://www.youtube.com/watch?v=test_fake_000958,0,15,tts
fake_000959,RVFA,id00059,id00059,https://www.youtube.com/watch?v=test_fake_000959,0,15,tts
fake_000960,RVFA,id00060,id00060,https://www.youtube.com/watch?v=test_fake_000960,0,15,tts
fake_000961,RVFA,id00061,id00061,https://www.youtube.com/watch?v=test_fake_000961,0,15,tts
fake_000962,RVFA,id00062,id00062,https://www.youtube.com/watch?v=test_fake_000962,0,15,tts
fake_000963,RVFA,id00063,id00063,https://www.youtube.com/watch?v=test_fake_000963,0,15,tts
fake_000964,RVFA,id00064,id00064,https://www.youtube.com/watch?v=test_fake_000964,0,15,tts
fake_000965,RVFA,id00065,id00065,https://www.youtube.com/watch?v=test_fake_000965,0,15,tts
fake_000966,RVFA,id00066,id00066,https://www.youtube.com/watch?v=test_fake_000966,0,15,tts
fake_000967,RVFA,id00067,id00067,https://www.youtube.com/watch?v=test_fake_000967,0,15,tts
fake_000968,RVFA,id00068,id00068,https://www.youtube.com/watch?v=test_fake_000968,0,15,tts
fake_000969,RVFA,id00069,id00069,https://www.youtube.com/watch?v=test_fake_000969,0,15,tts
fake_000970,RVFA,id00070,id00070,https://www.youtube.com/watch?v=test_fake_000970,0,15,tts
fake_000971,RVFA,id00071,id00071,https://www.youtube.com/watch?v=test_fake_000971,0,15,tts
fake_000972,RVFA,id00072,id00072,https://www.youtube.com/watch?v=test_fake_000972,0,15,tts
fake_000973,RVFA,id00073,id00073,https://www.youtube.com/watch?v=test_fake_000973,0,15,tts
fake_000974,RVFA,id00074,id00074,https://www.youtube.com/watch?v=test_fake_000974,0,15,tts
fake_000975,RVFA,id00075,id00075,https://www.youtube.com/watch?v=test_fake_000975,0,15,tts
fake_000976,RVFA,id00076,id00076,https://www.youtube.com/watch?v=test_fake_000976,0,15,tts
fake_000977,RVFA,id00077,id00077,https://www.youtube.com/watch?v=test_fake_000977,0,15,tts
fake_000978,RVFA,id00078,id00078,https://www.youtube.com/watch?v=test_fake_000978,0,15,tts
fake_000979,RVFA,id00079,id00079,https://www.youtube.com/watch?v=test_fake_000979,0,15,tts
fake_000980,RVFA,id00080,id00080,https://www.youtube.com/watch?v=test_fake_000980,0,15,tts
fake_000981,RVFA,id00081,id00081,https://www.youtube.com/watch?v=test_fake_000981,0,15,tts
fake_000982,RVFA,id00082,id00082,https://www.youtube.com/watch?v=test_fake_000982,0,15,tts
fake_000983,RVFA,id00083,id00083,https://www.youtube.com/watch?v=test_fake_000983,0,15,tts
fake_000984,RVFA,id00084,id00084,https://www.youtube.com/watch?v=test_fake_000984,0,15,tts
fake_000985,RVFA,id00085,id00085,https://www.youtube.com/watch?v=test_fake_000985,0,15,tts
fake_000986,RVFA,id00086,id00086,https://www.youtube.com/watch?v=test_fake_000986,0,15,tts
fake_000987,RVFA,id00087,id00087,https://www.youtube.com/watch?v=test_fake_000987,0,15,tts
fake_000988,RVFA,id00088,id00088,https://www.youtube.com/watch?v=test_fake_000988,0,15,tts
fake_000989,RVFA,id00089,id00089,https://www.youtube.com/watch?v=test_fake_000989,0,15,tts
fake_000990,RVFA,id00090,id00090,https://www.youtube.com/watch?v=test_fake_000990,0,15,tts
fake_000991,RVFA,id00091,id00091,https://www.youtube.com/watch?v=test_fake_000991,0,15,tts
fake_000992,RVFA,id00092,id00092,https://www.youtube.com/watch?v=test_fake_000992,0,15,tts
fake_000993,RVFA,id00093,id00093,https://www.youtube.com/watch?v=test_fake_000993,0,15,tts
fake_000994,RVFA,id00094,id00094,https://www.youtube.com/watch?v=test_fake_000994,0,15,tts
fake_000995,RVFA,id00095,id00095,https://www.youtube.com/watch?v=test_fake_000995,0,15,tts
fake_000996,RVFA,id00096,id00096,https://www.youtube.com/watch?v=test_fake_000996,0,15,tts
fake_000997,RVFA,id00097,id00097,https://www.youtube.com/watch?v=test_fake_000997,0,15,tts
fake_000998,RVFA,id00098,id00098,https://www.youtube.com/watch?v=test_fake_000998,0,15,tts
fake_000999,RVFA,id00099,id00099,https://www.youtube.com/watch?v=test_fake_000999,0,15,tts
real_000000,RVRA,id00000,id00000,https://www.youtube.com/watch?v=test_real_000000,0,15,none
real_000001,RVRA,id00001,id00001,https://www.youtube.com/watch?v=test_real_000001,0,15,none
real_000002,RVRA,id00002,id00002,https://www.youtube.com/watch?v=test_real_000002,0,15,none
real_000003,RVRA,id00003,id00003,https://www.youtube.com/watch?v=test_real_000003,0,15,none
real_000004,RVRA,id00004,id00004,https://www.youtube.com/watch?v=test_real_000004,0,15,none
real_000005,RVRA,id00005,id00005,https://www.youtube.com/watch?v=test_real_000005,0,15,none
real_000006,RVRA,id00006,id00006,https://www.youtube.com/watch?v=test_real_000006,0,15,none
real_000007,RVRA,id00007,id00007,https://www.youtube.com/watch?v=test_real_000007,0,15,none
real_000008,RVRA,id00008,id00008,https://www.youtube.com/watch?v=test_real_000008,0,15,none
real_000009,RVRA,id00009,id00009,https://www.youtube.com/watch?v=test_real_000009,0,15,none
real_000010,RVRA,id00010,id00010,https://www.youtube.com/watch?v=test_real_000010,0,15,none
real_000011,RVRA,id00011,id00011,https://www.youtube.com/watch?v=test_real_000011,0,15,none
real_000012,RVRA,id00012,id00012,https://www.youtube.com/watch?v=test_real_000012,0,15,none
real_000013,RVRA,id00013,id00013,https://www.youtube.com/watch?v=test_real_000013,0,15,none
real_000014,RVRA,id00014,id00014,https://www.youtube.com/watch?v=test_real_000014,0,15,none
real_000015,RVRA,id00015,id00015,https://www.youtube.com/watch?v=test_real_000015,0,15,none
real_000016,RVRA,id00016,id00016,https://www.youtube.com/watch?v=test_real_000016,0,15,none
real_000017,RVRA,id00017,id00017,https://www.youtube.com/watch?v=test_real_000017,0,15,none
real_000018,RVRA,id00018,id00018,https://www.youtube.com/watch?v=test_real_000018,0,15,none
real_000019,RVRA,id00019,id00019,https://www.youtube.com/watch?v=test_real_000019,0,15,none
real_000020,RVRA,id00020,id00020,https://www.youtube.com/watch?v=test_real_000020,0,15,none
real_000021,RVRA,id00021,id00021,https://www.youtube.com/watch?v=test_real_000021,0,15,none
real_000022,RVRA,id00022,id00022,https://www.youtube.com/watch?v=test_real_000022,0,15,none
real_000023,RVRA,id00023,id00023,https://www.youtube.com/watch?v=test_real_000023,0,15,none
real_000024,RVRA,id00024,id00024,https://www.youtube.com/watch?v=test_real_000024,0,15,none
real_000025,RVRA,id00025,id00025,https://www.youtube.com/watch?v=test_real_000025,0,15,none
real_000026,RVRA,id00026,id00026,https://www.youtube.com/watch?v=test_real_000026,0,15,none
real_000027,RVRA,id00027,id00027,https://www.youtube.com/watch?v=test_real_000027,0,15,none
real_000028,RVRA,id00028,id00028,https://www.youtube.com/watch?v=test_real_000028,0,15,none
real_000029,RVRA,id00029,id00029,https://www.youtube.com/watch?v=test_real_000029,0,15,none
real_000030,RVRA,id00030,id00030,https://www.youtube.com/watch?v=test_real_000030,0,15,none
real_000031,RVRA,id00031,id00031,https://www.youtube.com/watch?v=test_real_000031,0,15,none
real_000032,RVRA,id00032,id00032,https://www.youtube.com/watch?v=test_real_000032,0,15,none
real_000033,RVRA,id00033,id00033,https://www.youtube.com/watch?v=test_real_000033,0,15,none
real_000034,RVRA,id00034,id00034,https://www.youtube.com/watch?v=test_real_000034,0,15,none
real_000035,RVRA,id00035,id00035,https://www.youtube.com/watch?v=test_real_000035,0,15,none
real_000036,RVRA,id00036,id00036,https://www.youtube.com/watch?v=test_real_000036,0,15,none
real_000037,RVRA,id00037,id00037,https://www.youtube.com/watch?v=test_real_000037,0,15,none
real_000038,RVRA,id00038,id00038,https://www.youtube.com/watch?v=test_real_000038,0,15,none
real_000039,RVRA,id00039,id00039,https://www.youtube.com/watch?v=test_real_000039,0,15,none
real_000040,RVRA,id00040,id00040,https://www.youtube.com/watch?v=test_real_000040,0,15,none
real_000041,RVRA,id00041,id00041,https://www.youtube.com/watch?v=test_real_000041,0,15,none
real_000042,RVRA,id00042,id00042,https://www.youtube.com/watch?v=test_real_000042,0,15,none
real_000043,RVRA,id00043,id00043,https://www.youtube.com/watch?v=test_real_000043,0,15,none
real_000044,RVRA,id00044,id00044,https://www.youtube.com/watch?v=test_real_000044,0,15,none
real_000045,RVRA,id00045,id00045,https://www.youtube.com/watch?v=test_real_000045,0,15,none
real_000046,RVRA,id00046,id00046,https://www.youtube.com/watch?v=test_real_000046,0,15,none
real_000047,RVRA,id00047,id00047,https://www.youtube.com/watch?v=test_real_000047,0,15,none
real_000048,RVRA,id00048,id00048,https://www.youtube.com/watch?v=test_real_000048,0,15,none
real_000049,RVRA,id00049,id00049,https://www.youtube.com/watch?v=test_real_000049,0,15,none
real_000050,RVRA,id00050,id00050,https://www.youtube.com/watch?v=test_real_000050,0,15,none
real_000051,RVRA,id00051,id00051,https://www.youtube.com/watch?v=test_real_000051,0,15,none
real_000052,RVRA,id00052,id00052,https://www.youtube.com/watch?v=test_real_000052,0,15,none
real_000053,RVRA,id00053,id00053,https://www.youtube.com/watch?v=test_real_000053,0,15,none
real_000054,RVRA,id00054,id00054,https://www.youtube.com/watch?v=test_real_000054,0,15,none
real_000055,RVRA,id00055,id00055,https://www.youtube.com/watch?v=test_real_000055,0,15,none
real_000056,RVRA,id00056,id00056,https://www.youtube.com/watch?v=test_real_000056,0,15,none
real_000057,RVRA,id00057,id00057,https://www.youtube.com/watch?v=test_real_000057,0,15,none
real_000058,RVRA,id00058,id00058,https://www.youtube.com/watch?v=test_real_000058,0,15,none
real_000059,RVRA,id00059,id00059,https://www.youtube.com/watch?v=test_real_000059,0,15,none
real_000060,RVRA,id00060,id00060,https://www.youtube.com/watch?v=test_real_000060,0,15,none
real_000061,RVRA,id00061,id00061,https://www.youtube.com/watch?v=test_real_000061,0,15,none
real_000062,RVRA,id00062,id00062,https://www.youtube.com/watch?v=test_real_000062,0,15,none
real_000063,RVRA,id00063,id00063,https://www.youtube.com/watch?v=test_real_000063,0,15,none
real_000064,RVRA,id00064,id00064,https://www.youtube.com/watch?v=test_real_000064,0,15,none
real_000065,RVRA,id00065,id00065,https://www.youtube.com/watch?v=test_real_000065,0,15,none
real_000066,RVRA,id00066,id00066,https://www.youtube.com/watch?v=test_real_000066,0,15,none
real_000067,RVRA,id00067,id00067,https://www.youtube.com/watch?v=test_real_000067,0,15,none
real_000068,RVRA,id00068,id00068,https://www.youtube.com/watch?v=test_real_000068,0,15,none
real_000069,RVRA,id00069,id00069,https://www.youtube.com/watch?v=test_real_000069,0,15,none
real_000070,RVRA,id00070,id00070,https://www.youtube.com/watch?v=test_real_000070,0,15,none
real_000071,RVRA,id00071,id00071,https://www.youtube.com/watch?v=test_real_000071,0,15,none
real_000072,RVRA,id00072,id00072,https://www.youtube.com/watch?v=test_real_000072,0,15,none
real_000073,RVRA,id00073,id00073,https://www.youtube.com/watch?v=test_real_000073,0,15,none
real_000074,RVRA,id00074,id00074,https://www.youtube.com/watch?v=test_real_000074,0,15,none
real_000075,RVRA,id00075,id00075,https://www.youtube.com/watch?v=test_real_000075,0,15,none
real_000076,RVRA,id00076,id00076,https://www.youtube.com/watch?v=test_real_000076,0,15,none
real_000077,RVRA,id00077,id00077,https://www.youtube.com/watch?v=test_real_000077,0,15,none
real_000078,RVRA,id00078,id00078,https://www.youtube.com/watch?v=test_real_000078,0,15,none
real_000079,RVRA,id00079,id00079,https://www.youtube.com/watch?v=test_real_000079,0,15,none
real_000080,RVRA,id00080,id00080,https://www.youtube.com/watch?v=test_real_000080,0,15,none
real_000081,RVRA,id00081,id00081,https://www.youtube.com/watch?v=test_real_000081,0,15,none
real_000082,RVRA,id00082,id00082,https://www.youtube.com/watch?v=test_real_000082,0,15,none
real_000083,RVRA,id00083,id00083,https://www.youtube.com/watch?v=test_real_000083,0,15,none
real_000084,RVRA,id00084,id00084,https://www.youtube.com/watch?v=test_real_000084,0,15,none
real_000085,RVRA,id00085,id00085,https://www.youtube.com/watch?v=test_real_000085,0,15,none
real_000086,RVRA,id00086,id00086,https://www.youtube.com/watch?v=test_real_000086,0,15,none
real_000087,RVRA,id00087,id00087,https://www.youtube.com/watch?v=test_real_000087,0,15,none
real_000088,RVRA,id00088,id00088,https://www.youtube.com/watch?v=test_real_000088,0,15,none
real_000089,RVRA,id00089,id00089,https://www.youtube.com/watch?v=test_real_000089,0,15,none
real_000090,RVRA,id00090,id00090,https://www.youtube.com/watch?v=test_real_000090,0,15,none
real_000091,RVRA,id00091,id00091,https://www.youtube.com/watch?v=test_real_000091,0,15,none
real_000092,RVRA,id00092,id00092,https://www.youtube.com/watch?v=test_real_000092,0,15,none
real_000093,RVRA,id00093,id00093,https://www.youtube.com/watch?v=test_real_000093,0,15,none
real_000094,RVRA,id00094,id00094,https://www.youtube.com/watch?v=test_real_000094,0,15,none
real_000095,RVRA,id00095,id00095,https://www.youtube.com/watch?v=test_real_000095,0,15,none
real_000096,RVRA,id00096,id00096,https://www.youtube.com/watch?v=test_real_000096,0,15,none
real_000097,RVRA,id00097,id00097,https://www.youtube.com/watch?v=test_real_000097,0,15,none
real_000098,RVRA,id00098,id00098,https://www.youtube.com/watch?v=test_real_000098,0,15,none
real_000099,RVRA,id00099,id00099,https://www.youtube.com/watch?v=test_real_000099,0,15,none
real_000100,RVRA,id00000,id00000,https://www.youtube.com/watch?v=test_real_000100,0,15,none
real_000101,RVRA,id00001,id00001,https://www.youtube.com/watch?v=test_real_000101,0,15,none
real_000102,RVRA,id00002,id00002,https://www.youtube.com/watch?v=test_real_000102,0,15,none
real_000103,RVRA,id00003,id00003,https://www.youtube.com/watch?v=test_real_000103,0,15,none
real_000104,RVRA,id00004,id00004,https://www.youtube.com/watch?v=test_real_000104,0,15,none
real_000105,RVRA,id00005,id00005,https://www.youtube.com/watch?v=test_real_000105,0,15,none
real_000106,RVRA,id00006,id00006,https://www.youtube.com/watch?v=test_real_000106,0,15,none
real_000107,RVRA,id00007,id00007,https://www.youtube.com/watch?v=test_real_000107,0,15,none
real_000108,RVRA,id00008,id00008,https://www.youtube.com/watch?v=test_real_000108,0,15,none
real_000109,RVRA,id00009,id00009,https://www.youtube.com/watch?v=test_real_000109,0,15,none
real_000110,RVRA,id00010,id00010,https://www.youtube.com/watch?v=test_real_000110,0,15,none
real_000111,RVRA,id00011,id00011,https://www.youtube.com/watch?v=test_real_000111,0,15,none
real_000112,RVRA,id00012,id00012,https://www.youtube.com/watch?v=test_real_000112,0,15,none
real_000113,RVRA,id00013,id00013,https://www.youtube.com/watch?v=test_real_000113,0,15,none
real_000114,RVRA,id00014,id00014,https://www.youtube.com/watch?v=test_real_000114,0,15,none
real_000115,RVRA,id00015,id00015,https://www.youtube.com/watch?v=test_real_000115,0,15,none
real_000116,RVRA,id00016,id00016,https://www.youtube.com/watch?v=test_real_000116,0,15,none
real_000117,RVRA,id00017,id00017,https://www.youtube.com/watch?v=test_real_000117,0,15,none
real_000118,RVRA,id00018,id00018,https://www.youtube.com/watch?v=test_real_000118,0,15,none
real_000119,RVRA,id00019,id00019,https://www.youtube.com/watch?v=test_real_000119,0,15,none
real_000120,RVRA,id00020,id00020,https://www.youtube.com/watch?v=test_real_000120,0,15,none
real_000121,RVRA,id00021,id00021,https://www.youtube.com/watch?v=test_real_000121,0,15,none
real_000122,RVRA,id00022,id00022,https://www.youtube.com/watch?v=test_real_000122,0,15,none
real_000123,RVRA,id00023,id00023,https://www.youtube.com/watch?v=test_real_000123,0,15,none
real_000124,RVRA,id00024,id00024,https://www.youtube.com/watch?v=test_real_000124,0,15,none
real_000125,RVRA,id00025,id00025,https://www.youtube.com/watch?v=test_real_000125,0,15,none
real_000126,RVRA,id00026,id00026,https://www.youtube.com/watch?v=test_real_000126,0,15,none
real_000127,RVRA,id00027,id00027,https://www.youtube.com/watch?v=test_real_000127,0,15,none
real_000128,RVRA,id00028,id00028,https://www.youtube.com/watch?v=test_real_000128,0,15,none
real_000129,RVRA,id00029,id00029,https://www.youtube.com/watch?v=test_real_000129,0,15,none
real_000130,RVRA,id00030,id00030,https://www.youtube.com/watch?v=test_real_000130,0,15,none
real_000131,RVRA,id00031,id00031,https://www.youtube.com/watch?v=test_real_000131,0,15,none
real_000132,RVRA,id00032,id00032,https://www.youtube.com/watch?v=test_real_000132,0,15,none
real_000133,RVRA,id00033,id00033,https://www.youtube.com/watch?v=test_real_000133,0,15,none
real_000134,RVRA,id00034,id00034,https://www.youtube.com/watch?v=test_real_000134,0,15,none
real_000135,RVRA,id00035,id00035,https://www.youtube.com/watch?v=test_real_000135,0,15,none
real_000136,RVRA,id00036,id00036,https://www.youtube.com/watch?v=test_real_000136,0,15,none
real_000137,RVRA,id00037,id00037,https://www.youtube.com/watch?v=test_real_000137,0,15,none
real_000138,RVRA,id00038,id00038,https://www.youtube.com/watch?v=test_real_000138,0,15,none
real_000139,RVRA,id00039,id00039,https://www.youtube.com/watch?v=test_real_000139,0,15,none
real_000140,RVRA,id00040,id00040,https://www.youtube.com/watch?v=test_real_000140,0,15,none
real_000141,RVRA,id00041,id00041,https://www.youtube.com/watch?v=test_real_000141,0,15,none
real_000142,RVRA,id00042,id00042,https://www.youtube.com/watch?v=test_real_000142,0,15,none
real_000143,RVRA,id00043,id00043,https://www.youtube.com/watch?v=test_real_000143,0,15,none
real_000144,RVRA,id00044,id00044,https://www.youtube.com/watch?v=test_real_000144,0,15,none
real_000145,RVRA,id00045,id00045,https://www.youtube.com/watch?v=test_real_000145,0,15,none
real_000146,RVRA,id00046,id00046,https://www.youtube.com/watch?v=test_real_000146,0,15,none
real_000147,RVRA,id00047,id00047,https://www.youtube.com/watch?v=test_real_000147,0,15,none
real_000148,RVRA,id00048,id00048,https://www.youtube.com/watch?v=test_real_000148,0,15,none
real_000149,RVRA,id00049,id00049,https://www.youtube.com/watch?v=test_real_000149,0,15,none
real_000150,RVRA,id00050,id00050,https://www.youtube.com/watch?v=test_real_000150,0,15,none
real_000151,RVRA,id00051,id00051,https://www.youtube.com/watch?v=test_real_000151,0,15,none
real_000152,RVRA,id00052,id00052,https://www.youtube.com/watch?v=test_real_000152,0,15,none
real_000153,RVRA,id00053,id00053,https://www.youtube.com/watch?v=test_real_000153,0,15,none
real_000154,RVRA,id00054,id00054,https://www.youtube.com/watch?v=test_real_000154,0,15,none
real_000155,RVRA,id00055,id00055,https://www.youtube.com/watch?v=test_real_000155,0,15,none
real_000156,RVRA,id00056,id00056,https://www.youtube.com/watch?v=test_real_000156,0,15,none
real_000157,RVRA,id00057,id00057,https://www.youtube.com/watch?v=test_real_000157,0,15,none
real_000158,RVRA,id00058,id00058,https://www.youtube.com/watch?v=test_real_000158,0,15,none
real_000159,RVRA,id00059,id00059,https://www.youtube.com/watch?v=test_real_000159,0,15,none
real_000160,RVRA,id00060,id00060,https://www.youtube.com/watch?v=test_real_000160,0,15,none
real_000161,RVRA,id00061,id00061,https://www.youtube.com/watch?v=test_real_000161,0,15,none
real_000162,RVRA,id00062,id00062,https://www.youtube.com/watch?v=test_real_000162,0,15,none
real_000163,RVRA,id00063,id00063,https://www.youtube.com/watch?v=test_real_000163,0,15,none
real_000164,RVRA,id00064,id00064,https://www.youtube.com/watch?v=test_real_000164,0,15,none
real_000165,RVRA,id00065,id00065,https://www.youtube.com/watch?v=test_real_000165,0,15,none
real_000166,RVRA,id00066,id00066,https://www.youtube.com/watch?v=test_real_000166,0,15,none
real_000167,RVRA,id00067,id00067,https://www.youtube.com/watch?v=test_real_000167,0,15,none
real_000168,RVRA,id00068,id00068,https://www.youtube.com/watch?v=test_real_000168,0,15,none
real_000169,RVRA,id00069,id00069,https://www.youtube.com/watch?v=test_real_000169,0,15,none
real_000170,RVRA,id00070,id00070,https://www.youtube.com/watch?v=test_real_000170,0,15,none
real_000171,RVRA,id00071,id00071,https://www.youtube.com/watch?v=test_real_000171,0,15,none
real_000172,RVRA,id00072,id00072,https://www.youtube.com/watch?v=test_real_000172,0,15,none
real_000173,RVRA,id00073,id00073,https://www.youtube.com/watch?v=test_real_000173,0,15,none
real_000174,RVRA,id00074,id00074,https://www.youtube.com/watch?v=test_real_000174,0,15,none
real_000175,RVRA,id00075,id00075,https://www.youtube.com/watch?v=test_real_000175,0,15,none
real_000176,RVRA,id00076,id00076,https://www.youtube.com/watch?v=test_real_000176,0,15,none
real_000177,RVRA,id00077,id00077,https://www.youtube.com/watch?v=test_real_000177,0,15,none
real_000178,RVRA,id00078,id00078,https://www.youtube.com/watch?v=test_real_000178,0,15,none
real_000179,RVRA,id00079,id00079,https://www.youtube.com/watch?v=test_real_000179,0,15,none
real_000180,RVRA,id00080,id00080,https://www.youtube.com/watch?v=test_real_000180,0,15,none
real_000181,RVRA,id00081,id00081,https://www.youtube.com/watch?v=test_real_000181,0,15,none
real_000182,RVRA,id00082,id00082,https://www.youtube.com/watch?v=test_real_000182,0,15,none
real_000183,RVRA,id00083,id00083,https://www.youtube.com/watch?v=test_real_000183,0,15,none
real_000184,RVRA,id00084,id00084,https://www.youtube.com/watch?v=test_real_000184,0,15,none
real_000185,RVRA,id00085,id00085,https://www.youtube.com/watch?v=test_real_000185,0,15,none
real_000186,RVRA,id00086,id00086,https://www.youtube.com/watch?v=test_real_000186,0,15,none
real_000187,RVRA,id00087,id00087,https://www.youtube.com/watch?v=test_real_000187,0,15,none
real_000188,RVRA,id00088,id00088,https://www.youtube.com/watch?v=test_real_000188,0,15,none
real_000189,RVRA,id00089,id00089,https://www.youtube.com/watch?v=test_real_000189,0,15,none
real_000190,RVRA,id00090,id00090,https://www.youtube.com/watch?v=test_real_000190,0,15,none
real_000191,RVRA,id00091,id00091,https://www.youtube.com/watch?v=test_real_000191,0,15,none
real_000192,RVRA,id00092,id00092,https://www.youtube.com/watch?v=test_real_000192,0,15,none
real_000193,RVRA,id00093,id00093,https://www.youtube.com/watch?v=test_real_000193,0,15,none
real_000194,RVRA,id00094,id00094,https://www.youtube.com/watch?v=test_real_000194,0,15,none
real_000195,RVRA,id00095,id00095,https://www.youtube.com/watch?v=test_real_000195,0,15,none
real_000196,RVRA,id00096,id00096,https://www.youtube.com/watch?v=test_real_000196,0,15,none
real_000197,RVRA,id00097,id00097,https://www.youtube.com/watch?v=test_real_000197,0,15,none
real_000198,RVRA,id00098,id00098,https://www.youtube.com/watch?v=test_real_000198,0,15,none
real_000199,RVRA,id00099,id00099,https://www.youtube.com/watch?v=test_real_000199,0,15,none
real_000200,RVRA,id00000,id00000,https://www.youtube.com/watch?v=test_real_000200,0,15,none
real_000201,RVRA,id00001,id00001,https://www.youtube.com/watch?v=test_real_000201,0,15,none
real_000202,RVRA,id00002,id00002,https://www.youtube.com/watch?v=test_real_000202,0,15,none
real_000203,RVRA,id00003,id00003,https://www.youtube.com/watch?v=test_real_000203,0,15,none
real_000204,RVRA,id00004,id00004,https://www.youtube.com/watch?v=test_real_000204,0,15,none
real_000205,RVRA,id00005,id00005,https://www.youtube.com/watch?v=test_real_000205,0,15,none
real_000206,RVRA,id00006,id00006,https://www.youtube.com/watch?v=test_real_000206,0,15,none
real_000207,RVRA,id00007,id00007,https://www.youtube.com/watch?v=test_real_000207,0,15,none
real_000208,RVRA,id00008,id00008,https://www.youtube.com/watch?v=test_real_000208,0,15,none
real_000209,RVRA,id00009,id00009,https://www.youtube.com/watch?v=test_real_000209,0,15,none
real_000210,RVRA,id00010,id00010,https://www.youtube.com/watch?v=test_real_000210,0,15,none
real_000211,RVRA,id00011,id00011,https://www.youtube.com/watch?v=test_real_000211,0,15,none
real_000212,RVRA,id00012,id00012,https://www.youtube.com/watch?v=test_real_000212,0,15,none
real_000213,RVRA,id00013,id00013,https://www.youtube.com/watch?v=test_real_000213,0,15,none
real_000214,RVRA,id00014,id00014,https://www.youtube.com/watch?v=test_real_000214,0,15,none
real_000215,RVRA,id00015,id00015,https://www.youtube.com/watch?v=test_real_000215,0,15,none
real_000216,RVRA,id00016,id00016,https://www.youtube.com/watch?v=test_real_000216,0,15,none
real_000217,RVRA,id00017,id00017,https://www.youtube.com/watch?v=test_real_000217,0,15,none
real_000218,RVRA,id00018,id00018,https://www.youtube.com/watch?v=test_real_000218,0,15,none
real_000219,RVRA,id00019,id00019,https://www.youtube.com/watch?v=test_real_000219,0,15,none
real_000220,RVRA,id00020,id00020,https://www.youtube.com/watch?v=test_real_000220,0,15,none
real_000221,RVRA,id00021,id00021,https://www.youtube.com/watch?v=test_real_000221,0,15,none
real_000222,RVRA,id00022,id00022,https://www.youtube.com/watch?v=test_real_000222,0,15,none
real_000223,RVRA,id00023,id00023,https://www.youtube.com/watch?v=test_real_000223,0,15,none
real_000224,RVRA,id00024,id00024,https://www.youtube.com/watch?v=test_real_000224,0,15,none
real_000225,RVRA,id00025,id00025,https://www.youtube.com/watch?v=test_real_000225,0,15,none
real_000226,RVRA,id00026,id00026,https://www.youtube.com/watch?v=test_real_000226,0,15,none
real_000227,RVRA,id00027,id00027,https://www.youtube.com/watch?v=test_real_000227,0,15,none
real_000228,RVRA,id00028,id00028,https://www.youtube.com/watch?v=test_real_000228,0,15,none
real_000229,RVRA,id00029,id00029,https://www.youtube.com/watch?v=test_real_000229,0,15,none
real_000230,RVRA,id00030,id00030,https://www.youtube.com/watch?v=test_real_000230,0,15,none
real_000231,RVRA,id00031,id00031,https://www.youtube.com/watch?v=test_real_000231,0,15,none
real_000232,RVRA,id00032,id00032,https://www.youtube.com/watch?v=test_real_000232,0,15,none
real_000233,RVRA,id00033,id00033,https://www.youtube.com/watch?v=test_real_000233,0,15,none
real_000234,RVRA,id00034,id00034,https://www.youtube.com/watch?v=test_real_000234,0,15,none
real_000235,RVRA,id00035,id00035,https://www.youtube.com/watch?v=test_real_000235,0,15,none
real_000236,RVRA,id00036,id00036,https://www.youtube.com/watch?v=test_real_000236,0,15,none
real_000237,RVRA,id00037,id00037,https://www.youtube.com/watch?v=test_real_000237,0,15,none
real_000238,RVRA,id00038,id00038,https://www.youtube.com/watch?v=test_real_000238,0,15,none
real_000239,RVRA,id00039,id00039,https://www.youtube.com/watch?v=test_real_000239,0,15,none
real_000240,RVRA,id00040,id00040,https://www.youtube.com/watch?v=test_real_000240,0,15,none
real_000241,RVRA,id00041,id00041,https://www.youtube.com/watch?v=test_real_000241,0,15,none
real_000242,RVRA,id00042,id00042,https://www.youtube.com/watch?v=test_real_000242,0,15,none
real_000243,RVRA,id00043,id00043,https://www.youtube.com/watch?v=test_real_000243,0,15,none
real_000244,RVRA,id00044,id00044,https://www.youtube.com/watch?v=test_real_000244,0,15,none
real_000245,RVRA,id00045,id00045,https://www.youtube.com/watch?v=test_real_000245,0,15,none
real_000246,RVRA,id00046,id00046,https://www.youtube.com/watch?v=test_real_000246,0,15,none
real_000247,RVRA,id00047,id00047,https://www.youtube.com/watch?v=test_real_000247,0,15,none
real_000248,RVRA,id00048,id00048,https://www.youtube.com/watch?v=test_real_000248,0,15,none
real_000249,RVRA,id00049,id00049,https://www.youtube.com/watch?v=test_real_000249,0,15,none
real_000250,RVRA,id00050,id00050,https://www.youtube.com/watch?v=test_real_000250,0,15,none
real_000251,RVRA,id00051,id00051,https://www.youtube.com/watch?v=test_real_000251,0,15,none
real_000252,RVRA,id00052,id00052,https://www.youtube.com/watch?v=test_real_000252,0,15,none
real_000253,RVRA,id00053,id00053,https://www.youtube.com/watch?v=test_real_000253,0,15,none
real_000254,RVRA,id00054,id00054,https://www.youtube.com/watch?v=test_real_000254,0,15,none
real_000255,RVRA,id00055,id00055,https://www.youtube.com/watch?v=test_real_000255,0,15,none
real_000256,RVRA,id00056,id00056,https://www.youtube.com/watch?v=test_real_000256,0,15,none
real_000257,RVRA,id00057,id00057,https://www.youtube.com/watch?v=test_real_000257,0,15,none
real_000258,RVRA,id00058,id00058,https://www.youtube.com/watch?v=test_real_000258,0,15,none
real_000259,RVRA,id00059,id00059,https://www.youtube.com/watch?v=test_real_000259,0,15,none
real_000260,RVRA,id00060,id00060,https://www.youtube.com/watch?v=test_real_000260,0,15,none
real_000261,RVRA,id00061,id00061,https://www.youtube.com/watch?v=test_real_000261,0,15,none
real_000262,RVRA,id00062,id00062,https://www.youtube.com/watch?v=test_real_000262,0,15,none
real_000263,RVRA,id00063,id00063,https://www.youtube.com/watch?v=test_real_000263,0,15,none
real_000264,RVRA,id00064,id00064,https://www.youtube.com/watch?v=test_real_000264,0,15,none
real_000265,RVRA,id00065,id00065,https://www.youtube.com/watch?v=test_real_000265,0,15,none
real_000266,RVRA,id00066,id00066,https://www.youtube.com/watch?v=test_real_000266,0,15,none
real_000267,RVRA,id00067,id00067,https://www.youtube.com/watch?v=test_real_000267,0,15,none
real_000268,RVRA,id00068,id00068,https://www.youtube.com/watch?v=test_real_000268,0,15,none
real_000269,RVRA,id00069,id00069,https://www.youtube.com/watch?v=test_real_000269,0,15,none
real_000270,RVRA,id00070,id00070,https://www.youtube.com/watch?v=test_real_000270,0,15,none
real_000271,RVRA,id00071,id00071,https://www.youtube.com/watch?v=test_real_000271,0,15,none
real_000272,RVRA,id00072,id00072,https://www.youtube.com/watch?v=test_real_000272,0,15,none
real_000273,RVRA,id00073,id00073,https://www.youtube.com/watch?v=test_real_000273,0,15,none
real_000274,RVRA,id00074,id00074,https://www.youtube.com/watch?v=test_real_000274,0,15,none
real_000275,RVRA,id00075,id00075,https://www.youtube.com/watch?v=test_real_000275,0,15,none
real_000276,RVRA,id00076,id00076,https://www.youtube.com/watch?v=test_real_000276,0,15,none
real_000277,RVRA,id00077,id00077,https://www.youtube.com/watch?v=test_real_000277,0,15,none
real_000278,RVRA,id00078,id00078,https://www.youtube.com/watch?v=test_real_000278,0,15,none
real_000279,RVRA,id00079,id00079,https://www.youtube.com/watch?v=test_real_000279,0,15,none
real_000280,RVRA,id00080,id00080,https://www.youtube.com/watch?v=test_real_000280,0,15,none
real_000281,RVRA,id00081,id00081,https://www.youtube.com/watch?v=test_real_000281,0,15,none
real_000282,RVRA,id00082,id00082,https://www.youtube.com/watch?v=test_real_000282,0,15,none
real_000283,RVRA,id00083,id00083,https://www.youtube.com/watch?v=test_real_000283,0,15,none
real_000284,RVRA,id00084,id00084,https://www.youtube.com/watch?v=test_real_000284,0,15,none
real_000285,RVRA,id00085,id00085,https://www.youtube.com/watch?v=test_real_000285,0,15,none
real_000286,RVRA,id00086,id00086,https://www.youtube.com/watch?v=test_real_000286,0,15,none
real_000287,RVRA,id00087,id00087,https://www.youtube.com/watch?v=test_real_000287,0,15,none
real_000288,RVRA,id00088,id00088,https://www.youtube.com/watch?v=test_real_000288,0,15,none
real_000289,RVRA,id00089,id00089,https://www.youtube.com/watch?v=test_real_000289,0,15,none
real_000290,RVRA,id00090,id00090,https://www.youtube.com/watch?v=test_real_000290,0,15,none
real_000291,RVRA,id00091,id00091,https://www.youtube.com/watch?v=test_real_000291,0,15,none
real_000292,RVRA,id00092,id00092,https://www.youtube.com/watch?v=test_real_000292,0,15,none
real_000293,RVRA,id00093,id00093,https://www.youtube.com/watch?v=test_real_000293,0,15,none
real_000294,RVRA,id00094,id00094,https://www.youtube.com/watch?v=test_real_000294,0,15,none
real_000295,RVRA,id00095,id00095,https://www.youtube.com/watch?v=test_real_000295,0,15,none
real_000296,RVRA,id00096,id00096,https://www.youtube.com/watch?v=test_real_000296,0,15,none
real_000297,RVRA,id00097,id00097,https://www.youtube.com/watch?v=test_real_000297,0,15,none
real_000298,RVRA,id00098,id00098,https://www.youtube.com/watch?v=test_real_000298,0,15,none
real_000299,RVRA,id00099,id00099,https://www.youtube.com/watch?v=test_real_000299,0,15,none
real_000300,RVRA,id00000,id00000,https://www.youtube.com/watch?v=test_real_000300,0,15,none
real_000301,RVRA,id00001,id00001,https://www.youtube.com/watch?v=test_real_000301,0,15,none
real_000302,RVRA,id00002,id00002,https://www.youtube.com/watch?v=test_real_000302,0,15,none
real_000303,RVRA,id00003,id00003,https://www.youtube.com/watch?v=test_real_000303,0,15,none
real_000304,RVRA,id00004,id00004,https://www.youtube.com/watch?v=test_real_000304,0,15,none
real_000305,RVRA,id00005,id00005,https://www.youtube.com/watch?v=test_real_000305,0,15,none
real_000306,RVRA,id00006,id00006,https://www.youtube.com/watch?v=test_real_000306,0,15,none
real_000307,RVRA,id00007,id00007,https://www.youtube.com/watch?v=test_real_000307,0,15,none
real_000308,RVRA,id00008,id00008,https://www.youtube.com/watch?v=test_real_000308,0,15,none
real_000309,RVRA,id00009,id00009,https://www.youtube.com/watch?v=test_real_000309,0,15,none
real_000310,RVRA,id00010,id00010,https://www.youtube.com/watch?v=test_real_000310,0,15,none
real_000311,RVRA,id00011,id00011,https://www.youtube.com/watch?v=test_real_000311,0,15,none
real_000312,RVRA,id00012,id00012,https://www.youtube.com/watch?v=test_real_000312,0,15,none
real_000313,RVRA,id00013,id00013,https://www.youtube.com/watch?v=test_real_000313,0,15,none
real_000314,RVRA,id00014,id00014,https://www.youtube.com/watch?v=test_real_000314,0,15,none
real_000315,RVRA,id00015,id00015,https://www.youtube.com/watch?v=test_real_000315,0,15,none
real_000316,RVRA,id00016,id00016,https://www.youtube.com/watch?v=test_real_000316,0,15,none
real_000317,RVRA,id00017,id00017,https://www.youtube.com/watch?v=test_real_000317,0,15,none
real_000318,RVRA,id00018,id00018,https://www.youtube.com/watch?v=test_real_000318,0,15,none
real_000319,RVRA,id00019,id00019,https://www.youtube.com/watch?v=test_real_000319,0,15,none
real_000320,RVRA,id00020,id00020,https://www.youtube.com/watch?v=test_real_000320,0,15,none
real_000321,RVRA,id00021,id00021,https://www.youtube.com/watch?v=test_real_000321,0,15,none
real_000322,RVRA,id00022,id00022,https://www.youtube.com/watch?v=test_real_000322,0,15,none
real_000323,RVRA,id00023,id00023,https://www.youtube.com/watch?v=test_real_000323,0,15,none
real_000324,RVRA,id00024,id00024,https://www.youtube.com/watch?v=test_real_000324,0,15,none
real_000325,RVRA,id00025,id00025,https://www.youtube.com/watch?v=test_real_000325,0,15,none
real_000326,RVRA,id00026,id00026,https://www.youtube.com/watch?v=test_real_000326,0,15,none
real_000327,RVRA,id00027,id00027,https://www.youtube.com/watch?v=test_real_000327,0,15,none
real_000328,RVRA,id00028,id00028,https://www.youtube.com/watch?v=test_real_000328,0,15,none
real_000329,RVRA,id00029,id00029,https://www.youtube.com/watch?v=test_real_000329,0,15,none
real_000330,RVRA,id00030,id00030,https://www.youtube.com/watch?v=test_real_000330,0,15,none
real_000331,RVRA,id00031,id00031,https://www.youtube.com/watch?v=test_real_000331,0,15,none
real_000332,RVRA,id00032,id00032,https://www.youtube.com/watch?v=test_real_000332,0,15,none
real_000333,RVRA,id00033,id00033,https://www.youtube.com/watch?v=test_real_000333,0,15,none
real_000334,RVRA,id00034,id00034,https://www.youtube.com/watch?v=test_real_000334,0,15,none
real_000335,RVRA,id00035,id00035,https://www.youtube.com/watch?v=test_real_000335,0,15,none
real_000336,RVRA,id00036,id00036,https://www.youtube.com/watch?v=test_real_000336,0,15,none
real_000337,RVRA,id00037,id00037,https://www.youtube.com/watch?v=test_real_000337,0,15,none
real_000338,RVRA,id00038,id00038,https://www.youtube.com/watch?v=test_real_000338,0,15,none
real_000339,RVRA,id00039,id00039,https://www.youtube.com/watch?v=test_real_000339,0,15,none
real_000340,RVRA,id00040,id00040,https://www.youtube.com/watch?v=test_real_000340,0,15,none
real_000341,RVRA,id00041,id00041,https://www.youtube.com/watch?v=test_real_000341,0,15,none
real_000342,RVRA,id00042,id00042,https://www.youtube.com/watch?v=test_real_000342,0,15,none
real_000343,RVRA,id00043,id00043,https://www.youtube.com/watch?v=test_real_000343,0,15,none
real_000344,RVRA,id00044,id00044,https://www.youtube.com/watch?v=test_real_000344,0,15,none
real_000345,RVRA,id00045,id00045,https://www.youtube.com/watch?v=test_real_000345,0,15,none
real_000346,RVRA,id00046,id00046,https://www.youtube.com/watch?v=test_real_000346,0,15,none
real_000347,RVRA,id00047,id00047,https://www.youtube.com/watch?v=test_real_000347,0,15,none
real_000348,RVRA,id00048,id00048,https://www.youtube.com/watch?v=test_real_000348,0,15,none
real_000349,RVRA,id00049,id00049,https://www.youtube.com/watch?v=test_real_000349,0,15,none
real_000350,RVRA,id00050,id00050,https://www.youtube.com/watch?v=test_real_000350,0,15,none
real_000351,RVRA,id00051,id00051,https://www.youtube.com/watch?v=test_real_000351,0,15,none
real_000352,RVRA,id00052,id00052,https://www.youtube.com/watch?v=test_real_000352,0,15,none
real_000353,RVRA,id00053,id00053,https://www.youtube.com/watch?v=test_real_000353,0,15,none
real_000354,RVRA,id00054,id00054,https://www.youtube.com/watch?v=test_real_000354,0,15,none
real_000355,RVRA,id00055,id00055,https://www.youtube.com/watch?v=test_real_000355,0,15,none
real_000356,RVRA,id00056,id00056,https://www.youtube.com/watch?v=test_real_000356,0,15,none
real_000357,RVRA,id00057,id00057,https://www.youtube.com/watch?v=test_real_000357,0,15,none
real_000358,RVRA,id00058,id00058,https://www.youtube.com/watch?v=test_real_000358,0,15,none
real_000359,RVRA,id00059,id00059,https://www.youtube.com/watch?v=test_real_000359,0,15,none
real_000360,RVRA,id00060,id00060,https://www.youtube.com/watch?v=test_real_000360,0,15,none
real_000361,RVRA,id00061,id00061,https://www.youtube.com/watch?v=test_real_000361,0,15,none
real_000362,RVRA,id00062,id00062,https://www.youtube.com/watch?v=test_real_000362,0,15,none
real_000363,RVRA,id00063,id00063,https://www.youtube.com/watch?v=test_real_000363,0,15,none
real_000364,RVRA,id00064,id00064,https://www.youtube.com/watch?v=test_real_000364,0,15,none
real_000365,RVRA,id00065,id00065,https://www.youtube.com/watch?v=test_real_000365,0,15,none
real_000366,RVRA,id00066,id00066,https://www.youtube.com/watch?v=test_real_000366,0,15,none
real_000367,RVRA,id00067,id00067,https://www.youtube.com/watch?v=test_real_000367,0,15,none
real_000368,RVRA,id00068,id00068,https://www.youtube.com/watch?v=test_real_000368,0,15,none
real_000369,RVRA,id00069,id00069,https://www.youtube.com/watch?v=test_real_000369,0,15,none
real_000370,RVRA,id00070,id00070,https://www.youtube.com/watch?v=test_real_000370,0,15,none
real_000371,RVRA,id00071,id00071,https://www.youtube.com/watch?v=test_real_000371,0,15,none
real_000372,RVRA,id00072,id00072,https://www.youtube.com/watch?v=test_real_000372,0,15,none
real_000373,RVRA,id00073,id00073,https://www.youtube.com/watch?v=test_real_000373,0,15,none
real_000374,RVRA,id00074,id00074,https://www.youtube.com/watch?v=test_real_000374,0,15,none
real_000375,RVRA,id00075,id00075,https://www.youtube.com/watch?v=test_real_000375,0,15,none
real_000376,RVRA,id00076,id00076,https://www.youtube.com/watch?v=test_real_000376,0,15,none
real_000377,RVRA,id00077,id00077,https://www.youtube.com/watch?v=test_real_000377,0,15,none
real_000378,RVRA,id00078,id00078,https://www.youtube.com/watch?v=test_real_000378,0,15,none
real_000379,RVRA,id00079,id00079,https://www.youtube.com/watch?v=test_real_000379,0,15,none
real_000380,RVRA,id00080,id00080,https://www.youtube.com/watch?v=test_real_000380,0,15,none
real_000381,RVRA,id00081,id00081,https://www.youtube.com/watch?v=test_real_000381,0,15,none
real_000382,RVRA,id00082,id00082,https://www.youtube.com/watch?v=test_real_000382,0,15,none
real_000383,RVRA,id00083,id00083,https://www.youtube.com/watch?v=test_real_000383,0,15,none
real_000384,RVRA,id00084,id00084,https://www.youtube.com/watch?v=test_real_000384,0,15,none
real_000385,RVRA,id00085,id00085,https://www.youtube.com/watch?v=test_real_000385,0,15,none
real_000386,RVRA,id00086,id00086,https://www.youtube.com/watch?v=test_real_000386,0,15,none
real_000387,RVRA,id00087,id00087,https://www.youtube.com/watch?v=test_real_000387,0,15,none
real_000388,RVRA,id00088,id00088,https://www.youtube.com/watch?v=test_real_000388,0,15,none
real_000389,RVRA,id00089,id00089,https://www.youtube.com/watch?v=test_real_000389,0,15,none
real_000390,RVRA,id00090,id00090,https://www.youtube.com/watch?v=test_real_000390,0,15,none
real_000391,RVRA,id00091,id00091,https://www.youtube.com/watch?v=test_real_000391,0,15,none
real_000392,RVRA,id00092,id00092,https://www.youtube.com/watch?v=test_real_000392,0,15,none
real_000393,RVRA,id00093,id00093,https://www.youtube.com/watch?v=test_real_000393,0,15,none
real_000394,RVRA,id00094,id00094,https://www.youtube.com/watch?v=test_real_000394,0,15,none
real_000395,RVRA,id00095,id00095,https://www.youtube.com/watch?v=test_real_000395,0,15,none
real_000396,RVRA,id00096,id00096,https://www.youtube.com/watch?v=test_real_000396,0,15,none
real_000397,RVRA,id00097,id00097,https://www.youtube.com/watch?v=test_real_000397,0,15,none
real_000398,RVRA,id00098,id00098,https://www.youtube.com/watch?v=test_real_000398,0,15,none
real_000399,RVRA,id00099,id00099,https://www.youtube.com/watch?v=test_real_000399,0,15,none
real_000400,RVRA,id00000,id00000,https://www.youtube.com/watch?v=test_real_000400,0,15,none
real_000401,RVRA,id00001,id00001,https://www.youtube.com/watch?v=test_real_000401,0,15,none
real_000402,RVRA,id00002,id00002,https://www.youtube.com/watch?v=test_real_000402,0,15,none
real_000403,RVRA,id00003,id00003,https://www.youtube.com/watch?v=test_real_000403,0,15,none
real_000404,RVRA,id00004,id00004,https://www.youtube.com/watch?v=test_real_000404,0,15,none
real_000405,RVRA,id00005,id00005,https://www.youtube.com/watch?v=test_real_000405,0,15,none
real_000406,RVRA,id00006,id00006,https://www.youtube.com/watch?v=test_real_000406,0,15,none
real_000407,RVRA,id00007,id00007,https://www.youtube.com/watch?v=test_real_000407,0,15,none
real_000408,RVRA,id00008,id00008,https://www.youtube.com/watch?v=test_real_000408,0,15,none
real_000409,RVRA,id00009,id00009,https://www.youtube.com/watch?v=test_real_000409,0,15,none
real_000410,RVRA,id00010,id00010,https://www.youtube.com/watch?v=test_real_000410,0,15,none
real_000411,RVRA,id00011,id00011,https://www.youtube.com/watch?v=test_real_000411,0,15,none
real_000412,RVRA,id00012,id00012,https://www.youtube.com/watch?v=test_real_000412,0,15,none
real_000413,RVRA,id00013,id00013,https://www.youtube.com/watch?v=test_real_000413,0,15,none
real_000414,RVRA,id00014,id00014,https://www.youtube.com/watch?v=test_real_000414,0,15,none
real_000415,RVRA,id00015,id00015,https://www.youtube.com/watch?v=test_real_000415,0,15,none
real_000416,RVRA,id00016,id00016,https://www.youtube.com/watch?v=test_real_000416,0,15,none
real_000417,RVRA,id00017,id00017,https://www.youtube.com/watch?v=test_real_000417,0,15,none
real_000418,RVRA,id00018,id00018,https://www.youtube.com/watch?v=test_real_000418,0,15,none
real_000419,RVRA,id00019,id00019,https://www.youtube.com/watch?v=test_real_000419,0,15,none
real_000420,RVRA,id00020,id00020,https://www.youtube.com/watch?v=test_real_000420,0,15,none
real_000421,RVRA,id00021,id00021,https://www.youtube.com/watch?v=test_real_000421,0,15,none
real_000422,RVRA,id00022,id00022,https://www.youtube.com/watch?v=test_real_000422,0,15,none
real_000423,RVRA,id00023,id00023,https://www.youtube.com/watch?v=test_real_000423,0,15,none
real_000424,RVRA,id00024,id00024,https://www.youtube.com/watch?v=test_real_000424,0,15,none
real_000425,RVRA,id00025,id00025,https://www.youtube.com/watch?v=test_real_000425,0,15,none
real_000426,RVRA,id00026,id00026,https://www.youtube.com/watch?v=test_real_000426,0,15,none
real_000427,RVRA,id00027,id00027,https://www.youtube.com/watch?v=test_real_000427,0,15,none
real_000428,RVRA,id00028,id00028,https://www.youtube.com/watch?v=test_real_000428,0,15,none
real_000429,RVRA,id00029,id00029,https://www.youtube.com/watch?v=test_real_000429,0,15,none
real_000430,RVRA,id00030,id00030,https://www.youtube.com/watch?v=test_real_000430,0,15,none
real_000431,RVRA,id00031,id00031,https://www.youtube.com/watch?v=test_real_000431,0,15,none
real_000432,RVRA,id00032,id00032,https://www.youtube.com/watch?v=test_real_000432,0,15,none
real_000433,RVRA,id00033,id00033,https://www.youtube.com/watch?v=test_real_000433,0,15,none
real_000434,RVRA,id00034,id00034,https://www.youtube.com/watch?v=test_real_000434,0,15,none
real_000435,RVRA,id00035,id00035,https://www.youtube.com/watch?v=test_real_000435,0,15,none
real_000436,RVRA,id00036,id00036,https://www.youtube.com/watch?v=test_real_000436,0,15,none
real_000437,RVRA,id00037,id00037,https://www.youtube.com/watch?v=test_real_000437,0,15,none
real_000438,RVRA,id00038,id00038,https://www.youtube.com/watch?v=test_real_000438,0,15,none
real_000439,RVRA,id00039,id00039,https://www.youtube.com/watch?v=test_real_000439,0,15,none
real_000440,RVRA,id00040,id00040,https://www.youtube.com/watch?v=test_real_000440,0,15,none
real_000441,RVRA,id00041,id00041,https://www.youtube.com/watch?v=test_real_000441,0,15,none
real_000442,RVRA,id00042,id00042,https://www.youtube.com/watch?v=test_real_000442,0,15,none
real_000443,RVRA,id00043,id00043,https://www.youtube.com/watch?v=test_real_000443,0,15,none
real_000444,RVRA,id00044,id00044,https://www.youtube.com/watch?v=test_real_000444,0,15,none
real_000445,RVRA,id00045,id00045,https://www.youtube.com/watch?v=test_real_000445,0,15,none
real_000446,RVRA,id00046,id00046,https://www.youtube.com/watch?v=test_real_000446,0,15,none
real_000447,RVRA,id00047,id00047,https://www.youtube.com/watch?v=test_real_000447,0,15,none
real_000448,RVRA,id00048,id00048,https://www.youtube.com/watch?v=test_real_000448,0,15,none
real_000449,RVRA,id00049,id00049,https://www.youtube.com/watch?v=test_real_000449,0,15,none
real_000450,RVRA,id00050,id00050,https://www.youtube.com/watch?v=test_real_000450,0,15,none
real_000451,RVRA,id00051,id00051,https://www.youtube.com/watch?v=test_real_000451,0,15,none
real_000452,RVRA,id00052,id00052,https://www.youtube.com/watch?v=test_real_000452,0,15,none
real_000453,RVRA,id00053,id00053,https://www.youtube.com/watch?v=test_real_000453,0,15,none
real_000454,RVRA,id00054,id00054,https://www.youtube.com/watch?v=test_real_000454,0,15,none
real_000455,RVRA,id00055,id00055,https://www.youtube.com/watch?v=test_real_000455,0,15,none
real_000456,RVRA,id00056,id00056,https://www.youtube.com/watch?v=test_real_000456,0,15,none
real_000457,RVRA,id00057,id00057,https://www.youtube.com/watch?v=test_real_000457,0,15,none
real_000458,RVRA,id00058,id00058,https://www.youtube.com/watch?v=test_real_000458,0,15,none
real_000459,RVRA,id00059,id00059,https://www.youtube.com/watch?v=test_real_000459,0,15,none
real_000460,RVRA,id00060,id00060,https://www.youtube.com/watch?v=test_real_000460,0,15,none
real_000461,RVRA,id00061,id00061,https://www.youtube.com/watch?v=test_real_000461,0,15,none
real_000462,RVRA,id00062,id00062,https://www.youtube.com/watch?v=test_real_000462,0,15,none
real_000463,RVRA,id00063,id00063,https://www.youtube.com/watch?v=test_real_000463,0,15,none
real_000464,RVRA,id00064,id00064,https://www.youtube.com/watch?v=test_real_000464,0,15,none
real_000465,RVRA,id00065,id00065,https://www.youtube.com/watch?v=test_real_000465,0,15,none
real_000466,RVRA,id00066,id00066,https://www.youtube.com/watch?v=test_real_000466,0,15,none
real_000467,RVRA,id00067,id00067,https://www.youtube.com/watch?v=test_real_000467,0,15,none
real_000468,RVRA,id00068,id00068,https://www.youtube.com/watch?v=test_real_000468,0,15,none
real_000469,RVRA,id00069,id00069,https://www.youtube.com/watch?v=test_real_000469,0,15,none
real_000470,RVRA,id00070,id00070,https://www.youtube.com/watch?v=test_real_000470,0,15,none
real_000471,RVRA,id00071,id00071,https://www.youtube.com/watch?v=test_real_000471,0,15,none
real_000472,RVRA,id00072,id00072,https://www.youtube.com/watch?v=test_real_000472,0,15,none
real_000473,RVRA,id00073,id00073,https://www.youtube.com/watch?v=test_real_000473,0,15,none
real_000474,RVRA,id00074,id00074,https://www.youtube.com/watch?v=test_real_000474,0,15,none
real_000475,RVRA,id00075,id00075,https://www.youtube.com/watch?v=test_real_000475,0,15,none
real_000476,RVRA,id00076,id00076,https://www.youtube.com/watch?v=test_real_000476,0,15,none
real_000477,RVRA,id00077,id00077,https://www.youtube.com/watch?v=test_real_000477,0,15,none
real_000478,RVRA,id00078,id00078,https://www.youtube.com/watch?v=test_real_000478,0,15,none
real_000479,RVRA,id00079,id00079,https://www.youtube.com/watch?v=test_real_000479,0,15,none
real_000480,RVRA,id00080,id00080,https://www.youtube.com/watch?v=test_real_000480,0,15,none
real_000481,RVRA,id00081,id00081,https://www.youtube.com/watch?v=test_real_000481,0,15,none
real_000482,RVRA,id00082,id00082,https://www.youtube.com/watch?v=test_real_000482,0,15,none
real_000483,RVRA,id00083,id00083,https://www.youtube.com/watch?v=test_real_000483,0,15,none
real_000484,RVRA,id00084,id00084,https://www.youtube.com/watch?v=test_real_000484,0,15,none
real_000485,RVRA,id00085,id00085,https://www.youtube.com/watch?v=test_real_000485,0,15,none
real_000486,RVRA,id00086,id00086,https://www.youtube.com/watch?v=test_real_000486,0,15,none
real_000487,RVRA,id00087,id00087,https://www.youtube.com/watch?v=test_real_000487,0,15,none
real_000488,RVRA,id00088,id00088,https://www.youtube.com/watch?v=test_real_000488,0,15,none
real_000489,RVRA,id00089,id00089,https://www.youtube.com/watch?v=test_real_000489,0,15,none
real_000490,RVRA,id00090,id00090,https://www.youtube.com/watch?v=test_real_000490,0,15,none
real_000491,RVRA,id00091,id00091,https://www.youtube.com/watch?v=test_real_000491,0,15,none
real_000492,RVRA,id00092,id00092,https://www.youtube.com/watch?v=test_real_000492,0,15,none
real_000493,RVRA,id00093,id00093,https://www.youtube.com/watch?v=test_real_000493,0,15,none
real_000494,RVRA,id00094,id00094,https://www.youtube.com/watch?v=test_real_000494,0,15,none
real_000495,RVRA,id00095,id00095,https://www.youtube.com/watch?v=test_real_000495,0,15,none
real_000496,RVRA,id00096,id00096,https://www.youtube.com/watch?v=test_real_000496,0,15,none
real_000497,RVRA,id00097,id00097,https://www.youtube.com/watch?v=test_real_000497,0,15,none
real_000498,RVRA,id00098,id00098,https://www.youtube.com/watch?v=test_real_000498,0,15,none
real_000499,RVRA,id00099,id00099,https://www.youtube.com/watch?v=test_real_000499,0,15,none
real_000500,RVRA,id00000,id00000,https://www.youtube.com/watch?v=test_real_000500,0,15,none
real_000501,RVRA,id00001,id00001,https://www.youtube.com/watch?v=test_real_000501,0,15,none
real_000502,RVRA,id00002,id00002,https://www.youtube.com/watch?v=test_real_000502,0,15,none
real_000503,RVRA,id00003,id00003,https://www.youtube.com/watch?v=test_real_000503,0,15,none
real_000504,RVRA,id00004,id00004,https://www.youtube.com/watch?v=test_real_000504,0,15,none
real_000505,RVRA,id00005,id00005,https://www.youtube.com/watch?v=test_real_000505,0,15,none
real_000506,RVRA,id00006,id00006,https://www.youtube.com/watch?v=test_real_000506,0,15,none
real_000507,RVRA,id00007,id00007,https://www.youtube.com/watch?v=test_real_000507,0,15,none
real_000508,RVRA,id00008,id00008,https://www.youtube.com/watch?v=test_real_000508,0,15,none
real_000509,RVRA,id00009,id00009,https://www.youtube.com/watch?v=test_real_000509,0,15,none
real_000510,RVRA,id00010,id00010,https://www.youtube.com/watch?v=test_real_000510,0,15,none
real_000511,RVRA,id00011,id00011,https://www.youtube.com/watch?v=test_real_000511,0,15,none
real_000512,RVRA,id00012,id00012,https://www.youtube.com/watch?v=test_real_000512,0,15,none
real_000513,RVRA,id00013,id00013,https://www.youtube.com/watch?v=test_real_000513,0,15,none
real_000514,RVRA,id00014,id00014,https://www.youtube.com/watch?v=test_real_000514,0,15,none
real_000515,RVRA,id00015,id00015,https://www.youtube.com/watch?v=test_real_000515,0,15,none
real_000516,RVRA,id00016,id00016,https://www.youtube.com/watch?v=test_real_000516,0,15,none
real_000517,RVRA,id00017,id00017,https://www.youtube.com/watch?v=test_real_000517,0,15,none
real_000518,RVRA,id00018,id00018,https://www.youtube.com/watch?v=test_real_000518,0,15,none
real_000519,RVRA,id00019,id00019,https://www.youtube.com/watch?v=test_real_000519,0,15,none
real_000520,RVRA,id00020,id00020,https://www.youtube.com/watch?v=test_real_000520,0,15,none
real_000521,RVRA,id00021,id00021,https://www.youtube.com/watch?v=test_real_000521,0,15,none
real_000522,RVRA,id00022,id00022,https://www.youtube.com/watch?v=test_real_000522,0,15,none
real_000523,RVRA,id00023,id00023,https://www.youtube.com/watch?v=test_real_000523,0,15,none
real_000524,RVRA,id00024,id00024,https://www.youtube.com/watch?v=test_real_000524,0,15,none
real_000525,RVRA,id00025,id00025,https://www.youtube.com/watch?v=test_real_000525,0,15,none
real_000526,RVRA,id00026,id00026,https://www.youtube.com/watch?v=test_real_000526,0,15,none
real_000527,RVRA,id00027,id00027,https://www.youtube.com/watch?v=test_real_000527,0,15,none
real_000528,RVRA,id00028,id00028,https://www.youtube.com/watch?v=test_real_000528,0,15,none
real_000529,RVRA,id00029,id00029,https://www.youtube.com/watch?v=test_real_000529,0,15,none
real_000530,RVRA,id00030,id00030,https://www.youtube.com/watch?v=test_real_000530,0,15,none
real_000531,RVRA,id00031,id00031,https://www.youtube.com/watch?v=test_real_000531,0,15,none
real_000532,RVRA,id00032,id00032,https://www.youtube.com/watch?v=test_real_000532,0,15,none
real_000533,RVRA,id00033,id00033,https://www.youtube.com/watch?v=test_real_000533,0,15,none
real_000534,RVRA,id00034,id00034,https://www.youtube.com/watch?v=test_real_000534,0,15,none
real_000535,RVRA,id00035,id00035,https://www.youtube.com/watch?v=test_real_000535,0,15,none
real_000536,RVRA,id00036,id00036,https://www.youtube.com/watch?v=test_real_000536,0,15,none
real_000537,RVRA,id00037,id00037,https://www.youtube.com/watch?v=test_real_000537,0,15,none
real_000538,RVRA,id00038,id00038,https://www.youtube.com/watch?v=test_real_000538,0,15,none
real_000539,RVRA,id00039,id00039,https://www.youtube.com/watch?v=test_real_000539,0,15,none
real_000540,RVRA,id00040,id00040,https://www.youtube.com/watch?v=test_real_000540,0,15,none
real_000541,RVRA,id00041,id00041,https://www.youtube.com/watch?v=test_real_000541,0,15,none
real_000542,RVRA,id00042,id00042,https://www.youtube.com/watch?v=test_real_000542,0,15,none
real_000543,RVRA,id00043,id00043,https://www.youtube.com/watch?v=test_real_000543,0,15,none
real_000544,RVRA,id00044,id00044,https://www.youtube.com/watch?v=test_real_000544,0,15,none
real_000545,RVRA,id00045,id00045,https://www.youtube.com/watch?v=test_real_000545,0,15,none
real_000546,RVRA,id00046,id00046,https://www.youtube.com/watch?v=test_real_000546,0,15,none
real_000547,RVRA,id00047,id00047,https://www.youtube.com/watch?v=test_real_000547,0,15,none
real_000548,RVRA,id00048,id00048,https://www.youtube.com/watch?v=test_real_000548,0,15,none
real_000549,RVRA,id00049,id00049,https://www.youtube.com/watch?v=test_real_000549,0,15,none
real_000550,RVRA,id00050,id00050,https://www.youtube.com/watch?v=test_real_000550,0,15,none
real_000551,RVRA,id00051,id00051,https://www.youtube.com/watch?v=test_real_000551,0,15,none
real_000552,RVRA,id00052,id00052,https://www.youtube.com/watch?v=test_real_000552,0,15,none
real_000553,RVRA,id00053,id00053,https://www.youtube.com/watch?v=test_real_000553,0,15,none
real_000554,RVRA,id00054,id00054,https://www.youtube.com/watch?v=test_real_000554,0,15,none
real_000555,RVRA,id00055,id00055,https://www.youtube.com/watch?v=test_real_000555,0,15,none
real_000556,RVRA,id00056,id00056,https://www.youtube.com/watch?v=test_real_000556,0,15,none
real_000557,RVRA,id00057,id00057,https://www.youtube.com/watch?v=test_real_000557,0,15,none
real_000558,RVRA,id00058,id00058,https://www.youtube.com/watch?v=test_real_000558,0,15,none
real_000559,RVRA,id00059,id00059,https://www.youtube.com/watch?v=test_real_000559,0,15,none
real_000560,RVRA,id00060,id00060,https://www.youtube.com/watch?v=test_real_000560,0,15,none
real_000561,RVRA,id00061,id00061,https://www.youtube.com/watch?v=test_real_000561,0,15,none
real_000562,RVRA,id00062,id00062,https://www.youtube.com/watch?v=test_real_000562,0,15,none
real_000563,RVRA,id00063,id00063,https://www.youtube.com/watch?v=test_real_000563,0,15,none
real_000564,RVRA,id00064,id00064,https://www.youtube.com/watch?v=test_real_000564,0,15,none
real_000565,RVRA,id00065,id00065,https://www.youtube.com/watch?v=test_real_000565,0,15,none
real_000566,RVRA,id00066,id00066,https://www.youtube.com/watch?v=test_real_000566,0,15,none
real_000567,RVRA,id00067,id00067,https://www.youtube.com/watch?v=test_real_000567,0,15,none
real_000568,RVRA,id00068,id00068,https://www.youtube.com/watch?v=test_real_000568,0,15,none
real_000569,RVRA,id00069,id00069,https://www.youtube.com/watch?v=test_real_000569,0,15,none
real_000570,RVRA,id00070,id00070,https://www.youtube.com/watch?v=test_real_000570,0,15,none
real_000571,RVRA,id00071,id00071,https://www.youtube.com/watch?v=test_real_000571,0,15,none
real_000572,RVRA,id00072,id00072,https://www.youtube.com/watch?v=test_real_000572,0,15,none
real_000573,RVRA,id00073,id00073,https://www.youtube.com/watch?v=test_real_000573,0,15,none
real_000574,RVRA,id00074,id00074,https://www.youtube.com/watch?v=test_real_000574,0,15,none
real_000575,RVRA,id00075,id00075,https://www.youtube.com/watch?v=test_real_000575,0,15,none
real_000576,RVRA,id00076,id00076,https://www.youtube.com/watch?v=test_real_000576,0,15,none
real_000577,RVRA,id00077,id00077,https://www.youtube.com/watch?v=test_real_000577,0,15,none
real_000578,RVRA,id00078,id00078,https://www.youtube.com/watch?v=test_real_000578,0,15,none
real_000579,RVRA,id00079,id00079,https://www.youtube.com/watch?v=test_real_000579,0,15,none
real_000580,RVRA,id00080,id00080,https://www.youtube.com/watch?v=test_real_000580,0,15,none
real_000581,RVRA,id00081,id00081,https://www.youtube.com/watch?v=test_real_000581,0,15,none
real_000582,RVRA,id00082,id00082,https://www.youtube.com/watch?v=test_real_000582,0,15,none
real_000583,RVRA,id00083,id00083,https://www.youtube.com/watch?v=test_real_000583,0,15,none
real_000584,RVRA,id00084,id00084,https://www.youtube.com/watch?v=test_real_000584,0,15,none
real_000585,RVRA,id00085,id00085,https://www.youtube.com/watch?v=test_real_000585,0,15,none
real_000586,RVRA,id00086,id00086,https://www.youtube.com/watch?v=test_real_000586,0,15,none
real_000587,RVRA,id00087,id00087,https://www.youtube.com/watch?v=test_real_000587,0,15,none
real_000588,RVRA,id00088,id00088,https://www.youtube.com/watch?v=test_real_000588,0,15,none
real_000589,RVRA,id00089,id00089,https://www.youtube.com/watch?v=test_real_000589,0,15,none
real_000590,RVRA,id00090,id00090,https://www.youtube.com/watch?v=test_real_000590,0,15,none
real_000591,RVRA,id00091,id00091,https://www.youtube.com/watch?v=test_real_000591,0,15,none
real_000592,RVRA,id00092,id00092,https://www.youtube.com/watch?v=test_real_000592,0,15,none
real_000593,RVRA,id00093,id00093,https://www.youtube.com/watch?v=test_real_000593,0,15,none
real_000594,RVRA,id00094,id00094,https://www.youtube.com/watch?v=test_real_000594,0,15,none
real_000595,RVRA,id00095,id00095,https://www.youtube.com/watch?v=test_real_000595,0,15,none
real_000596,RVRA,id00096,id00096,https://www.youtube.com/watch?v=test_real_000596,0,15,none
real_000597,RVRA,id00097,id00097,https://www.youtube.com/watch?v=test_real_000597,0,15,none
real_000598,RVRA,id00098,id00098,https://www.youtube.com/watch?v=test_real_000598,0,15,none
real_000599,RVRA,id00099,id00099,https://www.youtube.com/watch?v=test_real_000599,0,15,none
real_000600,RVRA,id00000,id00000,https://www.youtube.com/watch?v=test_real_000600,0,15,none
real_000601,RVRA,id00001,id00001,https://www.youtube.com/watch?v=test_real_000601,0,15,none
real_000602,RVRA,id00002,id00002,https://www.youtube.com/watch?v=test_real_000602,0,15,none
real_000603,RVRA,id00003,id00003,https://www.youtube.com/watch?v=test_real_000603,0,15,none
real_000604,RVRA,id00004,id00004,https://www.youtube.com/watch?v=test_real_000604,0,15,none
real_000605,RVRA,id00005,id00005,https://www.youtube.com/watch?v=test_real_000605,0,15,none
real_000606,RVRA,id00006,id00006,https://www.youtube.com/watch?v=test_real_000606,0,15,none
real_000607,RVRA,id00007,id00007,https://www.youtube.com/watch?v=test_real_000607,0,15,none
real_000608,RVRA,id00008,id00008,https://www.youtube.com/watch?v=test_real_000608,0,15,none
real_000609,RVRA,id00009,id00009,https://www.youtube.com/watch?v=test_real_000609,0,15,none
real_000610,RVRA,id00010,id00010,https://www.youtube.com/watch?v=test_real_000610,0,15,none
real_000611,RVRA,id00011,id00011,https://www.youtube.com/watch?v=test_real_000611,0,15,none
real_000612,RVRA,id00012,id00012,https://www.youtube.com/watch?v=test_real_000612,0,15,none
real_000613,RVRA,id00013,id00013,https://www.youtube.com/watch?v=test_real_000613,0,15,none
real_000614,RVRA,id00014,id00014,https://www.youtube.com/watch?v=test_real_000614,0,15,none
real_000615,RVRA,id00015,id00015,https://www.youtube.com/watch?v=test_real_000615,0,15,none
real_000616,RVRA,id00016,id00016,https://www.youtube.com/watch?v=test_real_000616,0,15,none
real_000617,RVRA,id00017,id00017,https://www.youtube.com/watch?v=test_real_000617,0,15,none
real_000618,RVRA,id00018,id00018,https://www.youtube.com/watch?v=test_real_000618,0,15,none
real_000619,RVRA,id00019,id00019,https://www.youtube.com/watch?v=test_real_000619,0,15,none
real_000620,RVRA,id00020,id00020,https://www.youtube.com/watch?v=test_real_000620,0,15,none
real_000621,RVRA,id00021,id00021,https://www.youtube.com/watch?v=test_real_000621,0,15,none
real_000622,RVRA,id00022,id00022,https://www.youtube.com/watch?v=test_real_000622,0,15,none
real_000623,RVRA,id00023,id00023,https://www.youtube.com/watch?v=test_real_000623,0,15,none
real_000624,RVRA,id00024,id00024,https://www.youtube.com/watch?v=test_real_000624,0,15,none
real_000625,RVRA,id00025,id00025,https://www.youtube.com/watch?v=test_real_000625,0,15,none
real_000626,RVRA,id00026,id00026,https://www.youtube.com/watch?v=test_real_000626,0,15,none
real_000627,RVRA,id00027,id00027,https://www.youtube.com/watch?v=test_real_000627,0,15,none
real_000628,RVRA,id00028,id00028,https://www.youtube.com/watch?v=test_real_000628,0,15,none
real_000629,RVRA,id00029,id00029,https://www.youtube.com/watch?v=test_real_000629,0,15,none
real_000630,RVRA,id00030,id00030,https://www.youtube.com/watch?v=test_real_000630,0,15,none
real_000631,RVRA,id00031,id00031,https://www.youtube.com/watch?v=test_real_000631,0,15,none
real_000632,RVRA,id00032,id00032,https://www.youtube.com/watch?v=test_real_000632,0,15,none
real_000633,RVRA,id00033,id00033,https://www.youtube.com/watch?v=test_real_000633,0,15,none
real_000634,RVRA,id00034,id00034,https://www.youtube.com/watch?v=test_real_000634,0,15,none
real_000635,RVRA,id00035,id00035,https://www.youtube.com/watch?v=test_real_000635,0,15,none
real_000636,RVRA,id00036,id00036,https://www.youtube.com/watch?v=test_real_000636,0,15,none
real_000637,RVRA,id00037,id00037,https://www.youtube.com/watch?v=test_real_000637,0,15,none
real_000638,RVRA,id00038,id00038,https://www.youtube.com/watch?v=test_real_000638,0,15,none
real_000639,RVRA,id00039,id00039,https://www.youtube.com/watch?v=test_real_000639,0,15,none
real_000640,RVRA,id00040,id00040,https://www.youtube.com/watch?v=test_real_000640,0,15,none
real_000641,RVRA,id00041,id00041,https://www.youtube.com/watch?v=test_real_000641,0,15,none
real_000642,RVRA,id00042,id00042,https://www.youtube.com/watch?v=test_real_000642,0,15,none
real_000643,RVRA,id00043,id00043,https://www.youtube.com/watch?v=test_real_000643,0,15,none
real_000644,RVRA,id00044,id00044,https://www.youtube.com/watch?v=test_real_000644,0,15,none
real_000645,RVRA,id00045,id00045,https://www.youtube.com/watch?v=test_real_000645,0,15,none
real_000646,RVRA,id00046,id00046,https://www.youtube.com/watch?v=test_real_000646,0,15,none
real_000647,RVRA,id00047,id00047,https://www.youtube.com/watch?v=test_real_000647,0,15,none
real_000648,RVRA,id00048,id00048,https://www.youtube.com/watch?v=test_real_000648,0,15,none
real_000649,RVRA,id00049,id00049,https://www.youtube.com/watch?v=test_real_000649,0,15,none
real_000650,RVRA,id00050,id00050,https://www.youtube.com/watch?v=test_real_000650,0,15,none
real_000651,RVRA,id00051,id00051,https://www.youtube.com/watch?v=test_real_000651,0,15,none
real_000652,RVRA,id00052,id00052,https://www.youtube.com/watch?v=test_real_000652,0,15,none
real_000653,RVRA,id00053,id00053,https://www.youtube.com/watch?v=test_real_000653,0,15,none
real_000654,RVRA,id00054,id00054,https://www.youtube.com/watch?v=test_real_000654,0,15,none
real_000655,RVRA,id00055,id00055,https://www.youtube.com/watch?v=test_real_000655,0,15,none
real_000656,RVRA,id00056,id00056,https://www.youtube.com/watch?v=test_real_000656,0,15,none
real_000657,RVRA,id00057,id00057,https://www.youtube.com/watch?v=test_real_000657,0,15,none
real_000658,RVRA,id00058,id00058,https://www.youtube.com/watch?v=test_real_000658,0,15,none
real_000659,RVRA,id00059,id00059,https://www.youtube.com/watch?v=test_real_000659,0,15,none
real_000660,RVRA,id00060,id00060,https://www.youtube.com/watch?v=test_real_000660,0,15,none
real_000661,RVRA,id00061,id00061,https://www.youtube.com/watch?v=test_real_000661,0,15,none
real_000662,RVRA,id00062,id00062,https://www.youtube.com/watch?v=test_real_000662,0,15,none
real_000663,RVRA,id00063,id00063,https://www.youtube.com/watch?v=test_real_000663,0,15,none
real_000664,RVRA,id00064,id00064,https://www.youtube.com/watch?v=test_real_000664,0,15,none
real_000665,RVRA,id00065,id00065,https://www.youtube.com/watch?v=test_real_000665,0,15,none
real_000666,RVRA,id00066,id00066,https://www.youtube.com/watch?v=test_real_000666,0,15,none
real_000667,RVRA,id00067,id00067,https://www.youtube.com/watch?v=test_real_000667,0,15,none
real_000668,RVRA,id00068,id00068,https://www.youtube.com/watch?v=test_real_000668,0,15,none
real_000669,RVRA,id00069,id00069,https://www.youtube.com/watch?v=test_real_000669,0,15,none
real_000670,RVRA,id00070,id00070,https://www.youtube.com/watch?v=test_real_000670,0,15,none
real_000671,RVRA,id00071,id00071,https://www.youtube.com/watch?v=test_real_000671,0,15,none
real_000672,RVRA,id00072,id00072,https://www.youtube.com/watch?v=test_real_000672,0,15,none
real_000673,RVRA,id00073,id00073,https://www.youtube.com/watch?v=test_real_000673,0,15,none
real_000674,RVRA,id00074,id00074,https://www.youtube.com/watch?v=test_real_000674,0,15,none
real_000675,RVRA,id00075,id00075,https://www.youtube.com/watch?v=test_real_000675,0,15,none
real_000676,RVRA,id00076,id00076,https://www.youtube.com/watch?v=test_real_000676,0,15,none
real_000677,RVRA,id00077,id00077,https://www.youtube.com/watch?v=test_real_000677,0,15,none
real_000678,RVRA,id00078,id00078,https://www.youtube.com/watch?v=test_real_000678,0,15,none
real_000679,RVRA,id00079,id00079,https://www.youtube.com/watch?v=test_real_000679,0,15,none
real_000680,RVRA,id00080,id00080,https://www.youtube.com/watch?v=test_real_000680,0,15,none
real_000681,RVRA,id00081,id00081,https://www.youtube.com/watch?v=test_real_000681,0,15,none
real_000682,RVRA,id00082,id00082,https://www.youtube.com/watch?v=test_real_000682,0,15,none
real_000683,RVRA,id00083,id00083,https://www.youtube.com/watch?v=test_real_000683,0,15,none
real_000684,RVRA,id00084,id00084,https://www.youtube.com/watch?v=test_real_000684,0,15,none
real_000685,RVRA,id00085,id00085,https://www.youtube.com/watch?v=test_real_000685,0,15,none
real_000686,RVRA,id00086,id00086,https://www.youtube.com/watch?v=test_real_000686,0,15,none
real_000687,RVRA,id00087,id00087,https://www.youtube.com/watch?v=test_real_000687,0,15,none
real_000688,RVRA,id00088,id00088,https://www.youtube.com/watch?v=test_real_000688,0,15,none
real_000689,RVRA,id00089,id00089,https://www.youtube.com/watch?v=test_real_000689,0,15,none
real_000690,RVRA,id00090,id00090,https://www.youtube.com/watch?v=test_real_000690,0,15,none
real_000691,RVRA,id00091,id00091,https://www.youtube.com/watch?v=test_real_000691,0,15,none
real_000692,RVRA,id00092,id00092,https://www.youtube.com/watch?v=test_real_000692,0,15,none
real_000693,RVRA,id00093,id00093,https://www.youtube.com/watch?v=test_real_000693,0,15,none
real_000694,RVRA,id00094,id00094,https://www.youtube.com/watch?v=test_real_000694,0,15,none
real_000695,RVRA,id00095,id00095,https://www.youtube.com/watch?v=test_real_000695,0,15,none
real_000696,RVRA,id00096,id00096,https://www.youtube.com/watch?v=test_real_000696,0,15,none
real_000697,RVRA,id00097,id00097,https://www.youtube.com/watch?v=test_real_000697,0,15,none
real_000698,RVRA,id00098,id00098,https://www.youtube.com/watch?v=test_real_000698,0,15,none
real_000699,RVRA,id00099,id00099,https://www.youtube.com/watch?v=test_real_000699,0,15,none
real_000700,RVRA,id00000,id00000,https://www.youtube.com/watch?v=test_real_000700,0,15,none
real_000701,RVRA,id00001,id00001,https://www.youtube.com/watch?v=test_real_000701,0,15,none
real_000702,RVRA,id00002,id00002,https://www.youtube.com/watch?v=test_real_000702,0,15,none
real_000703,RVRA,id00003,id00003,https://www.youtube.com/watch?v=test_real_000703,0,15,none
real_000704,RVRA,id00004,id00004,https://www.youtube.com/watch?v=test_real_000704,0,15,none
real_000705,RVRA,id00005,id00005,https://www.youtube.com/watch?v=test_real_000705,0,15,none
real_000706,RVRA,id00006,id00006,https://www.youtube.com/watch?v=test_real_000706,0,15,none
real_000707,RVRA,id00007,id00007,https://www.youtube.com/watch?v=test_real_000707,0,15,none
real_000708,RVRA,id00008,id00008,https://www.youtube.com/watch?v=test_real_000708,0,15,none
real_000709,RVRA,id00009,id00009,https://www.youtube.com/watch?v=test_real_000709,0,15,none
real_000710,RVRA,id00010,id00010,https://www.youtube.com/watch?v=test_real_000710,0,15,none
real_000711,RVRA,id00011,id00011,https://www.youtube.com/watch?v=test_real_000711,0,15,none
real_000712,RVRA,id00012,id00012,https://www.youtube.com/watch?v=test_real_000712,0,15,none
real_000713,RVRA,id00013,id00013,https://www.youtube.com/watch?v=test_real_000713,0,15,none
real_000714,RVRA,id00014,id00014,https://www.youtube.com/watch?v=test_real_000714,0,15,none
real_000715,RVRA,id00015,id00015,https://www.youtube.com/watch?v=test_real_000715,0,15,none
real_000716,RVRA,id00016,id00016,https://www.youtube.com/watch?v=test_real_000716,0,15,none
real_000717,RVRA,id00017,id00017,https://www.youtube.com/watch?v=test_real_000717,0,15,none
real_000718,RVRA,id00018,id00018,https://www.youtube.com/watch?v=test_real_000718,0,15,none
real_000719,RVRA,id00019,id00019,https://www.youtube.com/watch?v=test_real_000719,0,15,none
real_000720,RVRA,id00020,id00020,https://www.youtube.com/watch?v=test_real_000720,0,15,none
real_000721,RVRA,id00021,id00021,https://www.youtube.com/watch?v=test_real_000721,0,15,none
real_000722,RVRA,id00022,id00022,https://www.youtube.com/watch?v=test_real_000722,0,15,none
real_000723,RVRA,id00023,id00023,https://www.youtube.com/watch?v=test_real_000723,0,15,none
real_000724,RVRA,id00024,id00024,https://www.youtube.com/watch?v=test_real_000724,0,15,none
real_000725,RVRA,id00025,id00025,https://www.youtube.com/watch?v=test_real_000725,0,15,none
real_000726,RVRA,id00026,id00026,https://www.youtube.com/watch?v=test_real_000726,0,15,none
real_000727,RVRA,id00027,id00027,https://www.youtube.com/watch?v=test_real_000727,0,15,none
real_000728,RVRA,id00028,id00028,https://www.youtube.com/watch?v=test_real_000728,0,15,none
real_000729,RVRA,id00029,id00029,https://www.youtube.com/watch?v=test_real_000729,0,15,none
real_000730,RVRA,id00030,id00030,https://www.youtube.com/watch?v=test_real_000730,0,15,none
real_000731,RVRA,id00031,id00031,https://www.youtube.com/watch?v=test_real_000731,0,15,none
real_000732,RVRA,id00032,id00032,https://www.youtube.com/watch?v=test_real_000732,0,15,none
real_000733,RVRA,id00033,id00033,https://www.youtube.com/watch?v=test_real_000733,0,15,none
real_000734,RVRA,id00034,id00034,https://www.youtube.com/watch?v=test_real_000734,0,15,none
real_000735,RVRA,id00035,id00035,https://www.youtube.com/watch?v=test_real_000735,0,15,none
real_000736,RVRA,id00036,id00036,https://www.youtube.com/watch?v=test_real_000736,0,15,none
real_000737,RVRA,id00037,id00037,https://www.youtube.com/watch?v=test_real_000737,0,15,none
real_000738,RVRA,id00038,id00038,https://www.youtube.com/watch?v=test_real_000738,0,15,none
real_000739,RVRA,id00039,id00039,https://www.youtube.com/watch?v=test_real_000739,0,15,none
real_000740,RVRA,id00040,id00040,https://www.youtube.com/watch?v=test_real_000740,0,15,none
real_000741,RVRA,id00041,id00041,https://www.youtube.com/watch?v=test_real_000741,0,15,none
real_000742,RVRA,id00042,id00042,https://www.youtube.com/watch?v=test_real_000742,0,15,none
real_000743,RVRA,id00043,id00043,https://www.youtube.com/watch?v=test_real_000743,0,15,none
real_000744,RVRA,id00044,id00044,https://www.youtube.com/watch?v=test_real_000744,0,15,none
real_000745,RVRA,id00045,id00045,https://www.youtube.com/watch?v=test_real_000745,0,15,none
real_000746,RVRA,id00046,id00046,https://www.youtube.com/watch?v=test_real_000746,0,15,none
real_000747,RVRA,id00047,id00047,https://www.youtube.com/watch?v=test_real_000747,0,15,none
real_000748,RVRA,id00048,id00048,https://www.youtube.com/watch?v=test_real_000748,0,15,none
real_000749,RVRA,id00049,id00049,https://www.youtube.com/watch?v=test_real_000749,0,15,none
real_000750,RVRA,id00050,id00050,https://www.youtube.com/watch?v=test_real_000750,0,15,none
real_000751,RVRA,id00051,id00051,https://www.youtube.com/watch?v=test_real_000751,0,15,none
real_000752,RVRA,id00052,id00052,https://www.youtube.com/watch?v=test_real_000752,0,15,none
real_000753,RVRA,id00053,id00053,https://www.youtube.com/watch?v=test_real_000753,0,15,none
real_000754,RVRA,id00054,id00054,https://www.youtube.com/watch?v=test_real_000754,0,15,none
real_000755,RVRA,id00055,id00055,https://www.youtube.com/watch?v=test_real_000755,0,15,none
real_000756,RVRA,id00056,id00056,https://www.youtube.com/watch?v=test_real_000756,0,15,none
real_000757,RVRA,id00057,id00057,https://www.youtube.com/watch?v=test_real_000757,0,15,none
real_000758,RVRA,id00058,id00058,https://www.youtube.com/watch?v=test_real_000758,0,15,none
real_000759,RVRA,id00059,id00059,https://www.youtube.com/watch?v=test_real_000759,0,15,none
real_000760,RVRA,id00060,id00060,https://www.youtube.com/watch?v=test_real_000760,0,15,none
real_000761,RVRA,id00061,id00061,https://www.youtube.com/watch?v=test_real_000761,0,15,none
real_000762,RVRA,id00062,id00062,https://www.youtube.com/watch?v=test_real_000762,0,15,none
real_000763,RVRA,id00063,id00063,https://www.youtube.com/watch?v=test_real_000763,0,15,none
real_000764,RVRA,id00064,id00064,https://www.youtube.com/watch?v=test_real_000764,0,15,none
real_000765,RVRA,id00065,id00065,https://www.youtube.com/watch?v=test_real_000765,0,15,none
real_000766,RVRA,id00066,id00066,https://www.youtube.com/watch?v=test_real_000766,0,15,none
real_000767,RVRA,id00067,id00067,https://www.youtube.com/watch?v=test_real_000767,0,15,none
real_000768,RVRA,id00068,id00068,https://www.youtube.com/watch?v=test_real_000768,0,15,none
real_000769,RVRA,id00069,id00069,https://www.youtube.com/watch?v=test_real_000769,0,15,none
real_000770,RVRA,id00070,id00070,https://www.youtube.com/watch?v=test_real_000770,0,15,none
real_000771,RVRA,id00071,id00071,https://www.youtube.com/watch?v=test_real_000771,0,15,none
real_000772,RVRA,id00072,id00072,https://www.youtube.com/watch?v=test_real_000772,0,15,none
real_000773,RVRA,id00073,id00073,https://www.youtube.com/watch?v=test_real_000773,0,15,none
real_000774,RVRA,id00074,id00074,https://www.youtube.com/watch?v=test_real_000774,0,15,none
real_000775,RVRA,id00075,id00075,https://www.youtube.com/watch?v=test_real_000775,0,15,none
real_000776,RVRA,id00076,id00076,https://www.youtube.com/watch?v=test_real_000776,0,15,none
real_000777,RVRA,id00077,id00077,https://www.youtube.com/watch?v=test_real_000777,0,15,none
real_000778,RVRA,id00078,id00078,https://www.youtube.com/watch?v=test_real_000778,0,15,none
real_000779,RVRA,id00079,id00079,https://www.youtube.com/watch?v=test_real_000779,0,15,none
real_000780,RVRA,id00080,id00080,https://www.youtube.com/watch?v=test_real_000780,0,15,none
real_000781,RVRA,id00081,id00081,https://www.youtube.com/watch?v=test_real_000781,0,15,none
real_000782,RVRA,id00082,id00082,https://www.youtube.com/watch?v=test_real_000782,0,15,none
real_000783,RVRA,id00083,id00083,https://www.youtube.com/watch?v=test_real_000783,0,15,none
real_000784,RVRA,id00084,id00084,https://www.youtube.com/watch?v=test_real_000784,0,15,none
real_000785,RVRA,id00085,id00085,https://www.youtube.com/watch?v=test_real_000785,0,15,none
real_000786,RVRA,id00086,id00086,https://www.youtube.com/watch?v=test_real_000786,0,15,none
real_000787,RVRA,id00087,id00087,https://www.youtube.com/watch?v=test_real_000787,0,15,none
real_000788,RVRA,id00088,id00088,https://www.youtube.com/watch?v=test_real_000788,0,15,none
real_000789,RVRA,id00089,id00089,https://www.youtube.com/watch?v=test_real_000789,0,15,none
real_000790,RVRA,id00090,id00090,https://www.youtube.com/watch?v=test_real_000790,0,15,none
real_000791,RVRA,id00091,id00091,https://www.youtube.com/watch?v=test_real_000791,0,15,none
real_000792,RVRA,id00092,id00092,https://www.youtube.com/watch?v=test_real_000792,0,15,none
real_000793,RVRA,id00093,id00093,https://www.youtube.com/watch?v=test_real_000793,0,15,none
real_000794,RVRA,id00094,id00094,https://www.youtube.com/watch?v=test_real_000794,0,15,none
real_000795,RVRA,id00095,id00095,https://www.youtube.com/watch?v=test_real_000795,0,15,none
real_000796,RVRA,id00096,id00096,https://www.youtube.com/watch?v=test_real_000796,0,15,none
real_000797,RVRA,id00097,id00097,https://www.youtube.com/watch?v=test_real_000797,0,15,none
real_000798,RVRA,id00098,id00098,https://www.youtube.com/watch?v=test_real_000798,0,15,none
real_000799,RVRA,id00099,id00099,https://www.youtube.com/watch?v=test_real_000799,0,15,none
real_000800,RVRA,id00000,id00000,https://www.youtube.com/watch?v=test_real_000800,0,15,none
real_000801,RVRA,id00001,id00001,https://www.youtube.com/watch?v=test_real_000801,0,15,none
real_000802,RVRA,id00002,id00002,https://www.youtube.com/watch?v=test_real_000802,0,15,none
real_000803,RVRA,id00003,id00003,https://www.youtube.com/watch?v=test_real_000803,0,15,none
real_000804,RVRA,id00004,id00004,https://www.youtube.com/watch?v=test_real_000804,0,15,none
real_000805,RVRA,id00005,id00005,https://www.youtube.com/watch?v=test_real_000805,0,15,none
real_000806,RVRA,id00006,id00006,https://www.youtube.com/watch?v=test_real_000806,0,15,none
real_000807,RVRA,id00007,id00007,https://www.youtube.com/watch?v=test_real_000807,0,15,none
real_000808,RVRA,id00008,id00008,https://www.youtube.com/watch?v=test_real_000808,0,15,none
real_000809,RVRA,id00009,id00009,https://www.youtube.com/watch?v=test_real_000809,0,15,none
real_000810,RVRA,id00010,id00010,https://www.youtube.com/watch?v=test_real_000810,0,15,none
real_000811,RVRA,id00011,id00011,https://www.youtube.com/watch?v=test_real_000811,0,15,none
real_000812,RVRA,id00012,id00012,https://www.youtube.com/watch?v=test_real_000812,0,15,none
real_000813,RVRA,id00013,id00013,https://www.youtube.com/watch?v=test_real_000813,0,15,none
real_000814,RVRA,id00014,id00014,https://www.youtube.com/watch?v=test_real_000814,0,15,none
real_000815,RVRA,id00015,id00015,https://www.youtube.com/watch?v=test_real_000815,0,15,none
real_000816,RVRA,id00016,id00016,https://www.youtube.com/watch?v=test_real_000816,0,15,none
real_000817,RVRA,id00017,id00017,https://www.youtube.com/watch?v=test_real_000817,0,15,none
real_000818,RVRA,id00018,id00018,https://www.youtube.com/watch?v=test_real_000818,0,15,none
real_000819,RVRA,id00019,id00019,https://www.youtube.com/watch?v=test_real_000819,0,15,none
real_000820,RVRA,id00020,id00020,https://www.youtube.com/watch?v=test_real_000820,0,15,none
real_000821,RVRA,id00021,id00021,https://www.youtube.com/watch?v=test_real_000821,0,15,none
real_000822,RVRA,id00022,id00022,https://www.youtube.com/watch?v=test_real_000822,0,15,none
real_000823,RVRA,id00023,id00023,https://www.youtube.com/watch?v=test_real_000823,0,15,none
real_000824,RVRA,id00024,id00024,https://www.youtube.com/watch?v=test_real_000824,0,15,none
real_000825,RVRA,id00025,id00025,https://www.youtube.com/watch?v=test_real_000825,0,15,none
real_000826,RVRA,id00026,id00026,https://www.youtube.com/watch?v=test_real_000826,0,15,none
real_000827,RVRA,id00027,id00027,https://www.youtube.com/watch?v=test_real_000827,0,15,none
real_000828,RVRA,id00028,id00028,https://www.youtube.com/watch?v=test_real_000828,0,15,none
real_000829,RVRA,id00029,id00029,https://www.youtube.com/watch?v=test_real_000829,0,15,none
real_000830,RVRA,id00030,id00030,https://www.youtube.com/watch?v=test_real_000830,0,15,none
real_000831,RVRA,id00031,id00031,https://www.youtube.com/watch?v=test_real_000831,0,15,none
real_000832,RVRA,id00032,id00032,https://www.youtube.com/watch?v=test_real_000832,0,15,none
real_000833,RVRA,id00033,id00033,https://www.youtube.com/watch?v=test_real_000833,0,15,none
real_000834,RVRA,id00034,id00034,https://www.youtube.com/watch?v=test_real_000834,0,15,none
real_000835,RVRA,id00035,id00035,https://www.youtube.com/watch?v=test_real_000835,0,15,none
real_000836,RVRA,id00036,id00036,https://www.youtube.com/watch?v=test_real_000836,0,15,none
real_000837,RVRA,id00037,id00037,https://www.youtube.com/watch?v=test_real_000837,0,15,none
real_000838,RVRA,id00038,id00038,https://www.youtube.com/watch?v=test_real_000838,0,15,none
real_000839,RVRA,id00039,id00039,https://www.youtube.com/watch?v=test_real_000839,0,15,none
real_000840,RVRA,id00040,id00040,https://www.youtube.com/watch?v=test_real_000840,0,15,none
real_000841,RVRA,id00041,id00041,https://www.youtube.com/watch?v=test_real_000841,0,15,none
real_000842,RVRA,id00042,id00042,https://www.youtube.com/watch?v=test_real_000842,0,15,none
real_000843,RVRA,id00043,id00043,https://www.youtube.com/watch?v=test_real_000843,0,15,none
real_000844,RVRA,id00044,id00044,https://www.youtube.com/watch?v=test_real_000844,0,15,none
real_000845,RVRA,id00045,id00045,https://www.youtube.com/watch?v=test_real_000845,0,15,none
real_000846,RVRA,id00046,id00046,https://www.youtube.com/watch?v=test_real_000846,0,15,none
real_000847,RVRA,id00047,id00047,https://www.youtube.com/watch?v=test_real_000847,0,15,none
real_000848,RVRA,id00048,id00048,https://www.youtube.com/watch?v=test_real_000848,0,15,none
real_000849,RVRA,id00049,id00049,https://www.youtube.com/watch?v=test_real_000849,0,15,none
real_000850,RVRA,id00050,id00050,https://www.youtube.com/watch?v=test_real_000850,0,15,none
real_000851,RVRA,id00051,id00051,https://www.youtube.com/watch?v=test_real_000851,0,15,none
real_000852,RVRA,id00052,id00052,https://www.youtube.com/watch?v=test_real_000852,0,15,none
real_000853,RVRA,id00053,id00053,https://www.youtube.com/watch?v=test_real_000853,0,15,none
real_000854,RVRA,id00054,id00054,https://www.youtube.com/watch?v=test_real_000854,0,15,none
real_000855,RVRA,id00055,id00055,https://www.youtube.com/watch?v=test_real_000855,0,15,none
real_000856,RVRA,id00056,id00056,https://www.youtube.com/watch?v=test_real_000856,0,15,none
real_000857,RVRA,id00057,id00057,https://www.youtube.com/watch?v=test_real_000857,0,15,none
real_000858,RVRA,id00058,id00058,https://www.youtube.com/watch?v=test_real_000858,0,15,none
real_000859,RVRA,id00059,id00059,https://www.youtube.com/watch?v=test_real_000859,0,15,none
real_000860,RVRA,id00060,id00060,https://www.youtube.com/watch?v=test_real_000860,0,15,none
real_000861,RVRA,id00061,id00061,https://www.youtube.com/watch?v=test_real_000861,0,15,none
real_000862,RVRA,id00062,id00062,https://www.youtube.com/watch?v=test_real_000862,0,15,none
real_000863,RVRA,id00063,id00063,https://www.youtube.com/watch?v=test_real_000863,0,15,none
real_000864,RVRA,id00064,id00064,https://www.youtube.com/watch?v=test_real_000864,0,15,none
real_000865,RVRA,id00065,id00065,https://www.youtube.com/watch?v=test_real_000865,0,15,none
real_000866,RVRA,id00066,id00066,https://www.youtube.com/watch?v=test_real_000866,0,15,none
real_000867,RVRA,id00067,id00067,https://www.youtube.com/watch?v=test_real_000867,0,15,none
real_000868,RVRA,id00068,id00068,https://www.youtube.com/watch?v=test_real_000868,0,15,none
real_000869,RVRA,id00069,id00069,https://www.youtube.com/watch?v=test_real_000869,0,15,none
real_000870,RVRA,id00070,id00070,https://www.youtube.com/watch?v=test_real_000870,0,15,none
real_000871,RVRA,id00071,id00071,https://www.youtube.com/watch?v=test_real_000871,0,15,none
real_000872,RVRA,id00072,id00072,https://www.youtube.com/watch?v=test_real_000872,0,15,none
real_000873,RVRA,id00073,id00073,https://www.youtube.com/watch?v=test_real_000873,0,15,none
real_000874,RVRA,id00074,id00074,https://www.youtube.com/watch?v=test_real_000874,0,15,none
real_000875,RVRA,id00075,id00075,https://www.youtube.com/watch?v=test_real_000875,0,15,none
real_000876,RVRA,id00076,id00076,https://www.youtube.com/watch?v=test_real_000876,0,15,none
real_000877,RVRA,id00077,id00077,https://www.youtube.com/watch?v=test_real_000877,0,15,none
real_000878,RVRA,id00078,id00078,https://www.youtube.com/watch?v=test_real_000878,0,15,none
real_000879,RVRA,id00079,id00079,https://www.youtube.com/watch?v=test_real_000879,0,15,none
real_000880,RVRA,id00080,id00080,https://www.youtube.com/watch?v=test_real_000880,0,15,none
real_000881,RVRA,id00081,id00081,https://www.youtube.com/watch?v=test_real_000881,0,15,none
real_000882,RVRA,id00082,id00082,https://www.youtube.com/watch?v=test_real_000882,0,15,none
real_000883,RVRA,id00083,id00083,https://www.youtube.com/watch?v=test_real_000883,0,15,none
real_000884,RVRA,id00084,id00084,https://www.youtube.com/watch?v=test_real_000884,0,15,none
real_000885,RVRA,id00085,id00085,https://www.youtube.com/watch?v=test_real_000885,0,15,none
real_000886,RVRA,id00086,id00086,https://www.youtube.com/watch?v=test_real_000886,0,15,none
real_000887,RVRA,id00087,id00087,https://www.youtube.com/watch?v=test_real_000887,0,15,none
real_000888,RVRA,id00088,id00088,https://www.youtube.com/watch?v=test_real_000888,0,15,none
real_000889,RVRA,id00089,id00089,https://www.youtube.com/watch?v=test_real_000889,0,15,none
real_000890,RVRA,id00090,id00090,https://www.youtube.com/watch?v=test_real_000890,0,15,none
real_000891,RVRA,id00091,id00091,https://www.youtube.com/watch?v=test_real_000891,0,15,none
real_000892,RVRA,id00092,id00092,https://www.youtube.com/watch?v=test_real_000892,0,15,none
real_000893,RVRA,id00093,id00093,https://www.youtube.com/watch?v=test_real_000893,0,15,none
real_000894,RVRA,id00094,id00094,https://www.youtube.com/watch?v=test_real_000894,0,15,none
real_000895,RVRA,id00095,id00095,https://www.youtube.com/watch?v=test_real_000895,0,15,none
real_000896,RVRA,id00096,id00096,https://www.youtube.com/watch?v=test_real_000896,0,15,none
real_000897,RVRA,id00097,id00097,https://www.youtube.com/watch?v=test_real_000897,0,15,none
real_000898,RVRA,id00098,id00098,https://www.youtube.com/watch?v=test_real_000898,0,15,none
real_000899,RVRA,id00099,id00099,https://www.youtube.com/watch?v=test_real_000899,0,15,none
real_000900,RVRA,id00000,id00000,https://www.youtube.com/watch?v=test_real_000900,0,15,none
real_000901,RVRA,id00001,id00001,https://www.youtube.com/watch?v=test_real_000901,0,15,none
real_000902,RVRA,id00002,id00002,https://www.youtube.com/watch?v=test_real_000902,0,15,none
real_000903,RVRA,id00003,id00003,https://www.youtube.com/watch?v=test_real_000903,0,15,none
real_000904,RVRA,id00004,id00004,https://www.youtube.com/watch?v=test_real_000904,0,15,none
real_000905,RVRA,id00005,id00005,https://www.youtube.com/watch?v=test_real_000905,0,15,none
real_000906,RVRA,id00006,id00006,https://www.youtube.com/watch?v=test_real_000906,0,15,none
real_000907,RVRA,id00007,id00007,https://www.youtube.com/watch?v=test_real_000907,0,15,none
real_000908,RVRA,id00008,id00008,https://www.youtube.com/watch?v=test_real_000908,0,15,none
real_000909,RVRA,id00009,id00009,https://www.youtube.com/watch?v=test_real_000909,0,15,none
real_000910,RVRA,id00010,id00010,https://www.youtube.com/watch?v=test_real_000910,0,15,none
real_000911,RVRA,id00011,id00011,https://www.youtube.com/watch?v=test_real_000911,0,15,none
real_000912,RVRA,id00012,id00012,https://www.youtube.com/watch?v=test_real_000912,0,15,none
real_000913,RVRA,id00013,id00013,https://www.youtube.com/watch?v=test_real_000913,0,15,none
real_000914,RVRA,id00014,id00014,https://www.youtube.com/watch?v=test_real_000914,0,15,none
real_000915,RVRA,id00015,id00015,https://www.youtube.com/watch?v=test_real_000915,0,15,none
real_000916,RVRA,id00016,id00016,https://www.youtube.com/watch?v=test_real_000916,0,15,none
real_000917,RVRA,id00017,id00017,https://www.youtube.com/watch?v=test_real_000917,0,15,none
real_000918,RVRA,id00018,id00018,https://www.youtube.com/watch?v=test_real_000918,0,15,none
real_000919,RVRA,id00019,id00019,https://www.youtube.com/watch?v=test_real_000919,0,15,none
real_000920,RVRA,id00020,id00020,https://www.youtube.com/watch?v=test_real_000920,0,15,none
real_000921,RVRA,id00021,id00021,https://www.youtube.com/watch?v=test_real_000921,0,15,none
real_000922,RVRA,id00022,id00022,https://www.youtube.com/watch?v=test_real_000922,0,15,none
real_000923,RVRA,id00023,id00023,https://www.youtube.com/watch?v=test_real_000923,0,15,none
real_000924,RVRA,id00024,id00024,https://www.youtube.com/watch?v=test_real_000924,0,15,none
real_000925,RVRA,id00025,id00025,https://www.youtube.com/watch?v=test_real_000925,0,15,none
real_000926,RVRA,id00026,id00026,https://www.youtube.com/watch?v=test_real_000926,0,15,none
real_000927,RVRA,id00027,id00027,https://www.youtube.com/watch?v=test_real_000927,0,15,none
real_000928,RVRA,id00028,id00028,https://www.youtube.com/watch?v=test_real_000928,0,15,none
real_000929,RVRA,id00029,id00029,https://www.youtube.com/watch?v=test_real_000929,0,15,none
real_000930,RVRA,id00030,id00030,https://www.youtube.com/watch?v=test_real_000930,0,15,none
real_000931,RVRA,id00031,id00031,https://www.youtube.com/watch?v=test_real_000931,0,15,none
real_000932,RVRA,id00032,id00032,https://www.youtube.com/watch?v=test_real_000932,0,15,none
real_000933,RVRA,id00033,id00033,https://www.youtube.com/watch?v=test_real_000933,0,15,none
real_000934,RVRA,id00034,id00034,https://www.youtube.com/watch?v=test_real_000934,0,15,none
real_000935,RVRA,id00035,id00035,https://www.youtube.com/watch?v=test_real_000935,0,15,none
real_000936,RVRA,id00036,id00036,https://www.youtube.com/watch?v=test_real_000936,0,15,none
real_000937,RVRA,id00037,id00037,https://www.youtube.com/watch?v=test_real_000937,0,15,none
real_000938,RVRA,id00038,id00038,https://www.youtube.com/watch?v=test_real_000938,0,15,none
real_000939,RVRA,id00039,id00039,https://www.youtube.com/watch?v=test_real_000939,0,15,none
real_000940,RVRA,id00040,id00040,https://www.youtube.com/watch?v=test_real_000940,0,15,none
real_000941,RVRA,id00041,id00041,https://www.youtube.com/watch?v=test_real_000941,0,15,none
real_000942,RVRA,id00042,id00042,https://www.youtube.com/watch?v=test_real_000942,0,15,none
real_000943,RVRA,id00043,id00043,https://www.youtube.com/watch?v=test_real_000943,0,15,none
real_000944,RVRA,id00044,id00044,https://www.youtube.com/watch?v=test_real_000944,0,15,none
real_000945,RVRA,id00045,id00045,https://www.youtube.com/watch?v=test_real_000945,0,15,none
real_000946,RVRA,id00046,id00046,https://www.youtube.com/watch?v=test_real_000946,0,15,none
real_000947,RVRA,id00047,id00047,https://www.youtube.com/watch?v=test_real_000947,0,15,none
real_000948,RVRA,id00048,id00048,https://www.youtube.com/watch?v=test_real_000948,0,15,none
real_000949,RVRA,id00049,id00049,https://www.youtube.com/watch?v=test_real_000949,0,15,none
real_000950,RVRA,id00050,id00050,https://www.youtube.com/watch?v=test_real_000950,0,15,none
real_000951,RVRA,id00051,id00051,https://www.youtube.com/watch?v=test_real_000951,0,15,none
real_000952,RVRA,id00052,id00052,https://www.youtube.com/watch?v=test_real_000952,0,15,none
real_000953,RVRA,id00053,id00053,https://www.youtube.com/watch?v=test_real_000953,0,15,none
real_000954,RVRA,id00054,id00054,https://www.youtube.com/watch?v=test_real_000954,0,15,none
real_000955,RVRA,id00055,id00055,https://www.youtube.com/watch?v=test_real_000955,0,15,none
real_000956,RVRA,id00056,id00056,https://www.youtube.com/watch?v=test_real_000956,0,15,none
real_000957,RVRA,id00057,id00057,https://www.youtube.com/watch?v=test_real_000957,0,15,none
real_000958,RVRA,id00058,id00058,https://www.youtube.com/watch?v=test_real_000958,0,15,none
real_000959,RVRA,id00059,id00059,https://www.youtube.com/watch?v=test_real_000959,0,15,none
real_000960,RVRA,id00060,id00060,https://www.youtube.com/watch?v=test_real_000960,0,15,none
real_000961,RVRA,id00061,id00061,https://www.youtube.com/watch?v=test_real_000961,0,15,none
real_000962,RVRA,id00062,id00062,https://www.youtube.com/watch?v=test_real_000962,0,15,none
real_000963,RVRA,id00063,id00063,https://www.youtube.com/watch?v=test_real_000963,0,15,none
real_000964,RVRA,id00064,id00064,https://www.youtube.com/watch?v=test_real_000964,0,15,none
real_000965,RVRA,id00065,id00065,https://www.youtube.com/watch?v=test_real_000965,0,15,none
real_000966,RVRA,id00066,id00066,https://www.youtube.com/watch?v=test_real_000966,0,15,none
real_000967,RVRA,id00067,id00067,https://www.youtube.com/watch?v=test_real_000967,0,15,none
real_000968,RVRA,id00068,id00068,https://www.youtube.com/watch?v=test_real_000968,0,15,none
real_000969,RVRA,id00069,id00069,https://www.youtube.com/watch?v=test_real_000969,0,15,none
real_000970,RVRA,id00070,id00070,https://www.youtube.com/watch?v=test_real_000970,0,15,none
real_000971,RVRA,id00071,id00071,https://www.youtube.com/watch?v=test_real_000971,0,15,none
real_000972,RVRA,id00072,id00072,https://www.youtube.com/watch?v=test_real_000972,0,15,none
real_000973,RVRA,id00073,id00073,https://www.youtube.com/watch?v=test_real_000973,0,15,none
real_000974,RVRA,id00074,id00074,https://www.youtube.com/watch?v=test_real_000974,0,15,none
real_000975,RVRA,id00075,id00075,https://www.youtube.com/watch?v=test_real_000975,0,15,none
real_000976,RVRA,id00076,id00076,https://www.youtube.com/watch?v=test_real_000976,0,15,none
real_000977,RVRA,id00077,id00077,https://www.youtube.com/watch?v=test_real_000977,0,15,none
real_000978,RVRA,id00078,id00078,https://www.youtube.com/watch?v=test_real_000978,0,15,none
real_000979,RVRA,id00079,id00079,https://www.youtube.com/watch?v=test_real_000979,0,15,none
real_000980,RVRA,id00080,id00080,https://www.youtube.com/watch?v=test_real_000980,0,15,none
real_000981,RVRA,id00081,id00081,https://www.youtube.com/watch?v=test_real_000981,0,15,none
real_000982,RVRA,id00082,id00082,https://www.youtube.com/watch?v=test_real_000982,0,15,none
real_000983,RVRA,id00083,id00083,https://www.youtube.com/watch?v=test_real_000983,0,15,none
real_000984,RVRA,id00084,id00084,https://www.youtube.com/watch?v=test_real_000984,0,15,none
real_000985,RVRA,id00085,id00085,https://www.youtube.com/watch?v=test_real_000985,0,15,none
real_000986,RVRA,id00086,id00086,https://www.youtube.com/watch?v=test_real_000986,0,15,none
real_000987,RVRA,id00087,id00087,https://www.youtube.com/watch?v=test_real_000987,0,15,none
real_000988,RVRA,id00088,id00088,https://www.youtube.com/watch?v=test_real_000988,0,15,none
real_000989,RVRA,id00089,id00089,https://www.youtube.com/watch?v=test_real_000989,0,15,none
real_000990,RVRA,id00090,id00090,https://www.youtube.com/watch?v=test_real_000990,0,15,none
real_000991,RVRA,id00091,id00091,https://www.youtube.com/watch?v=test_real_000991,0,15,none
real_000992,RVRA,id00092,id00092,https://www.youtube.com/watch?v=test_real_000992,0,15,none
real_000993,RVRA,id00093,id00093,https://www.youtube.com/watch?v=test_real_000993,0,15,none
real_000994,RVRA,id00094,id00094,https://www.youtube.com/watch?v=test_real_000994,0,15,none
real_000995,RVRA,id00095,id00095,https://www.youtube.com/watch?v=test_real_000995,0,15,none
real_000996,RVRA,id00096,id00096,https://www.youtube.com/watch?v=test_real_000996,0,15,none
real_000997,RVRA,id00097,id00097,https://www.youtube.com/watch?v=test_real_000997,0,15,none
real_000998,RVRA,id00098,id00098,https://www.youtube.com/watch?v=test_real_000998,0,15,none
real_000999,RVRA,id00099,id00099,https://www.youtube.com/watch?v=test_real_000999,0,15,none
