video_path,clip_type,scene_frame_path,scene_context_pass,used_frame_path,used_scene_frame,sample_rate,rir_length,rt60_seconds,drr_db,status,error
C:\Users\arvis\Downloads\avdeepfake1m_660_videos\AVDeepfake1M_local\videos_subset_600\train\id00012\21Uxsk56VDQ\00001\fake_video_fake_audio.mp4,fake_video_fake_audio,E:\CAMC-DF\tmp_frames\fake_video_fake_audio_scene.png,True,E:\CAMC-DF\tmp_frames\fake_video_fake_audio_scene.png,True,22050,130305,4.674274512607002,-18.33523244807013,ok,
C:\Users\arvis\Downloads\avdeepfake1m_660_videos\AVDeepfake1M_local\videos_subset_600\train\id00012\21Uxsk56VDQ\00001\real.mp4,real,E:\CAMC-DF\tmp_frames\real_scene.png,True,E:\CAMC-DF\tmp_frames\real_scene.png,True,22050,130305,2.6175384304678007,-19.21147581403781,ok,
C:\Users\arvis\Downloads\avdeepfake1m_660_videos\AVDeepfake1M_local\videos_subset_600\train\id00012\21Uxsk56VDQ\00001\real_video_fake_audio.mp4,real_video_fake_audio,E:\CAMC-DF\tmp_frames\real_video_fake_audio_scene.png,True,E:\CAMC-DF\tmp_frames\real_video_fake_audio_scene.png,True,22050,130305,3.5788259124022987,-17.925739472968807,ok,
C:\Users\arvis\Downloads\avdeepfake1m_660_videos\AVDeepfake1M_local\videos_subset_600\train\id00012\21Uxsk56VDQ\00002\fake_video_fake_audio.mp4,fake_video_fake_audio,E:\CAMC-DF\tmp_frames\fake_video_fake_audio_scene.png,False,E:\CAMC-DF\tmp_frames\fake_video_fake_audio_middle.png,False,22050,130305,2.6527612802550977,-20.300998139271567,ok,
C:\Users\arvis\Downloads\avdeepfake1m_660_videos\AVDeepfake1M_local\videos_subset_600\train\id00012\21Uxsk56VDQ\00002\real_video_fake_audio.mp4,real_video_fake_audio,E:\CAMC-DF\tmp_frames\real_video_fake_audio_scene.png,False,E:\CAMC-DF\tmp_frames\real_video_fake_audio_middle.png,False,22050,130305,2.257073967171153,-15.794207517089689,ok,
C:\Users\arvis\Downloads\avdeepfake1m_660_videos\AVDeepfake1M_local\videos_subset_600\train\id00012\21Uxsk56VDQ\00003\fake_video_fake_audio.mp4,fake_video_fake_audio,E:\CAMC-DF\tmp_frames\fake_video_fake_audio_scene.png,False,E:\CAMC-DF\tmp_frames\fake_video_fake_audio_middle.png,False,22050,130305,5.175544811672779,-17.60062168764646,ok,
C:\Users\arvis\Downloads\avdeepfake1m_660_videos\AVDeepfake1M_local\videos_subset_600\train\id00012\21Uxsk56VDQ\00003\real.mp4,real,E:\CAMC-DF\tmp_frames\real_scene.png,False,E:\CAMC-DF\tmp_frames\real_middle.png,False,22050,130305,5.165720510691883,-18.87486676262981,ok,
C:\Users\arvis\Downloads\avdeepfake1m_660_videos\AVDeepfake1M_local\videos_subset_600\train\id00012\21Uxsk56VDQ\00003\real_video_fake_audio.mp4,real_video_fake_audio,E:\CAMC-DF\tmp_frames\real_video_fake_audio_scene.png,False,E:\CAMC-DF\tmp_frames\real_video_fake_audio_middle.png,False,22050,130305,10.84804797696271,-14.027459478239512,ok,
C:\Users\arvis\Downloads\avdeepfake1m_660_videos\AVDeepfake1M_local\videos_subset_600\train\id00012\21Uxsk56VDQ\00004\fake_video_fake_audio.mp4,fake_video_fake_audio,E:\CAMC-DF\tmp_frames\fake_video_fake_audio_scene.png,False,E:\CAMC-DF\tmp_frames\fake_video_fake_audio_middle.png,False,22050,130305,2.787321590585269,-11.073930316816725,ok,
C:\Users\arvis\Downloads\avdeepfake1m_660_videos\AVDeepfake1M_local\videos_subset_600\train\id00012\21Uxsk56VDQ\00004\real.mp4,real,E:\CAMC-DF\tmp_frames\real_scene.png,False,E:\CAMC-DF\tmp_frames\real_middle.png,False,22050,130305,2.492219502267103,-14.626834051142229,ok,
C:\Users\arvis\Downloads\avdeepfake1m_660_videos\AVDeepfake1M_local\videos_subset_600\train\id00012\21Uxsk56VDQ\00004\real_video_fake_audio.mp4,real_video_fake_audio,E:\CAMC-DF\tmp_frames\real_video_fake_audio_scene.png,False,E:\CAMC-DF\tmp_frames\real_video_fake_audio_middle.png,False,22050,130305,3.3720036303204077,-12.425273120000817,ok,
C:\Users\arvis\Downloads\avdeepfake1m_660_videos\AVDeepfake1M_local\videos_subset_600\train\id00012\21Uxsk56VDQ\00006\fake_video_fake_audio.mp4,fake_video_fake_audio,E:\CAMC-DF\tmp_frames\fake_video_fake_audio_scene.png,False,E:\CAMC-DF\tmp_frames\fake_video_fake_audio_middle.png,False,22050,130305,2.6309647192328245,-21.523984654952994,ok,
C:\Users\arvis\Downloads\avdeepfake1m_660_videos\AVDeepfake1M_local\videos_subset_600\train\id00012\21Uxsk56VDQ\00006\real.mp4,real,E:\CAMC-DF\tmp_frames\real_scene.png,False,E:\CAMC-DF\tmp_frames\real_middle.png,False,22050,130305,12.400124336172695,-16.76773303306691,ok,
C:\Users\arvis\Downloads\avdeepfake1m_660_videos\AVDeepfake1M_local\videos_subset_600\train\id00012\21Uxsk56VDQ\00006\real_video_fake_audio.mp4,real_video_fake_audio,E:\CAMC-DF\tmp_frames\real_video_fake_audio_scene.png,False,E:\CAMC-DF\tmp_frames\real_video_fake_audio_middle.png,False,22050,130305,2.7999340689168037,-20.015071941769182,ok,
C:\Users\arvis\Downloads\avdeepfake1m_660_videos\AVDeepfake1M_local\videos_subset_600\train\id00012\21Uxsk56VDQ\00007\fake_video_fake_audio.mp4,fake_video_fake_audio,E:\CAMC-DF\tmp_frames\fake_video_fake_audio_scene.png,False,E:\CAMC-DF\tmp_frames\fake_video_fake_audio_middle.png,False,22050,130305,17.2669227252908,-8.451123761441199,ok,
C:\Users\arvis\Downloads\avdeepfake1m_660_videos\AVDeepfake1M_local\videos_subset_600\train\id00012\21Uxsk56VDQ\00007\real.mp4,real,E:\CAMC-DF\tmp_frames\real_scene.png,False,E:\CAMC-DF\tmp_frames\real_middle.png,False,22050,130305,2.4115859046236556,-15.976634719883311,ok,
C:\Users\arvis\Downloads\avdeepfake1m_660_videos\AVDeepfake1M_local\videos_subset_600\train\id00012\21Uxsk56VDQ\00007\real_video_fake_audio.mp4,real_video_fake_audio,E:\CAMC-DF\tmp_frames\real_video_fake_audio_scene.png,False,E:\CAMC-DF\tmp_frames\real_video_fake_audio_middle.png,False,22050,130305,2.470967643618498,-17.702759813658652,ok,
C:\Users\arvis\Downloads\avdeepfake1m_660_videos\AVDeepfake1M_local\videos_subset_600\train\id00012\21Uxsk56VDQ\00009\real.mp4,real,E:\CAMC-DF\tmp_frames\real_scene.png,False,E:\CAMC-DF\tmp_frames\real_middle.png,False,22050,130305,4.530986889201438,-16.83240987077808,ok,
C:\Users\arvis\Downloads\avdeepfake1m_660_videos\AVDeepfake1M_local\videos_subset_600\train\id00012\21Uxsk56VDQ\00009\real_video_fake_audio.mp4,real_video_fake_audio,E:\CAMC-DF\tmp_frames\real_video_fake_audio_scene.png,False,E:\CAMC-DF\tmp_frames\real_video_fake_audio_middle.png,False,22050,130305,16.478149807940845,-17.578828430652955,ok,
C:\Users\arvis\Downloads\avdeepfake1m_660_videos\AVDeepfake1M_local\videos_subset_600\train\id00012\21Uxsk56VDQ\00010\fake_video_fake_audio.mp4,fake_video_fake_audio,E:\CAMC-DF\tmp_frames\fake_video_fake_audio_scene.png,False,E:\CAMC-DF\tmp_frames\fake_video_fake_audio_middle.png,False,22050,130305,2.303197325441332,-17.991348732101564,ok,
C:\Users\arvis\Downloads\avdeepfake1m_660_videos\AVDeepfake1M_local\videos_subset_600\train\id00012\21Uxsk56VDQ\00010\real.mp4,real,E:\CAMC-DF\tmp_frames\real_scene.png,False,E:\CAMC-DF\tmp_frames\real_middle.png,False,22050,130305,4.715341887093508,-15.468219804947198,ok,
C:\Users\arvis\Downloads\avdeepfake1m_660_videos\AVDeepfake1M_local\videos_subset_600\train\id00012\21Uxsk56VDQ\00010\real_video_fake_audio.mp4,real_video_fake_audio,E:\CAMC-DF\tmp_frames\real_video_fake_audio_scene.png,False,E:\CAMC-DF\tmp_frames\real_video_fake_audio_middle.png,False,22050,130305,2.6734869886304757,-17.738738727095658,ok,
C:\Users\arvis\Downloads\avdeepfake1m_660_videos\AVDeepfake1M_local\videos_subset_600\train\id00012\21Uxsk56VDQ\00012\fake_video_fake_audio.mp4,fake_video_fake_audio,E:\CAMC-DF\tmp_frames\fake_video_fake_audio_scene.png,False,E:\CAMC-DF\tmp_frames\fake_video_fake_audio_middle.png,False,22050,130305,12.576746416369575,-12.52837326016927,ok,
C:\Users\arvis\Downloads\avdeepfake1m_660_videos\AVDeepfake1M_local\videos_subset_600\train\id00012\21Uxsk56VDQ\00012\real.mp4,real,E:\CAMC-DF\tmp_frames\real_scene.png,False,E:\CAMC-DF\tmp_frames\real_middle.png,False,22050,130305,2.3807309578293285,-16.65660855137938,ok,
C:\Users\arvis\Downloads\avdeepfake1m_660_videos\AVDeepfake1M_local\videos_subset_600\train\id00012\21Uxsk56VDQ\00012\real_video_fake_audio.mp4,real_video_fake_audio,E:\CAMC-DF\tmp_frames\real_video_fake_audio_scene.png,False,E:\CAMC-DF\tmp_frames\real_video_fake_audio_middle.png,False,22050,130305,14.100188427323973,-17.206485625927893,ok,
C:\Users\arvis\Downloads\avdeepfake1m_660_videos\AVDeepfake1M_local\videos_subset_600\train\id00012\21Uxsk56VDQ\00014\fake_video_fake_audio.mp4,fake_video_fake_audio,E:\CAMC-DF\tmp_frames\fake_video_fake_audio_scene.png,False,E:\CAMC-DF\tmp_frames\fake_video_fake_audio_middle.png,False,22050,130305,2.853821496752203,-15.611985843913176,ok,
C:\Users\arvis\Downloads\avdeepfake1m_660_videos\AVDeepfake1M_local\videos_subset_600\train\id00012\21Uxsk56VDQ\00014\real.mp4,real,E:\CAMC-DF\tmp_frames\real_scene.png,False,E:\CAMC-DF\tmp_frames\real_middle.png,False,22050,130305,2.010503989170545,-17.199999046064118,ok,
C:\Users\arvis\Downloads\avdeepfake1m_660_videos\AVDeepfake1M_local\videos_subset_600\train\id00012\21Uxsk56VDQ\00014\real_video_fake_audio.mp4,real_video_fake_audio,E:\CAMC-DF\tmp_frames\real_video_fake_audio_scene.png,False,E:\CAMC-DF\tmp_frames\real_video_fake_audio_middle.png,False,22050,130305,3.9135864195848877,-16.21211018942922,ok,
C:\Users\arvis\Downloads\avdeepfake1m_660_videos\AVDeepfake1M_local\videos_subset_600\train\id00012\2DLq_Kkc1r8\00017\fake_video_fake_audio.mp4,fake_video_fake_audio,E:\CAMC-DF\tmp_frames\fake_video_fake_audio_scene.png,False,E:\CAMC-DF\tmp_frames\fake_video_fake_audio_middle.png,False,22050,130305,1.5866133844245411,-11.418772725046605,ok,
C:\Users\arvis\Downloads\avdeepfake1m_660_videos\AVDeepfake1M_local\videos_subset_600\train\id00012\2DLq_Kkc1r8\00017\real.mp4,real,E:\CAMC-DF\tmp_frames\real_scene.png,False,E:\CAMC-DF\tmp_frames\real_middle.png,False,22050,130305,2.7760118099899995,-12.445051400321745,ok,
C:\Users\arvis\Downloads\avdeepfake1m_660_videos\AVDeepfake1M_local\videos_subset_600\train\id00012\2DLq_Kkc1r8\00017\real_video_fake_audio.mp4,real_video_fake_audio,E:\CAMC-DF\tmp_frames\real_video_fake_audio_scene.png,False,E:\CAMC-DF\tmp_frames\real_video_fake_audio_middle.png,False,22050,130305,2.5005765965359137,-13.090310083916696,ok,
C:\Users\arvis\Downloads\avdeepfake1m_660_videos\AVDeepfake1M_local\videos_subset_600\train\id00012\2DLq_Kkc1r8\00018\fake_video_fake_audio.mp4,fake_video_fake_audio,E:\CAMC-DF\tmp_frames\fake_video_fake_audio_scene.png,False,E:\CAMC-DF\tmp_frames\fake_video_fake_audio_middle.png,False,22050,130305,1.4915373372279495,-11.736891268573737,ok,
C:\Users\arvis\Downloads\avdeepfake1m_660_videos\AVDeepfake1M_local\videos_subset_600\train\id00012\2DLq_Kkc1r8\00018\real.mp4,real,E:\CAMC-DF\tmp_frames\real_scene.png,False,E:\CAMC-DF\tmp_frames\real_middle.png,False,22050,130305,1.5976912859257069,-9.020057638196711,ok,
C:\Users\arvis\Downloads\avdeepfake1m_660_videos\AVDeepfake1M_local\videos_subset_600\train\id00012\2DLq_Kkc1r8\00018\real_video_fake_audio.mp4,real_video_fake_audio,E:\CAMC-DF\tmp_frames\real_video_fake_audio_scene.png,False,E:\CAMC-DF\tmp_frames\real_video_fake_audio_middle.png,False,22050,130305,2.243654898782316,-11.45797563584826,ok,
C:\Users\arvis\Downloads\avdeepfake1m_660_videos\AVDeepfake1M_local\videos_subset_600\train\id00012\_raOc3-IRsw\00110\fake_video_fake_audio.mp4,fake_video_fake_audio,E:\CAMC-DF\tmp_frames\fake_video_fake_audio_scene.png,False,E:\CAMC-DF\tmp_frames\fake_video_fake_audio_middle.png,False,22050,130305,2.37249183952425,-19.77504046423112,ok,
C:\Users\arvis\Downloads\avdeepfake1m_660_videos\AVDeepfake1M_local\videos_subset_600\train\id00012\_raOc3-IRsw\00110\real.mp4,real,E:\CAMC-DF\tmp_frames\real_scene.png,False,E:\CAMC-DF\tmp_frames\real_middle.png,False,22050,130305,1.7720200873507879,-20.793422033931126,ok,
C:\Users\arvis\Downloads\avdeepfake1m_660_videos\AVDeepfake1M_local\videos_subset_600\train\id00012\_raOc3-IRsw\00110\real_video_fake_audio.mp4,real_video_fake_audio,E:\CAMC-DF\tmp_frames\real_video_fake_audio_scene.png,False,E:\CAMC-DF\tmp_frames\real_video_fake_audio_middle.png,False,22050,130305,2.6625402757235967,-17.207122720779402,ok,
C:\Users\arvis\Downloads\avdeepfake1m_660_videos\AVDeepfake1M_local\videos_subset_600\train\id00012\aE4Om0EEiuk\00115\fake_video_fake_audio.mp4,fake_video_fake_audio,E:\CAMC-DF\tmp_frames\fake_video_fake_audio_scene.png,False,E:\CAMC-DF\tmp_frames\fake_video_fake_audio_middle.png,False,22050,130305,4.487768922537441,-10.961418196450763,ok,
C:\Users\arvis\Downloads\avdeepfake1m_660_videos\AVDeepfake1M_local\videos_subset_600\train\id00012\aE4Om0EEiuk\00115\real.mp4,real,E:\CAMC-DF\tmp_frames\real_scene.png,False,E:\CAMC-DF\tmp_frames\real_middle.png,False,22050,130305,1.812411706785177,-17.71342634046242,ok,
C:\Users\arvis\Downloads\avdeepfake1m_660_videos\AVDeepfake1M_local\videos_subset_600\train\id00012\aE4Om0EEiuk\00116\fake_video_fake_audio.mp4,fake_video_fake_audio,E:\CAMC-DF\tmp_frames\fake_video_fake_audio_scene.png,False,E:\CAMC-DF\tmp_frames\fake_video_fake_audio_middle.png,False,22050,130305,2.1767377598345212,-15.588140674211479,ok,
C:\Users\arvis\Downloads\avdeepfake1m_660_videos\AVDeepfake1M_local\videos_subset_600\train\id00012\aE4Om0EEiuk\00116\real.mp4,real,E:\CAMC-DF\tmp_frames\real_scene.png,False,E:\CAMC-DF\tmp_frames\real_middle.png,False,22050,130305,2.4251023753895073,-16.917119289878,ok,
C:\Users\arvis\Downloads\avdeepfake1m_660_videos\AVDeepfake1M_local\videos_subset_600\train\id00012\aE4Om0EEiuk\00116\real_video_fake_audio.mp4,real_video_fake_audio,E:\CAMC-DF\tmp_frames\real_video_fake_audio_scene.png,False,E:\CAMC-DF\tmp_frames\real_video_fake_audio_middle.png,False,22050,130305,3.0449969961066836,-13.15332454058404,ok,
C:\Users\arvis\Downloads\avdeepfake1m_660_videos\AVDeepfake1M_local\videos_subset_600\train\id00012\aE4Om0EEiuk\00117\fake_video_fake_audio.mp4,fake_video_fake_audio,E:\CAMC-DF\tmp_frames\fake_video_fake_audio_scene.png,False,E:\CAMC-DF\tmp_frames\fake_video_fake_audio_middle.png,False,22050,130305,23.879747354656946,-18.47788723788168,ok,
C:\Users\arvis\Downloads\avdeepfake1m_660_videos\AVDeepfake1M_local\videos_subset_600\train\id00012\aE4Om0EEiuk\00117\real.mp4,real,E:\CAMC-DF\tmp_frames\real_scene.png,False,E:\CAMC-DF\tmp_frames\real_middle.png,False,22050,130305,1.7989011954005936,-19.290296848437524,ok,
C:\Users\arvis\Downloads\avdeepfake1m_660_videos\AVDeepfake1M_local\videos_subset_600\train\id00012\aE4Om0EEiuk\00117\real_video_fake_audio.mp4,real_video_fake_audio,E:\CAMC-DF\tmp_frames\real_video_fake_audio_scene.png,False,E:\CAMC-DF\tmp_frames\real_video_fake_audio_middle.png,False,22050,130305,1.618206397466359,-11.689307460076225,ok,
C:\Users\arvis\Downloads\avdeepfake1m_660_videos\AVDeepfake1M_local\videos_subset_600\train\id00012\aE4Om0EEiuk\00118\fake_video_fake_audio.mp4,fake_video_fake_audio,E:\CAMC-DF\tmp_frames\fake_video_fake_audio_scene.png,False,E:\CAMC-DF\tmp_frames\fake_video_fake_audio_middle.png,False,22050,130305,3.077309301070325,-15.452304955873917,ok,
C:\Users\arvis\Downloads\avdeepfake1m_660_videos\AVDeepfake1M_local\videos_subset_600\train\id00012\aE4Om0EEiuk\00118\real.mp4,real,E:\CAMC-DF\tmp_frames\real_scene.png,False,E:\CAMC-DF\tmp_frames\real_middle.png,False,22050,130305,4.91412934148009,-10.748760079813543,ok,
C:\Users\arvis\Downloads\avdeepfake1m_660_videos\AVDeepfake1M_local\videos_subset_600\train\id00012\aE4Om0EEiuk\00118\real_video_fake_audio.mp4,real_video_fake_audio,E:\CAMC-DF\tmp_frames\real_video_fake_audio_scene.png,False,E:\CAMC-DF\tmp_frames\real_video_fake_audio_middle.png,False,22050,130305,3.045365012424629,-13.049530615062181,ok,
C:\Users\arvis\Downloads\avdeepfake1m_660_videos\AVDeepfake1M_local\videos_subset_600\train\id00012\aE4Om0EEiuk\00119\fake_video_fake_audio.mp4,fake_video_fake_audio,E:\CAMC-DF\tmp_frames\fake_video_fake_audio_scene.png,False,E:\CAMC-DF\tmp_frames\fake_video_fake_audio_middle.png,False,22050,130305,11.2621651328097,-15.145473081103816,ok,
C:\Users\arvis\Downloads\avdeepfake1m_660_videos\AVDeepfake1M_local\videos_subset_600\train\id00012\aE4Om0EEiuk\00119\real.mp4,real,E:\CAMC-DF\tmp_frames\real_scene.png,False,E:\CAMC-DF\tmp_frames\real_middle.png,False,22050,130305,10.456607744686938,-11.425392428679068,ok,
C:\Users\arvis\Downloads\avdeepfake1m_660_videos\AVDeepfake1M_local\videos_subset_600\train\id00012\aE4Om0EEiuk\00119\real_video_fake_audio.mp4,real_video_fake_audio,E:\CAMC-DF\tmp_frames\real_video_fake_audio_scene.png,False,E:\CAMC-DF\tmp_frames\real_video_fake_audio_middle.png,False,22050,130305,19.96146704739999,-12.001903676224824,ok,
C:\Users\arvis\Downloads\avdeepfake1m_660_videos\AVDeepfake1M_local\videos_subset_600\train\id00012\aE4Om0EEiuk\00120\fake_video_fake_audio.mp4,fake_video_fake_audio,E:\CAMC-DF\tmp_frames\fake_video_fake_audio_scene.png,False,E:\CAMC-DF\tmp_frames\fake_video_fake_audio_middle.png,False,22050,130305,2.1251937562199323,-15.747270534292488,ok,
C:\Users\arvis\Downloads\avdeepfake1m_660_videos\AVDeepfake1M_local\videos_subset_600\train\id00012\aE4Om0EEiuk\00120\real.mp4,real,E:\CAMC-DF\tmp_frames\real_scene.png,False,E:\CAMC-DF\tmp_frames\real_middle.png,False,22050,130305,2.4260746676889213,-15.228790234256062,ok,
C:\Users\arvis\Downloads\avdeepfake1m_660_videos\AVDeepfake1M_local\videos_subset_600\train\id00012\aE4Om0EEiuk\00120\real_video_fake_audio.mp4,real_video_fake_audio,E:\CAMC-DF\tmp_frames\real_video_fake_audio_scene.png,False,E:\CAMC-DF\tmp_frames\real_video_fake_audio_middle.png,False,22050,130305,2.390418586672433,-17.72279514824431,ok,
C:\Users\arvis\Downloads\avdeepfake1m_660_videos\AVDeepfake1M_local\videos_subset_600\train\id00012\aE4Om0EEiuk\00121\fake_video_fake_audio.mp4,fake_video_fake_audio,E:\CAMC-DF\tmp_frames\fake_video_fake_audio_scene.png,False,E:\CAMC-DF\tmp_frames\fake_video_fake_audio_middle.png,False,22050,130305,2.16332265921812,-11.609164057396296,ok,
C:\Users\arvis\Downloads\avdeepfake1m_660_videos\AVDeepfake1M_local\videos_subset_600\train\id00012\aE4Om0EEiuk\00121\real.mp4,real,E:\CAMC-DF\tmp_frames\real_scene.png,False,E:\CAMC-DF\tmp_frames\real_middle.png,False,22050,130305,1.7162328871005055,-10.990363788686238,ok,
C:\Users\arvis\Downloads\avdeepfake1m_660_videos\AVDeepfake1M_local\videos_subset_600\train\id00012\aE4Om0EEiuk\00121\real_video_fake_audio.mp4,real_video_fake_audio,E:\CAMC-DF\tmp_frames\real_video_fake_audio_scene.png,False,E:\CAMC-DF\tmp_frames\real_video_fake_audio_middle.png,False,22050,130305,1.1367320812604893,-11.972856768706494,ok,
C:\Users\arvis\Downloads\avdeepfake1m_660_videos\AVDeepfake1M_local\videos_subset_600\train\id00012\aE4Om0EEiuk\00122\fake_video_fake_audio.mp4,fake_video_fake_audio,E:\CAMC-DF\tmp_frames\fake_video_fake_audio_scene.png,False,E:\CAMC-DF\tmp_frames\fake_video_fake_audio_middle.png,False,22050,130305,3.60225004807444,-18.62335372158028,ok,
C:\Users\arvis\Downloads\avdeepfake1m_660_videos\AVDeepfake1M_local\videos_subset_600\train\id00012\aE4Om0EEiuk\00122\real.mp4,real,E:\CAMC-DF\tmp_frames\real_scene.png,False,E:\CAMC-DF\tmp_frames\real_middle.png,False,22050,130305,5.332940958487812,-13.754085971979034,ok,
C:\Users\arvis\Downloads\avdeepfake1m_660_videos\AVDeepfake1M_local\videos_subset_600\train\id00012\aE4Om0EEiuk\00122\real_video_fake_audio.mp4,real_video_fake_audio,E:\CAMC-DF\tmp_frames\real_video_fake_audio_scene.png,False,E:\CAMC-DF\tmp_frames\real_video_fake_audio_middle.png,False,22050,130305,5.577520495827224,-16.822635315308496,ok,
C:\Users\arvis\Downloads\avdeepfake1m_660_videos\AVDeepfake1M_local\videos_subset_600\train\id00012\aE4Om0EEiuk\00123\fake_video_fake_audio.mp4,fake_video_fake_audio,E:\CAMC-DF\tmp_frames\fake_video_fake_audio_scene.png,False,E:\CAMC-DF\tmp_frames\fake_video_fake_audio_middle.png,False,22050,130305,2.196395033824645,-13.210606368645333,ok,
C:\Users\arvis\Downloads\avdeepfake1m_660_videos\AVDeepfake1M_local\videos_subset_600\train\id00012\aE4Om0EEiuk\00123\real.mp4,real,E:\CAMC-DF\tmp_frames\real_scene.png,False,E:\CAMC-DF\tmp_frames\real_middle.png,False,22050,130305,2.4883600391307414,-15.734749749003917,ok,
C:\Users\arvis\Downloads\avdeepfake1m_660_videos\AVDeepfake1M_local\videos_subset_600\train\id00012\aE4Om0EEiuk\00123\real_video_fake_audio.mp4,real_video_fake_audio,E:\CAMC-DF\tmp_frames\real_video_fake_audio_scene.png,False,E:\CAMC-DF\tmp_frames\real_video_fake_audio_middle.png,False,22050,130305,3.217535060236067,-13.614394585975925,ok,
C:\Users\arvis\Downloads\avdeepfake1m_660_videos\AVDeepfake1M_local\videos_subset_600\train\id00012\C_FAL9gv8bo\00020\fake_video_fake_audio.mp4,fake_video_fake_audio,E:\CAMC-DF\tmp_frames\fake_video_fake_audio_scene.png,False,E:\CAMC-DF\tmp_frames\fake_video_fake_audio_middle.png,False,22050,130305,4.400283273146978,-18.725353492053692,ok,
C:\Users\arvis\Downloads\avdeepfake1m_660_videos\AVDeepfake1M_local\videos_subset_600\train\id00012\C_FAL9gv8bo\00020\real.mp4,real,E:\CAMC-DF\tmp_frames\real_scene.png,False,E:\CAMC-DF\tmp_frames\real_middle.png,False,22050,130305,5.936461081510465,-16.269531649573793,ok,
C:\Users\arvis\Downloads\avdeepfake1m_660_videos\AVDeepfake1M_local\videos_subset_600\train\id00012\C_FAL9gv8bo\00020\real_video_fake_audio.mp4,real_video_fake_audio,E:\CAMC-DF\tmp_frames\real_video_fake_audio_scene.png,False,E:\CAMC-DF\tmp_frames\real_video_fake_audio_middle.png,False,22050,130305,12.503230671211394,-13.508580878398629,ok,
C:\Users\arvis\Downloads\avdeepfake1m_660_videos\AVDeepfake1M_local\videos_subset_600\train\id00012\C_FAL9gv8bo\00023\fake_video_fake_audio.mp4,fake_video_fake_audio,E:\CAMC-DF\tmp_frames\fake_video_fake_audio_scene.png,False,E:\CAMC-DF\tmp_frames\fake_video_fake_audio_middle.png,False,22050,130305,4.5623760596966525,-16.732596741965303,ok,
C:\Users\arvis\Downloads\avdeepfake1m_660_videos\AVDeepfake1M_local\videos_subset_600\train\id00012\C_FAL9gv8bo\00023\real.mp4,real,E:\CAMC-DF\tmp_frames\real_scene.png,False,E:\CAMC-DF\tmp_frames\real_middle.png,False,22050,130305,11.275048264213822,-19.54096196419204,ok,
C:\Users\arvis\Downloads\avdeepfake1m_660_videos\AVDeepfake1M_local\videos_subset_600\train\id00012\C_FAL9gv8bo\00023\real_video_fake_audio.mp4,real_video_fake_audio,E:\CAMC-DF\tmp_frames\real_video_fake_audio_scene.png,False,E:\CAMC-DF\tmp_frames\real_video_fake_audio_middle.png,False,22050,130305,4.95996283144585,-20.907082529124956,ok,
C:\Users\arvis\Downloads\avdeepfake1m_660_videos\AVDeepfake1M_local\videos_subset_600\train\id00012\C_FAL9gv8bo\00024\fake_video_fake_audio.mp4,fake_video_fake_audio,E:\CAMC-DF\tmp_frames\fake_video_fake_audio_scene.png,False,E:\CAMC-DF\tmp_frames\fake_video_fake_audio_middle.png,False,22050,130305,5.197524332569763,-19.155855486370637,ok,
C:\Users\arvis\Downloads\avdeepfake1m_660_videos\AVDeepfake1M_local\videos_subset_600\train\id00012\C_FAL9gv8bo\00024\real.mp4,real,E:\CAMC-DF\tmp_frames\real_scene.png,False,E:\CAMC-DF\tmp_frames\real_middle.png,False,22050,130305,4.896848318655401,-18.438370531891632,ok,
C:\Users\arvis\Downloads\avdeepfake1m_660_videos\AVDeepfake1M_local\videos_subset_600\train\id00012\C_FAL9gv8bo\00024\real_video_fake_audio.mp4,real_video_fake_audio,E:\CAMC-DF\tmp_frames\real_video_fake_audio_scene.png,False,E:\CAMC-DF\tmp_frames\real_video_fake_audio_middle.png,False,22050,130305,1.9332588452611768,-15.621333133311218,ok,
C:\Users\arvis\Downloads\avdeepfake1m_660_videos\AVDeepfake1M_local\videos_subset_600\train\id00012\C_FAL9gv8bo\00030\real.mp4,real,E:\CAMC-DF\tmp_frames\real_scene.png,False,E:\CAMC-DF\tmp_frames\real_middle.png,False,22050,130305,5.960079382774702,-12.598795421025489,ok,
C:\Users\arvis\Downloads\avdeepfake1m_660_videos\AVDeepfake1M_local\videos_subset_600\train\id00012\C_FAL9gv8bo\00030\real_video_fake_audio.mp4,real_video_fake_audio,E:\CAMC-DF\tmp_frames\real_video_fake_audio_scene.png,False,E:\CAMC-DF\tmp_frames\real_video_fake_audio_middle.png,False,22050,130305,5.762219228996993,-11.320550199907085,ok,
C:\Users\arvis\Downloads\avdeepfake1m_660_videos\AVDeepfake1M_local\videos_subset_600\train\id00012\clK27q0FqLs\00124\fake_video_fake_audio.mp4,fake_video_fake_audio,E:\CAMC-DF\tmp_frames\fake_video_fake_audio_scene.png,False,E:\CAMC-DF\tmp_frames\fake_video_fake_audio_middle.png,False,22050,130305,1.8605820406123332,-18.540397650047574,ok,
C:\Users\arvis\Downloads\avdeepfake1m_660_videos\AVDeepfake1M_local\videos_subset_600\train\id00012\clK27q0FqLs\00124\real.mp4,real,E:\CAMC-DF\tmp_frames\real_scene.png,False,E:\CAMC-DF\tmp_frames\real_middle.png,False,22050,130305,1.94865893284612,-17.34389096885414,ok,
C:\Users\arvis\Downloads\avdeepfake1m_660_videos\AVDeepfake1M_local\videos_subset_600\train\id00012\clK27q0FqLs\00124\real_video_fake_audio.mp4,real_video_fake_audio,E:\CAMC-DF\tmp_frames\real_video_fake_audio_scene.png,False,E:\CAMC-DF\tmp_frames\real_video_fake_audio_middle.png,False,22050,130305,1.8812010875937109,-13.103108815027902,ok,
C:\Users\arvis\Downloads\avdeepfake1m_660_videos\AVDeepfake1M_local\videos_subset_600\train\id00012\dGBIDj-zRuU\00126\fake_video_fake_audio.mp4,fake_video_fake_audio,E:\CAMC-DF\tmp_frames\fake_video_fake_audio_scene.png,False,E:\CAMC-DF\tmp_frames\fake_video_fake_audio_middle.png,False,22050,130305,2.8595954241644286,-15.920364465183498,ok,
C:\Users\arvis\Downloads\avdeepfake1m_660_videos\AVDeepfake1M_local\videos_subset_600\train\id00012\dGBIDj-zRuU\00126\real.mp4,real,E:\CAMC-DF\tmp_frames\real_scene.png,False,E:\CAMC-DF\tmp_frames\real_middle.png,False,22050,130305,12.266580014805669,-16.126030714563548,ok,
C:\Users\arvis\Downloads\avdeepfake1m_660_videos\AVDeepfake1M_local\videos_subset_600\train\id00012\dGBIDj-zRuU\00126\real_video_fake_audio.mp4,real_video_fake_audio,E:\CAMC-DF\tmp_frames\real_video_fake_audio_scene.png,False,E:\CAMC-DF\tmp_frames\real_video_fake_audio_middle.png,False,22050,130305,11.92187357062911,-17.77701420893015,ok,
C:\Users\arvis\Downloads\avdeepfake1m_660_videos\AVDeepfake1M_local\videos_subset_600\train\id00012\dGBIDj-zRuU\00128\fake_video_fake_audio.mp4,fake_video_fake_audio,E:\CAMC-DF\tmp_frames\fake_video_fake_audio_scene.png,False,E:\CAMC-DF\tmp_frames\fake_video_fake_audio_middle.png,False,22050,130305,10.970193538305333,-13.927584025066333,ok,
C:\Users\arvis\Downloads\avdeepfake1m_660_videos\AVDeepfake1M_local\videos_subset_600\train\id00012\dGBIDj-zRuU\00128\real.mp4,real,E:\CAMC-DF\tmp_frames\real_scene.png,False,E:\CAMC-DF\tmp_frames\real_middle.png,False,22050,130305,11.223940223268944,-12.831304940449266,ok,
C:\Users\arvis\Downloads\avdeepfake1m_660_videos\AVDeepfake1M_local\videos_subset_600\train\id00012\dGBIDj-zRuU\00128\real_video_fake_audio.mp4,real_video_fake_audio,E:\CAMC-DF\tmp_frames\real_video_fake_audio_scene.png,False,E:\CAMC-DF\tmp_frames\real_video_fake_audio_middle.png,False,22050,130305,14.465886117278492,-13.52455990719883,ok,
C:\Users\arvis\Downloads\avdeepfake1m_660_videos\AVDeepfake1M_local\videos_subset_600\train\id00012\dGBIDj-zRuU\00129\fake_video_fake_audio.mp4,fake_video_fake_audio,E:\CAMC-DF\tmp_frames\fake_video_fake_audio_scene.png,False,E:\CAMC-DF\tmp_frames\fake_video_fake_audio_middle.png,False,22050,130305,3.8648671887268295,-18.174916682007122,ok,
C:\Users\arvis\Downloads\avdeepfake1m_660_videos\AVDeepfake1M_local\videos_subset_600\train\id00012\dGBIDj-zRuU\00129\real.mp4,real,E:\CAMC-DF\tmp_frames\real_scene.png,False,E:\CAMC-DF\tmp_frames\real_middle.png,False,22050,130305,2.1310438950705852,-18.007103444200506,ok,
C:\Users\arvis\Downloads\avdeepfake1m_660_videos\AVDeepfake1M_local\videos_subset_600\train\id00012\dGBIDj-zRuU\00129\real_video_fake_audio.mp4,real_video_fake_audio,E:\CAMC-DF\tmp_frames\real_video_fake_audio_scene.png,False,E:\CAMC-DF\tmp_frames\real_video_fake_audio_middle.png,False,22050,130305,2.7125617586353377,-19.807309813570107,ok,
C:\Users\arvis\Downloads\avdeepfake1m_660_videos\AVDeepfake1M_local\videos_subset_600\train\id00012\dGBIDj-zRuU\00130\fake_video_fake_audio.mp4,fake_video_fake_audio,E:\CAMC-DF\tmp_frames\fake_video_fake_audio_scene.png,False,E:\CAMC-DF\tmp_frames\fake_video_fake_audio_middle.png,False,22050,130305,13.075864846245587,-13.354553580732889,ok,
C:\Users\arvis\Downloads\avdeepfake1m_660_videos\AVDeepfake1M_local\videos_subset_600\train\id00012\dGBIDj-zRuU\00130\real.mp4,real,E:\CAMC-DF\tmp_frames\real_scene.png,False,E:\CAMC-DF\tmp_frames\real_middle.png,False,22050,130305,10.610417752781624,-13.797243938919264,ok,
C:\Users\arvis\Downloads\avdeepfake1m_660_videos\AVDeepfake1M_local\videos_subset_600\train\id00012\dGBIDj-zRuU\00130\real_video_fake_audio.mp4,real_video_fake_audio,E:\CAMC-DF\tmp_frames\real_video_fake_audio_scene.png,False,E:\CAMC-DF\tmp_frames\real_video_fake_audio_middle.png,False,22050,130305,12.158053772749724,-15.158066706681904,ok,
C:\Users\arvis\Downloads\avdeepfake1m_660_videos\AVDeepfake1M_local\videos_subset_600\train\id00012\dGBIDj-zRuU\00131\fake_video_fake_audio.mp4,fake_video_fake_audio,E:\CAMC-DF\tmp_frames\fake_video_fake_audio_scene.png,False,E:\CAMC-DF\tmp_frames\fake_video_fake_audio_middle.png,False,22050,130305,9.31530839723968,-12.817050791030457,ok,
C:\Users\arvis\Downloads\avdeepfake1m_660_videos\AVDeepfake1M_local\videos_subset_600\train\id00012\dGBIDj-zRuU\00131\real.mp4,real,E:\CAMC-DF\tmp_frames\real_scene.png,False,E:\CAMC-DF\tmp_frames\real_middle.png,False,22050,130305,9.515543529467656,-16.51652959266615,ok,
C:\Users\arvis\Downloads\avdeepfake1m_660_videos\AVDeepfake1M_local\videos_subset_600\train\id00012\dGBIDj-zRuU\00131\real_video_fake_audio.mp4,real_video_fake_audio,E:\CAMC-DF\tmp_frames\real_video_fake_audio_scene.png,False,E:\CAMC-DF\tmp_frames\real_video_fake_audio_middle.png,False,22050,130305,10.008122006835674,-15.32537418920285,ok,
C:\Users\arvis\Downloads\avdeepfake1m_660_videos\AVDeepfake1M_local\videos_subset_600\train\id00012\dGBIDj-zRuU\00132\fake_video_fake_audio.mp4,fake_video_fake_audio,E:\CAMC-DF\tmp_frames\fake_video_fake_audio_scene.png,False,E:\CAMC-DF\tmp_frames\fake_video_fake_audio_middle.png,False,22050,130305,12.898746565832338,-16.024975712013095,ok,
C:\Users\arvis\Downloads\avdeepfake1m_660_videos\AVDeepfake1M_local\videos_subset_600\train\id00012\dGBIDj-zRuU\00132\real.mp4,real,E:\CAMC-DF\tmp_frames\real_scene.png,False,E:\CAMC-DF\tmp_frames\real_middle.png,False,22050,130305,12.051280030163618,-13.443115209824473,ok,
C:\Users\arvis\Downloads\avdeepfake1m_660_videos\AVDeepfake1M_local\videos_subset_600\train\id00012\dGBIDj-zRuU\00132\real_video_fake_audio.mp4,real_video_fake_audio,E:\CAMC-DF\tmp_frames\real_video_fake_audio_scene.png,False,E:\CAMC-DF\tmp_frames\real_video_fake_audio_middle.png,False,22050,130305,11.518500064370196,-14.402416844745478,ok,
C:\Users\arvis\Downloads\avdeepfake1m_660_videos\AVDeepfake1M_local\videos_subset_600\train\id00012\dGBIDj-zRuU\00135\fake_video_fake_audio.mp4,fake_video_fake_audio,E:\CAMC-DF\tmp_frames\fake_video_fake_audio_scene.png,False,E:\CAMC-DF\tmp_frames\fake_video_fake_audio_middle.png,False,22050,130305,7.067850586778839,-11.066365876785596,ok,
C:\Users\arvis\Downloads\avdeepfake1m_660_videos\AVDeepfake1M_local\videos_subset_600\train\id00012\dGBIDj-zRuU\00135\real_video_fake_audio.mp4,real_video_fake_audio,E:\CAMC-DF\tmp_frames\real_video_fake_audio_scene.png,False,E:\CAMC-DF\tmp_frames\real_video_fake_audio_middle.png,False,22050,130305,13.874344382804768,-12.496326452141833,ok,
C:\Users\arvis\Downloads\avdeepfake1m_660_videos\AVDeepfake1M_local\videos_subset_600\train\id00012\dGBIDj-zRuU\00137\fake_video_fake_audio.mp4,fake_video_fake_audio,E:\CAMC-DF\tmp_frames\fake_video_fake_audio_scene.png,False,E:\CAMC-DF\tmp_frames\fake_video_fake_audio_middle.png,False,22050,130305,12.863957753400205,-15.844905689415278,ok,
C:\Users\arvis\Downloads\avdeepfake1m_660_videos\AVDeepfake1M_local\videos_subset_600\train\id00012\dGBIDj-zRuU\00137\real.mp4,real,E:\CAMC-DF\tmp_frames\real_scene.png,False,E:\CAMC-DF\tmp_frames\real_middle.png,False,22050,130305,10.7906678359866,-14.501623982875941,ok,
C:\Users\arvis\Downloads\avdeepfake1m_660_videos\AVDeepfake1M_local\videos_subset_600\train\id00012\dGBIDj-zRuU\00137\real_video_fake_audio.mp4,real_video_fake_audio,E:\CAMC-DF\tmp_frames\real_video_fake_audio_scene.png,False,E:\CAMC-DF\tmp_frames\real_video_fake_audio_middle.png,False,22050,130305,2.5466781908565626,-18.642271534788655,ok,
C:\Users\arvis\Downloads\avdeepfake1m_660_videos\AVDeepfake1M_local\videos_subset_600\train\id00012\dGBIDj-zRuU\00138\fake_video_fake_audio.mp4,fake_video_fake_audio,E:\CAMC-DF\tmp_frames\fake_video_fake_audio_scene.png,False,E:\CAMC-DF\tmp_frames\fake_video_fake_audio_middle.png,False,22050,130305,13.646302623349401,-16.51009334703524,ok,
C:\Users\arvis\Downloads\avdeepfake1m_660_videos\AVDeepfake1M_local\videos_subset_600\train\id00012\dGBIDj-zRuU\00138\real.mp4,real,E:\CAMC-DF\tmp_frames\real_scene.png,False,E:\CAMC-DF\tmp_frames\real_middle.png,False,22050,130305,12.78742399792598,-17.75776567389655,ok,
C:\Users\arvis\Downloads\avdeepfake1m_660_videos\AVDeepfake1M_local\videos_subset_600\train\id00012\dGBIDj-zRuU\00138\real_video_fake_audio.mp4,real_video_fake_audio,E:\CAMC-DF\tmp_frames\real_video_fake_audio_scene.png,False,E:\CAMC-DF\tmp_frames\real_video_fake_audio_middle.png,False,22050,130305,5.62809347524273,-14.115536230680533,ok,
C:\Users\arvis\Downloads\avdeepfake1m_660_videos\AVDeepfake1M_local\videos_subset_600\train\id00012\Gf-KDRnkBw8\00033\fake_video_fake_audio.mp4,fake_video_fake_audio,E:\CAMC-DF\tmp_frames\fake_video_fake_audio_scene.png,False,E:\CAMC-DF\tmp_frames\fake_video_fake_audio_middle.png,False,22050,130305,4.3243960712027585,-14.788655701529581,ok,
C:\Users\arvis\Downloads\avdeepfake1m_660_videos\AVDeepfake1M_local\videos_subset_600\train\id00012\Gf-KDRnkBw8\00033\real.mp4,real,E:\CAMC-DF\tmp_frames\real_scene.png,False,E:\CAMC-DF\tmp_frames\real_middle.png,False,22050,130305,2.3937231988525305,-19.718858197326867,ok,
C:\Users\arvis\Downloads\avdeepfake1m_660_videos\AVDeepfake1M_local\videos_subset_600\train\id00012\Gf-KDRnkBw8\00033\real_video_fake_audio.mp4,real_video_fake_audio,E:\CAMC-DF\tmp_frames\real_video_fake_audio_scene.png,False,E:\CAMC-DF\tmp_frames\real_video_fake_audio_middle.png,False,22050,130305,3.5728607615141956,-20.066088868817516,ok,
C:\Users\arvis\Downloads\avdeepfake1m_660_videos\AVDeepfake1M_local\videos_subset_600\train\id00012\Gf-KDRnkBw8\00034\real.mp4,real,E:\CAMC-DF\tmp_frames\real_scene.png,False,E:\CAMC-DF\tmp_frames\real_middle.png,False,22050,130305,17.055673328549556,-14.845364981795912,ok,
C:\Users\arvis\Downloads\avdeepfake1m_660_videos\AVDeepfake1M_local\videos_subset_600\train\id00012\Gf-KDRnkBw8\00034\real_video_fake_audio.mp4,real_video_fake_audio,E:\CAMC-DF\tmp_frames\real_video_fake_audio_scene.png,False,E:\CAMC-DF\tmp_frames\real_video_fake_audio_middle.png,False,22050,130305,2.44812689270239,-16.42111508395539,ok,
C:\Users\arvis\Downloads\avdeepfake1m_660_videos\AVDeepfake1M_local\videos_subset_600\train\id00012\Gf-KDRnkBw8\00035\fake_video_fake_audio.mp4,fake_video_fake_audio,E:\CAMC-DF\tmp_frames\fake_video_fake_audio_scene.png,False,E:\CAMC-DF\tmp_frames\fake_video_fake_audio_middle.png,False,22050,130305,5.76933180276741,-17.499808985859712,ok,
C:\Users\arvis\Downloads\avdeepfake1m_660_videos\AVDeepfake1M_local\videos_subset_600\train\id00012\Gf-KDRnkBw8\00035\real.mp4,real,E:\CAMC-DF\tmp_frames\real_scene.png,False,E:\CAMC-DF\tmp_frames\real_middle.png,False,22050,130305,14.314558778455611,-18.15730657664071,ok,
C:\Users\arvis\Downloads\avdeepfake1m_660_videos\AVDeepfake1M_local\videos_subset_600\train\id00012\Gf-KDRnkBw8\00035\real_video_fake_audio.mp4,real_video_fake_audio,E:\CAMC-DF\tmp_frames\real_video_fake_audio_scene.png,False,E:\CAMC-DF\tmp_frames\real_video_fake_audio_middle.png,False,22050,130305,3.8385001241578816,-17.343288124930464,ok,
C:\Users\arvis\Downloads\avdeepfake1m_660_videos\AVDeepfake1M_local\videos_subset_600\train\id00012\Gf-KDRnkBw8\00037\fake_video_fake_audio.mp4,fake_video_fake_audio,E:\CAMC-DF\tmp_frames\fake_video_fake_audio_scene.png,False,E:\CAMC-DF\tmp_frames\fake_video_fake_audio_middle.png,False,22050,130305,13.350554220605643,-17.139623656460955,ok,
C:\Users\arvis\Downloads\avdeepfake1m_660_videos\AVDeepfake1M_local\videos_subset_600\train\id00012\Gf-KDRnkBw8\00037\real.mp4,real,E:\CAMC-DF\tmp_frames\real_scene.png,False,E:\CAMC-DF\tmp_frames\real_middle.png,False,22050,130305,10.091881796438717,-16.318199880147525,ok,
C:\Users\arvis\Downloads\avdeepfake1m_660_videos\AVDeepfake1M_local\videos_subset_600\train\id00012\Gf-KDRnkBw8\00037\real_video_fake_audio.mp4,real_video_fake_audio,E:\CAMC-DF\tmp_frames\real_video_fake_audio_scene.png,False,E:\CAMC-DF\tmp_frames\real_video_fake_audio_middle.png,False,22050,130305,5.266044411251611,-18.13330026920238,ok,
C:\Users\arvis\Downloads\avdeepfake1m_660_videos\AVDeepfake1M_local\videos_subset_600\train\id00012\Gf-KDRnkBw8\00038\fake_video_fake_audio.mp4,fake_video_fake_audio,E:\CAMC-DF\tmp_frames\fake_video_fake_audio_scene.png,False,E:\CAMC-DF\tmp_frames\fake_video_fake_audio_middle.png,False,22050,130305,2.2607515296000824,-19.330483044779097,ok,
C:\Users\arvis\Downloads\avdeepfake1m_660_videos\AVDeepfake1M_local\videos_subset_600\train\id00012\Gf-KDRnkBw8\00038\real.mp4,real,E:\CAMC-DF\tmp_frames\real_scene.png,False,E:\CAMC-DF\tmp_frames\real_middle.png,False,22050,130305,2.856159346566786,-19.63532560168369,ok,
C:\Users\arvis\Downloads\avdeepfake1m_660_videos\AVDeepfake1M_local\videos_subset_600\train\id00012\Gf-KDRnkBw8\00038\real_video_fake_audio.mp4,real_video_fake_audio,E:\CAMC-DF\tmp_frames\real_video_fake_audio_scene.png,False,E:\CAMC-DF\tmp_frames\real_video_fake_audio_middle.png,False,22050,130305,15.56491909165803,-19.938436980968696,ok,
C:\Users\arvis\Downloads\avdeepfake1m_660_videos\AVDeepfake1M_local\videos_subset_600\train\id00012\Gf-KDRnkBw8\00039\fake_video_fake_audio.mp4,fake_video_fake_audio,E:\CAMC-DF\tmp_frames\fake_video_fake_audio_scene.png,False,E:\CAMC-DF\tmp_frames\fake_video_fake_audio_middle.png,False,22050,130305,2.258849570674397,-18.38889914162855,ok,
C:\Users\arvis\Downloads\avdeepfake1m_660_videos\AVDeepfake1M_local\videos_subset_600\train\id00012\Gf-KDRnkBw8\00039\real.mp4,real,E:\CAMC-DF\tmp_frames\real_scene.png,False,E:\CAMC-DF\tmp_frames\real_middle.png,False,22050,130305,1.9732612094658737,-20.738851922777613,ok,
C:\Users\arvis\Downloads\avdeepfake1m_660_videos\AVDeepfake1M_local\videos_subset_600\train\id00012\Gf-KDRnkBw8\00039\real_video_fake_audio.mp4,real_video_fake_audio,E:\CAMC-DF\tmp_frames\real_video_fake_audio_scene.png,False,E:\CAMC-DF\tmp_frames\real_video_fake_audio_middle.png,False,22050,130305,2.1870199975451015,-15.972626542415679,ok,
C:\Users\arvis\Downloads\avdeepfake1m_660_videos\AVDeepfake1M_local\videos_subset_600\train\id00012\Gf-KDRnkBw8\00041\fake_video_fake_audio.mp4,fake_video_fake_audio,E:\CAMC-DF\tmp_frames\fake_video_fake_audio_scene.png,False,E:\CAMC-DF\tmp_frames\fake_video_fake_audio_middle.png,False,22050,130305,2.2987080157555986,-17.329962515993255,ok,
C:\Users\arvis\Downloads\avdeepfake1m_660_videos\AVDeepfake1M_local\videos_subset_600\train\id00012\Gf-KDRnkBw8\00041\real.mp4,real,E:\CAMC-DF\tmp_frames\real_scene.png,False,E:\CAMC-DF\tmp_frames\real_middle.png,False,22050,130305,3.6225983602106258,-16.9002274673881,ok,
C:\Users\arvis\Downloads\avdeepfake1m_660_videos\AVDeepfake1M_local\videos_subset_600\train\id00012\IYaT706uSpQ\00042\fake_video_fake_audio.mp4,fake_video_fake_audio,E:\CAMC-DF\tmp_frames\fake_video_fake_audio_scene.png,False,E:\CAMC-DF\tmp_frames\fake_video_fake_audio_middle.png,False,22050,130305,20.437838915669925,-17.518982048845736,ok,
C:\Users\arvis\Downloads\avdeepfake1m_660_videos\AVDeepfake1M_local\videos_subset_600\train\id00012\IYaT706uSpQ\00042\real.mp4,real,E:\CAMC-DF\tmp_frames\real_scene.png,False,E:\CAMC-DF\tmp_frames\real_middle.png,False,22050,130305,4.319815001035403,-14.191042372268782,ok,
C:\Users\arvis\Downloads\avdeepfake1m_660_videos\AVDeepfake1M_local\videos_subset_600\train\id00012\IYaT706uSpQ\00042\real_video_fake_audio.mp4,real_video_fake_audio,E:\CAMC-DF\tmp_frames\real_video_fake_audio_scene.png,False,E:\CAMC-DF\tmp_frames\real_video_fake_audio_middle.png,False,22050,130305,2.3220499341676124,-17.669597763992854,ok,
C:\Users\arvis\Downloads\avdeepfake1m_660_videos\AVDeepfake1M_local\videos_subset_600\train\id00012\IYaT706uSpQ\00043\fake_video_fake_audio.mp4,fake_video_fake_audio,E:\CAMC-DF\tmp_frames\fake_video_fake_audio_scene.png,False,E:\CAMC-DF\tmp_frames\fake_video_fake_audio_middle.png,False,22050,130305,2.126161798315399,-21.701281485292697,ok,
C:\Users\arvis\Downloads\avdeepfake1m_660_videos\AVDeepfake1M_local\videos_subset_600\train\id00012\IYaT706uSpQ\00043\real.mp4,real,E:\CAMC-DF\tmp_frames\real_scene.png,False,E:\CAMC-DF\tmp_frames\real_middle.png,False,22050,130305,16.49536911136691,-12.48235441403883,ok,
C:\Users\arvis\Downloads\avdeepfake1m_660_videos\AVDeepfake1M_local\videos_subset_600\train\id00012\IYaT706uSpQ\00043\real_video_fake_audio.mp4,real_video_fake_audio,E:\CAMC-DF\tmp_frames\real_video_fake_audio_scene.png,False,E:\CAMC-DF\tmp_frames\real_video_fake_audio_middle.png,False,22050,130305,2.3984906346017225,-19.495956135780776,ok,
C:\Users\arvis\Downloads\avdeepfake1m_660_videos\AVDeepfake1M_local\videos_subset_600\train\id00012\IYaT706uSpQ\00049\fake_video_fake_audio.mp4,fake_video_fake_audio,E:\CAMC-DF\tmp_frames\fake_video_fake_audio_scene.png,False,E:\CAMC-DF\tmp_frames\fake_video_fake_audio_middle.png,False,22050,130305,15.088857225017744,-15.788526872867426,ok,
C:\Users\arvis\Downloads\avdeepfake1m_660_videos\AVDeepfake1M_local\videos_subset_600\train\id00012\IYaT706uSpQ\00049\real.mp4,real,E:\CAMC-DF\tmp_frames\real_scene.png,False,E:\CAMC-DF\tmp_frames\real_middle.png,False,22050,130305,17.31815029212212,-17.608877284257748,ok,
C:\Users\arvis\Downloads\avdeepfake1m_660_videos\AVDeepfake1M_local\videos_subset_600\train\id00012\IYaT706uSpQ\00049\real_video_fake_audio.mp4,real_video_fake_audio,E:\CAMC-DF\tmp_frames\real_video_fake_audio_scene.png,False,E:\CAMC-DF\tmp_frames\real_video_fake_audio_middle.png,False,22050,130305,17.28370481052098,-13.333323579370752,ok,
C:\Users\arvis\Downloads\avdeepfake1m_660_videos\AVDeepfake1M_local\videos_subset_600\train\id00012\IYaT706uSpQ\00051\fake_video_fake_audio.mp4,fake_video_fake_audio,E:\CAMC-DF\tmp_frames\fake_video_fake_audio_scene.png,False,E:\CAMC-DF\tmp_frames\fake_video_fake_audio_middle.png,False,22050,130305,20.655741756550256,-16.569611887929074,ok,
C:\Users\arvis\Downloads\avdeepfake1m_660_videos\AVDeepfake1M_local\videos_subset_600\train\id00012\IYaT706uSpQ\00051\real.mp4,real,E:\CAMC-DF\tmp_frames\real_scene.png,False,E:\CAMC-DF\tmp_frames\real_middle.png,False,22050,130305,19.662832644785873,-12.43911844638417,ok,
C:\Users\arvis\Downloads\avdeepfake1m_660_videos\AVDeepfake1M_local\videos_subset_600\train\id00012\IYaT706uSpQ\00051\real_video_fake_audio.mp4,real_video_fake_audio,E:\CAMC-DF\tmp_frames\real_video_fake_audio_scene.png,False,E:\CAMC-DF\tmp_frames\real_video_fake_audio_middle.png,False,22050,130305,2.7999357823667674,-15.613032071871501,ok,
C:\Users\arvis\Downloads\avdeepfake1m_660_videos\AVDeepfake1M_local\videos_subset_600\train\id00012\IYaT706uSpQ\00052\fake_video_fake_audio.mp4,fake_video_fake_audio,E:\CAMC-DF\tmp_frames\fake_video_fake_audio_scene.png,False,E:\CAMC-DF\tmp_frames\fake_video_fake_audio_middle.png,False,22050,130305,14.901318800815046,-10.611528509809393,ok,
C:\Users\arvis\Downloads\avdeepfake1m_660_videos\AVDeepfake1M_local\videos_subset_600\train\id00012\IYaT706uSpQ\00052\real.mp4,real,E:\CAMC-DF\tmp_frames\real_scene.png,False,E:\CAMC-DF\tmp_frames\real_middle.png,False,22050,130305,18.28718593934252,-12.712249514324313,ok,
C:\Users\arvis\Downloads\avdeepfake1m_660_videos\AVDeepfake1M_local\videos_subset_600\train\id00012\IYaT706uSpQ\00052\real_video_fake_audio.mp4,real_video_fake_audio,E:\CAMC-DF\tmp_frames\real_video_fake_audio_scene.png,False,E:\CAMC-DF\tmp_frames\real_video_fake_audio_middle.png,False,22050,130305,19.390211989756768,-15.868705268320149,ok,
C:\Users\arvis\Downloads\avdeepfake1m_660_videos\AVDeepfake1M_local\videos_subset_600\train\id00012\IYaT706uSpQ\00053\fake_video_fake_audio.mp4,fake_video_fake_audio,E:\CAMC-DF\tmp_frames\fake_video_fake_audio_scene.png,False,E:\CAMC-DF\tmp_frames\fake_video_fake_audio_middle.png,False,22050,130305,14.658008132774194,-15.621649583689301,ok,
C:\Users\arvis\Downloads\avdeepfake1m_660_videos\AVDeepfake1M_local\videos_subset_600\train\id00012\IYaT706uSpQ\00053\real.mp4,real,E:\CAMC-DF\tmp_frames\real_scene.png,False,E:\CAMC-DF\tmp_frames\real_middle.png,False,22050,130305,2.2801917593783045,-17.450924880945188,ok,
C:\Users\arvis\Downloads\avdeepfake1m_660_videos\AVDeepfake1M_local\videos_subset_600\train\id00012\IYaT706uSpQ\00053\real_video_fake_audio.mp4,real_video_fake_audio,E:\CAMC-DF\tmp_frames\real_video_fake_audio_scene.png,False,E:\CAMC-DF\tmp_frames\real_video_fake_audio_middle.png,False,22050,130305,19.52818913717215,-13.515273249884164,ok,
C:\Users\arvis\Downloads\avdeepfake1m_660_videos\AVDeepfake1M_local\videos_subset_600\train\id00012\IYaT706uSpQ\00055\fake_video_fake_audio.mp4,fake_video_fake_audio,E:\CAMC-DF\tmp_frames\fake_video_fake_audio_scene.png,False,E:\CAMC-DF\tmp_frames\fake_video_fake_audio_middle.png,False,22050,130305,15.373617750191341,-19.089388029982345,ok,
C:\Users\arvis\Downloads\avdeepfake1m_660_videos\AVDeepfake1M_local\videos_subset_600\train\id00012\IYaT706uSpQ\00055\real.mp4,real,E:\CAMC-DF\tmp_frames\real_scene.png,False,E:\CAMC-DF\tmp_frames\real_middle.png,False,22050,130305,20.499324797852037,-12.275691196317378,ok,
C:\Users\arvis\Downloads\avdeepfake1m_660_videos\AVDeepfake1M_local\videos_subset_600\train\id00012\IYaT706uSpQ\00055\real_video_fake_audio.mp4,real_video_fake_audio,E:\CAMC-DF\tmp_frames\real_video_fake_audio_scene.png,False,E:\CAMC-DF\tmp_frames\real_video_fake_audio_middle.png,False,22050,130305,13.792085447642913,-14.134924520333303,ok,
C:\Users\arvis\Downloads\avdeepfake1m_660_videos\AVDeepfake1M_local\videos_subset_600\train\id00012\JEBlkjLkhmY\00056\fake_video_fake_audio.mp4,fake_video_fake_audio,E:\CAMC-DF\tmp_frames\fake_video_fake_audio_scene.png,False,E:\CAMC-DF\tmp_frames\fake_video_fake_audio_middle.png,False,22050,130305,2.3085619925710987,-19.10913537403561,ok,
C:\Users\arvis\Downloads\avdeepfake1m_660_videos\AVDeepfake1M_local\videos_subset_600\train\id00012\JEBlkjLkhmY\00056\real_video_fake_audio.mp4,real_video_fake_audio,E:\CAMC-DF\tmp_frames\real_video_fake_audio_scene.png,False,E:\CAMC-DF\tmp_frames\real_video_fake_audio_middle.png,False,22050,130305,22.38804266452186,-16.664466938409348,ok,
C:\Users\arvis\Downloads\avdeepfake1m_660_videos\AVDeepfake1M_local\videos_subset_600\train\id00012\L5fo1OvuXIg\00057\fake_video_fake_audio.mp4,fake_video_fake_audio,E:\CAMC-DF\tmp_frames\fake_video_fake_audio_scene.png,False,E:\CAMC-DF\tmp_frames\fake_video_fake_audio_middle.png,False,22050,130305,1.9498837347350382,-18.16351398049761,ok,
C:\Users\arvis\Downloads\avdeepfake1m_660_videos\AVDeepfake1M_local\videos_subset_600\train\id00012\L5fo1OvuXIg\00057\real.mp4,real,E:\CAMC-DF\tmp_frames\real_scene.png,False,E:\CAMC-DF\tmp_frames\real_middle.png,False,22050,130305,5.12750772175074,-10.150398949520651,ok,
C:\Users\arvis\Downloads\avdeepfake1m_660_videos\AVDeepfake1M_local\videos_subset_600\train\id00012\L5fo1OvuXIg\00057\real_video_fake_audio.mp4,real_video_fake_audio,E:\CAMC-DF\tmp_frames\real_video_fake_audio_scene.png,False,E:\CAMC-DF\tmp_frames\real_video_fake_audio_middle.png,False,22050,130305,5.595123585195533,-15.361408710794864,ok,
C:\Users\arvis\Downloads\avdeepfake1m_660_videos\AVDeepfake1M_local\videos_subset_600\train\id00012\L5fo1OvuXIg\00058\fake_video_fake_audio.mp4,fake_video_fake_audio,E:\CAMC-DF\tmp_frames\fake_video_fake_audio_scene.png,False,E:\CAMC-DF\tmp_frames\fake_video_fake_audio_middle.png,False,22050,130305,13.494223021753026,-13.093190780627808,ok,
C:\Users\arvis\Downloads\avdeepfake1m_660_videos\AVDeepfake1M_local\videos_subset_600\train\id00012\L5fo1OvuXIg\00058\real.mp4,real,E:\CAMC-DF\tmp_frames\real_scene.png,False,E:\CAMC-DF\tmp_frames\real_middle.png,False,22050,130305,14.809582282829178,-13.787738852525509,ok,
C:\Users\arvis\Downloads\avdeepfake1m_660_videos\AVDeepfake1M_local\videos_subset_600\train\id00012\L5fo1OvuXIg\00058\real_video_fake_audio.mp4,real_video_fake_audio,E:\CAMC-DF\tmp_frames\real_video_fake_audio_scene.png,False,E:\CAMC-DF\tmp_frames\real_video_fake_audio_middle.png,False,22050,130305,3.072078601106981,-10.464409243801994,ok,
C:\Users\arvis\Downloads\avdeepfake1m_660_videos\AVDeepfake1M_local\videos_subset_600\train\id00012\L5fo1OvuXIg\00060\fake_video_fake_audio.mp4,fake_video_fake_audio,E:\CAMC-DF\tmp_frames\fake_video_fake_audio_scene.png,False,E:\CAMC-DF\tmp_frames\fake_video_fake_audio_middle.png,False,22050,130305,2.0277729515615133,-15.474682528302159,ok,
C:\Users\arvis\Downloads\avdeepfake1m_660_videos\AVDeepfake1M_local\videos_subset_600\train\id00012\L5fo1OvuXIg\00060\real.mp4,real,E:\CAMC-DF\tmp_frames\real_scene.png,False,E:\CAMC-DF\tmp_frames\real_middle.png,False,22050,130305,2.216482511890112,-19.80611807470633,ok,
C:\Users\arvis\Downloads\avdeepfake1m_660_videos\AVDeepfake1M_local\videos_subset_600\train\id00012\L5fo1OvuXIg\00060\real_video_fake_audio.mp4,real_video_fake_audio,E:\CAMC-DF\tmp_frames\real_video_fake_audio_scene.png,False,E:\CAMC-DF\tmp_frames\real_video_fake_audio_middle.png,False,22050,130305,16.76253157674601,-13.8919765287257,ok,
C:\Users\arvis\Downloads\avdeepfake1m_660_videos\AVDeepfake1M_local\videos_subset_600\train\id00012\L5fo1OvuXIg\00063\fake_video_fake_audio.mp4,fake_video_fake_audio,E:\CAMC-DF\tmp_frames\fake_video_fake_audio_scene.png,False,E:\CAMC-DF\tmp_frames\fake_video_fake_audio_middle.png,False,22050,130305,19.69797421516928,-12.978167688524124,ok,
C:\Users\arvis\Downloads\avdeepfake1m_660_videos\AVDeepfake1M_local\videos_subset_600\train\id00012\L5fo1OvuXIg\00063\real.mp4,real,E:\CAMC-DF\tmp_frames\real_scene.png,False,E:\CAMC-DF\tmp_frames\real_middle.png,False,22050,130305,2.6571383868076666,-15.393184332045305,ok,
C:\Users\arvis\Downloads\avdeepfake1m_660_videos\AVDeepfake1M_local\videos_subset_600\train\id00012\L5fo1OvuXIg\00063\real_video_fake_audio.mp4,real_video_fake_audio,E:\CAMC-DF\tmp_frames\real_video_fake_audio_scene.png,False,E:\CAMC-DF\tmp_frames\real_video_fake_audio_middle.png,False,22050,130305,2.0204661646240805,-15.093145697219965,ok,
C:\Users\arvis\Downloads\avdeepfake1m_660_videos\AVDeepfake1M_local\videos_subset_600\train\id00012\L5fo1OvuXIg\00064\fake_video_fake_audio.mp4,fake_video_fake_audio,E:\CAMC-DF\tmp_frames\fake_video_fake_audio_scene.png,False,E:\CAMC-DF\tmp_frames\fake_video_fake_audio_middle.png,False,22050,130305,2.208386734881927,-16.32128232792693,ok,
C:\Users\arvis\Downloads\avdeepfake1m_660_videos\AVDeepfake1M_local\videos_subset_600\train\id00012\L5fo1OvuXIg\00064\real.mp4,real,E:\CAMC-DF\tmp_frames\real_scene.png,False,E:\CAMC-DF\tmp_frames\real_middle.png,False,22050,130305,4.042775871756534,-15.746936221284646,ok,
C:\Users\arvis\Downloads\avdeepfake1m_660_videos\AVDeepfake1M_local\videos_subset_600\train\id00012\L5fo1OvuXIg\00064\real_video_fake_audio.mp4,real_video_fake_audio,E:\CAMC-DF\tmp_frames\real_video_fake_audio_scene.png,False,E:\CAMC-DF\tmp_frames\real_video_fake_audio_middle.png,False,22050,130305,3.316219434368463,-13.435979181793801,ok,
C:\Users\arvis\Downloads\avdeepfake1m_660_videos\AVDeepfake1M_local\videos_subset_600\train\id00012\L5fo1OvuXIg\00065\fake_video_fake_audio.mp4,fake_video_fake_audio,E:\CAMC-DF\tmp_frames\fake_video_fake_audio_scene.png,False,E:\CAMC-DF\tmp_frames\fake_video_fake_audio_middle.png,False,22050,130305,2.5582062705521986,-12.088204950464954,ok,
C:\Users\arvis\Downloads\avdeepfake1m_660_videos\AVDeepfake1M_local\videos_subset_600\train\id00012\L5fo1OvuXIg\00065\real.mp4,real,E:\CAMC-DF\tmp_frames\real_scene.png,False,E:\CAMC-DF\tmp_frames\real_middle.png,False,22050,130305,4.303291638320211,-19.25775620686,ok,
C:\Users\arvis\Downloads\avdeepfake1m_660_videos\AVDeepfake1M_local\videos_subset_600\train\id00012\L5fo1OvuXIg\00065\real_video_fake_audio.mp4,real_video_fake_audio,E:\CAMC-DF\tmp_frames\real_video_fake_audio_scene.png,False,E:\CAMC-DF\tmp_frames\real_video_fake_audio_middle.png,False,22050,130305,3.4954879073470373,-8.690773897189946,ok,
C:\Users\arvis\Downloads\avdeepfake1m_660_videos\AVDeepfake1M_local\videos_subset_600\train\id00012\L5fo1OvuXIg\00066\fake_video_fake_audio.mp4,fake_video_fake_audio,E:\CAMC-DF\tmp_frames\fake_video_fake_audio_scene.png,False,E:\CAMC-DF\tmp_frames\fake_video_fake_audio_middle.png,False,22050,130305,2.4745600544778568,-14.648154270396304,ok,
C:\Users\arvis\Downloads\avdeepfake1m_660_videos\AVDeepfake1M_local\videos_subset_600\train\id00012\L5fo1OvuXIg\00066\real.mp4,real,E:\CAMC-DF\tmp_frames\real_scene.png,False,E:\CAMC-DF\tmp_frames\real_middle.png,False,22050,130305,1.9400666268023528,-14.86026537044497,ok,
C:\Users\arvis\Downloads\avdeepfake1m_660_videos\AVDeepfake1M_local\videos_subset_600\train\id00012\L5fo1OvuXIg\00066\real_video_fake_audio.mp4,real_video_fake_audio,E:\CAMC-DF\tmp_frames\real_video_fake_audio_scene.png,False,E:\CAMC-DF\tmp_frames\real_video_fake_audio_middle.png,False,22050,130305,2.190628690677085,-15.12219720084965,ok,
C:\Users\arvis\Downloads\avdeepfake1m_660_videos\AVDeepfake1M_local\videos_subset_600\train\id00012\nRiPvNQ1GCQ\00140\fake_video_fake_audio.mp4,fake_video_fake_audio,E:\CAMC-DF\tmp_frames\fake_video_fake_audio_scene.png,False,E:\CAMC-DF\tmp_frames\fake_video_fake_audio_middle.png,False,22050,130305,4.459047653504087,-13.962798478593294,ok,
C:\Users\arvis\Downloads\avdeepfake1m_660_videos\AVDeepfake1M_local\videos_subset_600\train\id00012\nRiPvNQ1GCQ\00140\real.mp4,real,E:\CAMC-DF\tmp_frames\real_scene.png,False,E:\CAMC-DF\tmp_frames\real_middle.png,False,22050,130305,2.6543600018858196,-16.47423687413497,ok,
C:\Users\arvis\Downloads\avdeepfake1m_660_videos\AVDeepfake1M_local\videos_subset_600\train\id00012\nRiPvNQ1GCQ\00140\real_video_fake_audio.mp4,real_video_fake_audio,E:\CAMC-DF\tmp_frames\real_video_fake_audio_scene.png,False,E:\CAMC-DF\tmp_frames\real_video_fake_audio_middle.png,False,22050,130305,1.838086215634958,-15.959735911546156,ok,
C:\Users\arvis\Downloads\avdeepfake1m_660_videos\AVDeepfake1M_local\videos_subset_600\train\id00012\nRiPvNQ1GCQ\00142\fake_video_fake_audio.mp4,fake_video_fake_audio,E:\CAMC-DF\tmp_frames\fake_video_fake_audio_scene.png,False,E:\CAMC-DF\tmp_frames\fake_video_fake_audio_middle.png,False,22050,130305,1.7941921213835037,-16.413765850719372,ok,
C:\Users\arvis\Downloads\avdeepfake1m_660_videos\AVDeepfake1M_local\videos_subset_600\train\id00012\nRiPvNQ1GCQ\00142\real.mp4,real,E:\CAMC-DF\tmp_frames\real_scene.png,False,E:\CAMC-DF\tmp_frames\real_middle.png,False,22050,130305,2.7035957262742647,-14.767474257496714,ok,
C:\Users\arvis\Downloads\avdeepfake1m_660_videos\AVDeepfake1M_local\videos_subset_600\train\id00012\nRiPvNQ1GCQ\00142\real_video_fake_audio.mp4,real_video_fake_audio,E:\CAMC-DF\tmp_frames\real_video_fake_audio_scene.png,False,E:\CAMC-DF\tmp_frames\real_video_fake_audio_middle.png,False,22050,130305,1.5070514756143196,-16.91940002333964,ok,
C:\Users\arvis\Downloads\avdeepfake1m_660_videos\AVDeepfake1M_local\videos_subset_600\train\id00012\nRiPvNQ1GCQ\00143\fake_video_fake_audio.mp4,fake_video_fake_audio,E:\CAMC-DF\tmp_frames\fake_video_fake_audio_scene.png,False,E:\CAMC-DF\tmp_frames\fake_video_fake_audio_middle.png,False,22050,130305,1.7981530275735722,-19.44714442664964,ok,
C:\Users\arvis\Downloads\avdeepfake1m_660_videos\AVDeepfake1M_local\videos_subset_600\train\id00012\nRiPvNQ1GCQ\00143\real.mp4,real,E:\CAMC-DF\tmp_frames\real_scene.png,False,E:\CAMC-DF\tmp_frames\real_middle.png,False,22050,130305,1.7358429003667837,-23.513875935674783,ok,
C:\Users\arvis\Downloads\avdeepfake1m_660_videos\AVDeepfake1M_local\videos_subset_600\train\id00012\nRiPvNQ1GCQ\00143\real_video_fake_audio.mp4,real_video_fake_audio,E:\CAMC-DF\tmp_frames\real_video_fake_audio_scene.png,False,E:\CAMC-DF\tmp_frames\real_video_fake_audio_middle.png,False,22050,130305,2.246061603456317,-20.94871882203263,ok,
C:\Users\arvis\Downloads\avdeepfake1m_660_videos\AVDeepfake1M_local\videos_subset_600\train\id00012\nRiPvNQ1GCQ\00144\fake_video_fake_audio.mp4,fake_video_fake_audio,E:\CAMC-DF\tmp_frames\fake_video_fake_audio_scene.png,False,E:\CAMC-DF\tmp_frames\fake_video_fake_audio_middle.png,False,22050,130305,2.128277724124108,-19.910952408635247,ok,
C:\Users\arvis\Downloads\avdeepfake1m_660_videos\AVDeepfake1M_local\videos_subset_600\train\id00012\nRiPvNQ1GCQ\00144\real.mp4,real,E:\CAMC-DF\tmp_frames\real_scene.png,False,E:\CAMC-DF\tmp_frames\real_middle.png,False,22050,130305,1.4503187619773585,-18.259829740492318,ok,
C:\Users\arvis\Downloads\avdeepfake1m_660_videos\AVDeepfake1M_local\videos_subset_600\train\id00012\nRiPvNQ1GCQ\00144\real_video_fake_audio.mp4,real_video_fake_audio,E:\CAMC-DF\tmp_frames\real_video_fake_audio_scene.png,False,E:\CAMC-DF\tmp_frames\real_video_fake_audio_middle.png,False,22050,130305,2.2203523152748392,-21.85192634765386,ok,
C:\Users\arvis\Downloads\avdeepfake1m_660_videos\AVDeepfake1M_local\videos_subset_600\train\id00012\nRiPvNQ1GCQ\00145\fake_video_fake_audio.mp4,fake_video_fake_audio,E:\CAMC-DF\tmp_frames\fake_video_fake_audio_scene.png,False,E:\CAMC-DF\tmp_frames\fake_video_fake_audio_middle.png,False,22050,130305,4.228296941117453,-21.572788751791123,ok,
C:\Users\arvis\Downloads\avdeepfake1m_660_videos\AVDeepfake1M_local\videos_subset_600\train\id00012\nRiPvNQ1GCQ\00145\real.mp4,real,E:\CAMC-DF\tmp_frames\real_scene.png,False,E:\CAMC-DF\tmp_frames\real_middle.png,False,22050,130305,3.8332810737429277,-18.127490942328496,ok,
C:\Users\arvis\Downloads\avdeepfake1m_660_videos\AVDeepfake1M_local\videos_subset_600\train\id00012\nRiPvNQ1GCQ\00145\real_video_fake_audio.mp4,real_video_fake_audio,E:\CAMC-DF\tmp_frames\real_video_fake_audio_scene.png,False,E:\CAMC-DF\tmp_frames\real_video_fake_audio_middle.png,False,22050,130305,3.5062949878594623,-19.48106113974708,ok,
C:\Users\arvis\Downloads\avdeepfake1m_660_videos\AVDeepfake1M_local\videos_subset_600\train\id00012\nRiPvNQ1GCQ\00146\real.mp4,real,E:\CAMC-DF\tmp_frames\real_scene.png,False,E:\CAMC-DF\tmp_frames\real_middle.png,False,22050,130305,2.6541127218950384,-16.815235021664797,ok,
C:\Users\arvis\Downloads\avdeepfake1m_660_videos\AVDeepfake1M_local\videos_subset_600\train\id00012\nRiPvNQ1GCQ\00146\real_video_fake_audio.mp4,real_video_fake_audio,E:\CAMC-DF\tmp_frames\real_video_fake_audio_scene.png,False,E:\CAMC-DF\tmp_frames\real_video_fake_audio_middle.png,False,22050,130305,1.963114534607023,-22.183698979717683,ok,
C:\Users\arvis\Downloads\avdeepfake1m_660_videos\AVDeepfake1M_local\videos_subset_600\train\id00012\O2jVZ--4vCk\00067\fake_video_fake_audio.mp4,fake_video_fake_audio,E:\CAMC-DF\tmp_frames\fake_video_fake_audio_scene.png,False,E:\CAMC-DF\tmp_frames\fake_video_fake_audio_middle.png,False,22050,130305,10.757168536694953,-17.343362660223764,ok,
C:\Users\arvis\Downloads\avdeepfake1m_660_videos\AVDeepfake1M_local\videos_subset_600\train\id00012\O2jVZ--4vCk\00067\real.mp4,real,E:\CAMC-DF\tmp_frames\real_scene.png,False,E:\CAMC-DF\tmp_frames\real_middle.png,False,22050,130305,10.587466100903193,-15.69194978166508,ok,
C:\Users\arvis\Downloads\avdeepfake1m_660_videos\AVDeepfake1M_local\videos_subset_600\train\id00012\O2jVZ--4vCk\00067\real_video_fake_audio.mp4,real_video_fake_audio,E:\CAMC-DF\tmp_frames\real_video_fake_audio_scene.png,False,E:\CAMC-DF\tmp_frames\real_video_fake_audio_middle.png,False,22050,130305,10.859215167897114,-17.86790617476767,ok,
C:\Users\arvis\Downloads\avdeepfake1m_660_videos\AVDeepfake1M_local\videos_subset_600\train\id00012\OuYBFCAc6GE\00068\fake_video_fake_audio.mp4,fake_video_fake_audio,E:\CAMC-DF\tmp_frames\fake_video_fake_audio_scene.png,False,E:\CAMC-DF\tmp_frames\fake_video_fake_audio_middle.png,False,22050,130305,11.36673148296511,-17.1396651866487,ok,
C:\Users\arvis\Downloads\avdeepfake1m_660_videos\AVDeepfake1M_local\videos_subset_600\train\id00012\OuYBFCAc6GE\00068\real.mp4,real,E:\CAMC-DF\tmp_frames\real_scene.png,False,E:\CAMC-DF\tmp_frames\real_middle.png,False,22050,130305,12.743616121661052,-16.700590322178574,ok,
C:\Users\arvis\Downloads\avdeepfake1m_660_videos\AVDeepfake1M_local\videos_subset_600\train\id00012\OuYBFCAc6GE\00068\real_video_fake_audio.mp4,real_video_fake_audio,E:\CAMC-DF\tmp_frames\real_video_fake_audio_scene.png,False,E:\CAMC-DF\tmp_frames\real_video_fake_audio_middle.png,False,22050,130305,4.439136970167516,-17.90791538378294,ok,
C:\Users\arvis\Downloads\avdeepfake1m_660_videos\AVDeepfake1M_local\videos_subset_600\train\id00012\OuYBFCAc6GE\00069\real.mp4,real,E:\CAMC-DF\tmp_frames\real_scene.png,False,E:\CAMC-DF\tmp_frames\real_middle.png,False,22050,130305,2.1994856090964756,-17.58918499677239,ok,
C:\Users\arvis\Downloads\avdeepfake1m_660_videos\AVDeepfake1M_local\videos_subset_600\train\id00012\OuYBFCAc6GE\00069\real_video_fake_audio.mp4,real_video_fake_audio,E:\CAMC-DF\tmp_frames\real_video_fake_audio_scene.png,False,E:\CAMC-DF\tmp_frames\real_video_fake_audio_middle.png,False,22050,130305,2.4045981542307087,-17.671674232107144,ok,
C:\Users\arvis\Downloads\avdeepfake1m_660_videos\AVDeepfake1M_local\videos_subset_600\train\id00012\OuYBFCAc6GE\00072\fake_video_fake_audio.mp4,fake_video_fake_audio,E:\CAMC-DF\tmp_frames\fake_video_fake_audio_scene.png,False,E:\CAMC-DF\tmp_frames\fake_video_fake_audio_middle.png,False,22050,130305,2.7328250212378795,-17.91242456762863,ok,
C:\Users\arvis\Downloads\avdeepfake1m_660_videos\AVDeepfake1M_local\videos_subset_600\train\id00012\OuYBFCAc6GE\00072\real.mp4,real,E:\CAMC-DF\tmp_frames\real_scene.png,False,E:\CAMC-DF\tmp_frames\real_middle.png,False,22050,130305,6.766895536390126,-16.3018097200441,ok,
C:\Users\arvis\Downloads\avdeepfake1m_660_videos\AVDeepfake1M_local\videos_subset_600\train\id00012\OuYBFCAc6GE\00072\real_video_fake_audio.mp4,real_video_fake_audio,E:\CAMC-DF\tmp_frames\real_video_fake_audio_scene.png,False,E:\CAMC-DF\tmp_frames\real_video_fake_audio_middle.png,False,22050,130305,2.7789030366871397,-18.109247506429284,ok,
C:\Users\arvis\Downloads\avdeepfake1m_660_videos\AVDeepfake1M_local\videos_subset_600\train\id00012\OuYBFCAc6GE\00073\fake_video_fake_audio.mp4,fake_video_fake_audio,E:\CAMC-DF\tmp_frames\fake_video_fake_audio_scene.png,False,E:\CAMC-DF\tmp_frames\fake_video_fake_audio_middle.png,False,22050,130305,1.2732084614191121,-16.633405314393094,ok,
C:\Users\arvis\Downloads\avdeepfake1m_660_videos\AVDeepfake1M_local\videos_subset_600\train\id00012\OuYBFCAc6GE\00073\real.mp4,real,E:\CAMC-DF\tmp_frames\real_scene.png,False,E:\CAMC-DF\tmp_frames\real_middle.png,False,22050,130305,1.7756570627787776,-19.370203827040694,ok,
C:\Users\arvis\Downloads\avdeepfake1m_660_videos\AVDeepfake1M_local\videos_subset_600\train\id00012\OuYBFCAc6GE\00073\real_video_fake_audio.mp4,real_video_fake_audio,E:\CAMC-DF\tmp_frames\real_video_fake_audio_scene.png,False,E:\CAMC-DF\tmp_frames\real_video_fake_audio_middle.png,False,22050,130305,1.7562060879755876,-18.124428946034215,ok,
C:\Users\arvis\Downloads\avdeepfake1m_660_videos\AVDeepfake1M_local\videos_subset_600\train\id00012\OuYBFCAc6GE\00075\real.mp4,real,E:\CAMC-DF\tmp_frames\real_scene.png,False,E:\CAMC-DF\tmp_frames\real_middle.png,False,22050,130305,1.943525512529078,-19.49142795402501,ok,
C:\Users\arvis\Downloads\avdeepfake1m_660_videos\AVDeepfake1M_local\videos_subset_600\train\id00012\OuYBFCAc6GE\00075\real_video_fake_audio.mp4,real_video_fake_audio,E:\CAMC-DF\tmp_frames\real_video_fake_audio_scene.png,False,E:\CAMC-DF\tmp_frames\real_video_fake_audio_middle.png,False,22050,130305,1.6503258570875394,-21.67173087089261,ok,
C:\Users\arvis\Downloads\avdeepfake1m_660_videos\AVDeepfake1M_local\videos_subset_600\train\id00012\OuYBFCAc6GE\00076\fake_video_fake_audio.mp4,fake_video_fake_audio,E:\CAMC-DF\tmp_frames\fake_video_fake_audio_scene.png,False,E:\CAMC-DF\tmp_frames\fake_video_fake_audio_middle.png,False,22050,130305,4.698830540131391,-18.703623269985677,ok,
C:\Users\arvis\Downloads\avdeepfake1m_660_videos\AVDeepfake1M_local\videos_subset_600\train\id00012\OuYBFCAc6GE\00076\real.mp4,real,E:\CAMC-DF\tmp_frames\real_scene.png,False,E:\CAMC-DF\tmp_frames\real_middle.png,False,22050,130305,4.315976384418163,-17.47980851075233,ok,
C:\Users\arvis\Downloads\avdeepfake1m_660_videos\AVDeepfake1M_local\videos_subset_600\train\id00012\OuYBFCAc6GE\00078\fake_video_fake_audio.mp4,fake_video_fake_audio,E:\CAMC-DF\tmp_frames\fake_video_fake_audio_scene.png,False,E:\CAMC-DF\tmp_frames\fake_video_fake_audio_middle.png,False,22050,130305,19.74293118208495,-18.900102726880764,ok,
C:\Users\arvis\Downloads\avdeepfake1m_660_videos\AVDeepfake1M_local\videos_subset_600\train\id00012\OuYBFCAc6GE\00078\real.mp4,real,E:\CAMC-DF\tmp_frames\real_scene.png,False,E:\CAMC-DF\tmp_frames\real_middle.png,False,22050,130305,2.016449764686527,-20.2113462899433,ok,
C:\Users\arvis\Downloads\avdeepfake1m_660_videos\AVDeepfake1M_local\videos_subset_600\train\id00012\OuYBFCAc6GE\00078\real_video_fake_audio.mp4,real_video_fake_audio,E:\CAMC-DF\tmp_frames\real_video_fake_audio_scene.png,False,E:\CAMC-DF\tmp_frames\real_video_fake_audio_middle.png,False,22050,130305,6.165515085424023,-15.759993795479463,ok,
C:\Users\arvis\Downloads\avdeepfake1m_660_videos\AVDeepfake1M_local\videos_subset_600\train\id00012\Pdni5zyZJYA\00079\fake_video_fake_audio.mp4,fake_video_fake_audio,E:\CAMC-DF\tmp_frames\fake_video_fake_audio_scene.png,False,E:\CAMC-DF\tmp_frames\fake_video_fake_audio_middle.png,False,22050,130305,2.998664098986844,-12.92129880770862,ok,
C:\Users\arvis\Downloads\avdeepfake1m_660_videos\AVDeepfake1M_local\videos_subset_600\train\id00012\Pdni5zyZJYA\00079\real_video_fake_audio.mp4,real_video_fake_audio,E:\CAMC-DF\tmp_frames\real_video_fake_audio_scene.png,False,E:\CAMC-DF\tmp_frames\real_video_fake_audio_middle.png,False,22050,130305,3.4972456776427934,-12.30245782895183,ok,
C:\Users\arvis\Downloads\avdeepfake1m_660_videos\AVDeepfake1M_local\videos_subset_600\train\id00012\Pdni5zyZJYA\00080\fake_video_fake_audio.mp4,fake_video_fake_audio,E:\CAMC-DF\tmp_frames\fake_video_fake_audio_scene.png,False,E:\CAMC-DF\tmp_frames\fake_video_fake_audio_middle.png,False,22050,130305,16.139111099898336,-13.936374240800573,ok,
C:\Users\arvis\Downloads\avdeepfake1m_660_videos\AVDeepfake1M_local\videos_subset_600\train\id00012\Pdni5zyZJYA\00080\real.mp4,real,E:\CAMC-DF\tmp_frames\real_scene.png,False,E:\CAMC-DF\tmp_frames\real_middle.png,False,22050,130305,3.676468633170641,-9.897630992160222,ok,
C:\Users\arvis\Downloads\avdeepfake1m_660_videos\AVDeepfake1M_local\videos_subset_600\train\id00012\Pdni5zyZJYA\00080\real_video_fake_audio.mp4,real_video_fake_audio,E:\CAMC-DF\tmp_frames\real_video_fake_audio_scene.png,False,E:\CAMC-DF\tmp_frames\real_video_fake_audio_middle.png,False,22050,130305,3.2955908197130768,-15.946112931852275,ok,
C:\Users\arvis\Downloads\avdeepfake1m_660_videos\AVDeepfake1M_local\videos_subset_600\train\id00012\Pdni5zyZJYA\00082\fake_video_fake_audio.mp4,fake_video_fake_audio,E:\CAMC-DF\tmp_frames\fake_video_fake_audio_scene.png,False,E:\CAMC-DF\tmp_frames\fake_video_fake_audio_middle.png,False,22050,130305,2.7204541625863774,-12.129255919230886,ok,
C:\Users\arvis\Downloads\avdeepfake1m_660_videos\AVDeepfake1M_local\videos_subset_600\train\id00012\Pdni5zyZJYA\00082\real.mp4,real,E:\CAMC-DF\tmp_frames\real_scene.png,False,E:\CAMC-DF\tmp_frames\real_middle.png,False,22050,130305,2.901785571886737,-14.021997720974397,ok,
C:\Users\arvis\Downloads\avdeepfake1m_660_videos\AVDeepfake1M_local\videos_subset_600\train\id00012\Pdni5zyZJYA\00082\real_video_fake_audio.mp4,real_video_fake_audio,E:\CAMC-DF\tmp_frames\real_video_fake_audio_scene.png,False,E:\CAMC-DF\tmp_frames\real_video_fake_audio_middle.png,False,22050,130305,2.397874300052916,-16.159775685109135,ok,
C:\Users\arvis\Downloads\avdeepfake1m_660_videos\AVDeepfake1M_local\videos_subset_600\train\id00012\Pdni5zyZJYA\00085\fake_video_fake_audio.mp4,fake_video_fake_audio,E:\CAMC-DF\tmp_frames\fake_video_fake_audio_scene.png,False,E:\CAMC-DF\tmp_frames\fake_video_fake_audio_middle.png,False,22050,130305,3.1534722245657765,-12.301846724538233,ok,
C:\Users\arvis\Downloads\avdeepfake1m_660_videos\AVDeepfake1M_local\videos_subset_600\train\id00012\Pdni5zyZJYA\00085\real.mp4,real,E:\CAMC-DF\tmp_frames\real_scene.png,False,E:\CAMC-DF\tmp_frames\real_middle.png,False,22050,130305,2.032259157710015,-12.93799634788617,ok,
C:\Users\arvis\Downloads\avdeepfake1m_660_videos\AVDeepfake1M_local\videos_subset_600\train\id00012\Pdni5zyZJYA\00085\real_video_fake_audio.mp4,real_video_fake_audio,E:\CAMC-DF\tmp_frames\real_video_fake_audio_scene.png,False,E:\CAMC-DF\tmp_frames\real_video_fake_audio_middle.png,False,22050,130305,10.969882271796292,-14.199549843343608,ok,
C:\Users\arvis\Downloads\avdeepfake1m_660_videos\AVDeepfake1M_local\videos_subset_600\train\id00012\Pdni5zyZJYA\00086\fake_video_fake_audio.mp4,fake_video_fake_audio,E:\CAMC-DF\tmp_frames\fake_video_fake_audio_scene.png,False,E:\CAMC-DF\tmp_frames\fake_video_fake_audio_middle.png,False,22050,130305,3.3006653683198786,-11.12205139499751,ok,
C:\Users\arvis\Downloads\avdeepfake1m_660_videos\AVDeepfake1M_local\videos_subset_600\train\id00012\Pdni5zyZJYA\00086\real_video_fake_audio.mp4,real_video_fake_audio,E:\CAMC-DF\tmp_frames\real_video_fake_audio_scene.png,False,E:\CAMC-DF\tmp_frames\real_video_fake_audio_middle.png,False,22050,130305,2.289573870131551,-16.61235086264699,ok,
C:\Users\arvis\Downloads\avdeepfake1m_660_videos\AVDeepfake1M_local\videos_subset_600\train\id00012\s7MiVWybRhg\00148\fake_video_fake_audio.mp4,fake_video_fake_audio,E:\CAMC-DF\tmp_frames\fake_video_fake_audio_scene.png,False,E:\CAMC-DF\tmp_frames\fake_video_fake_audio_middle.png,False,22050,130305,1.8396429718701415,-13.576733906534685,ok,
C:\Users\arvis\Downloads\avdeepfake1m_660_videos\AVDeepfake1M_local\videos_subset_600\train\id00012\s7MiVWybRhg\00148\real.mp4,real,E:\CAMC-DF\tmp_frames\real_scene.png,False,E:\CAMC-DF\tmp_frames\real_middle.png,False,22050,130305,1.4339679846685884,-10.364005403418012,ok,
C:\Users\arvis\Downloads\avdeepfake1m_660_videos\AVDeepfake1M_local\videos_subset_600\train\id00012\s7MiVWybRhg\00149\fake_video_fake_audio.mp4,fake_video_fake_audio,E:\CAMC-DF\tmp_frames\fake_video_fake_audio_scene.png,False,E:\CAMC-DF\tmp_frames\fake_video_fake_audio_middle.png,False,22050,130305,0.7155602320313877,-20.42150026807608,ok,
C:\Users\arvis\Downloads\avdeepfake1m_660_videos\AVDeepfake1M_local\videos_subset_600\train\id00012\s7MiVWybRhg\00149\real.mp4,real,E:\CAMC-DF\tmp_frames\real_scene.png,False,E:\CAMC-DF\tmp_frames\real_middle.png,False,22050,130305,1.4573941187548132,-18.6313720718165,ok,
C:\Users\arvis\Downloads\avdeepfake1m_660_videos\AVDeepfake1M_local\videos_subset_600\train\id00012\s7MiVWybRhg\00149\real_video_fake_audio.mp4,real_video_fake_audio,E:\CAMC-DF\tmp_frames\real_video_fake_audio_scene.png,False,E:\CAMC-DF\tmp_frames\real_video_fake_audio_middle.png,False,22050,130305,1.9166763976482124,-19.249895641296398,ok,
C:\Users\arvis\Downloads\avdeepfake1m_660_videos\AVDeepfake1M_local\videos_subset_600\train\id00012\s7MiVWybRhg\00150\fake_video_fake_audio.mp4,fake_video_fake_audio,E:\CAMC-DF\tmp_frames\fake_video_fake_audio_scene.png,False,E:\CAMC-DF\tmp_frames\fake_video_fake_audio_middle.png,False,22050,130305,2.2749682486493024,-19.246592946852058,ok,
C:\Users\arvis\Downloads\avdeepfake1m_660_videos\AVDeepfake1M_local\videos_subset_600\train\id00012\s7MiVWybRhg\00150\real.mp4,real,E:\CAMC-DF\tmp_frames\real_scene.png,False,E:\CAMC-DF\tmp_frames\real_middle.png,False,22050,130305,1.6742811034099805,-16.47881438404448,ok,
C:\Users\arvis\Downloads\avdeepfake1m_660_videos\AVDeepfake1M_local\videos_subset_600\train\id00012\s7MiVWybRhg\00150\real_video_fake_audio.mp4,real_video_fake_audio,E:\CAMC-DF\tmp_frames\real_video_fake_audio_scene.png,False,E:\CAMC-DF\tmp_frames\real_video_fake_audio_middle.png,False,22050,130305,1.6372205455343072,-19.715739960150398,ok,
C:\Users\arvis\Downloads\avdeepfake1m_660_videos\AVDeepfake1M_local\videos_subset_600\train\id00012\s7MiVWybRhg\00151\fake_video_fake_audio.mp4,fake_video_fake_audio,E:\CAMC-DF\tmp_frames\fake_video_fake_audio_scene.png,False,E:\CAMC-DF\tmp_frames\fake_video_fake_audio_middle.png,False,22050,130305,1.2561475205340698,-12.078356889458366,ok,
C:\Users\arvis\Downloads\avdeepfake1m_660_videos\AVDeepfake1M_local\videos_subset_600\train\id00012\s7MiVWybRhg\00151\real.mp4,real,E:\CAMC-DF\tmp_frames\real_scene.png,False,E:\CAMC-DF\tmp_frames\real_middle.png,False,22050,130305,1.24644007385319,-17.42546490781633,ok,
C:\Users\arvis\Downloads\avdeepfake1m_660_videos\AVDeepfake1M_local\videos_subset_600\train\id00012\tqaasM16UxI\00153\fake_video_fake_audio.mp4,fake_video_fake_audio,E:\CAMC-DF\tmp_frames\fake_video_fake_audio_scene.png,False,E:\CAMC-DF\tmp_frames\fake_video_fake_audio_middle.png,False,22050,130305,10.317974022347247,-18.50989784115389,ok,
C:\Users\arvis\Downloads\avdeepfake1m_660_videos\AVDeepfake1M_local\videos_subset_600\train\id00012\tqaasM16UxI\00153\real.mp4,real,E:\CAMC-DF\tmp_frames\real_scene.png,False,E:\CAMC-DF\tmp_frames\real_middle.png,False,22050,130305,13.733453781701101,-14.861593115329462,ok,
C:\Users\arvis\Downloads\avdeepfake1m_660_videos\AVDeepfake1M_local\videos_subset_600\train\id00012\tqaasM16UxI\00153\real_video_fake_audio.mp4,real_video_fake_audio,E:\CAMC-DF\tmp_frames\real_video_fake_audio_scene.png,False,E:\CAMC-DF\tmp_frames\real_video_fake_audio_middle.png,False,22050,130305,10.651408020647862,-18.48281217663166,ok,
C:\Users\arvis\Downloads\avdeepfake1m_660_videos\AVDeepfake1M_local\videos_subset_600\train\id00012\uCBekiUm-rE\00158\fake_video_fake_audio.mp4,fake_video_fake_audio,E:\CAMC-DF\tmp_frames\fake_video_fake_audio_scene.png,False,E:\CAMC-DF\tmp_frames\fake_video_fake_audio_middle.png,False,22050,130305,3.1762266801991137,-12.745571050906737,ok,
C:\Users\arvis\Downloads\avdeepfake1m_660_videos\AVDeepfake1M_local\videos_subset_600\train\id00012\uCBekiUm-rE\00158\real.mp4,real,E:\CAMC-DF\tmp_frames\real_scene.png,False,E:\CAMC-DF\tmp_frames\real_middle.png,False,22050,130305,4.8461700546365565,-15.385951955176056,ok,
C:\Users\arvis\Downloads\avdeepfake1m_660_videos\AVDeepfake1M_local\videos_subset_600\train\id00012\uCBekiUm-rE\00158\real_video_fake_audio.mp4,real_video_fake_audio,E:\CAMC-DF\tmp_frames\real_video_fake_audio_scene.png,False,E:\CAMC-DF\tmp_frames\real_video_fake_audio_middle.png,False,22050,130305,2.11801040450871,-17.240536836926637,ok,
C:\Users\arvis\Downloads\avdeepfake1m_660_videos\AVDeepfake1M_local\videos_subset_600\train\id00012\uCBekiUm-rE\00160\fake_video_fake_audio.mp4,fake_video_fake_audio,E:\CAMC-DF\tmp_frames\fake_video_fake_audio_scene.png,False,E:\CAMC-DF\tmp_frames\fake_video_fake_audio_middle.png,False,22050,130305,2.9071225041507884,-12.964692964522115,ok,
C:\Users\arvis\Downloads\avdeepfake1m_660_videos\AVDeepfake1M_local\videos_subset_600\train\id00012\uCBekiUm-rE\00160\real.mp4,real,E:\CAMC-DF\tmp_frames\real_scene.png,False,E:\CAMC-DF\tmp_frames\real_middle.png,False,22050,130305,2.441710061471136,-16.99070977640955,ok,
C:\Users\arvis\Downloads\avdeepfake1m_660_videos\AVDeepfake1M_local\videos_subset_600\train\id00012\uCBekiUm-rE\00160\real_video_fake_audio.mp4,real_video_fake_audio,E:\CAMC-DF\tmp_frames\real_video_fake_audio_scene.png,False,E:\CAMC-DF\tmp_frames\real_video_fake_audio_middle.png,False,22050,130305,2.7799218963028585,-13.95404130202439,ok,
C:\Users\arvis\Downloads\avdeepfake1m_660_videos\AVDeepfake1M_local\videos_subset_600\train\id00012\uCBekiUm-rE\00161\fake_video_fake_audio.mp4,fake_video_fake_audio,E:\CAMC-DF\tmp_frames\fake_video_fake_audio_scene.png,False,E:\CAMC-DF\tmp_frames\fake_video_fake_audio_middle.png,False,22050,130305,2.2534793860512514,-16.069542955455102,ok,
C:\Users\arvis\Downloads\avdeepfake1m_660_videos\AVDeepfake1M_local\videos_subset_600\train\id00012\uCBekiUm-rE\00161\real.mp4,real,E:\CAMC-DF\tmp_frames\real_scene.png,False,E:\CAMC-DF\tmp_frames\real_middle.png,False,22050,130305,3.2280925878780313,-17.283651609427523,ok,
C:\Users\arvis\Downloads\avdeepfake1m_660_videos\AVDeepfake1M_local\videos_subset_600\train\id00012\uCBekiUm-rE\00161\real_video_fake_audio.mp4,real_video_fake_audio,E:\CAMC-DF\tmp_frames\real_video_fake_audio_scene.png,False,E:\CAMC-DF\tmp_frames\real_video_fake_audio_middle.png,False,22050,130305,2.0101980874254464,-18.37992650144522,ok,
C:\Users\arvis\Downloads\avdeepfake1m_660_videos\AVDeepfake1M_local\videos_subset_600\train\id00012\uCBekiUm-rE\00162\fake_video_fake_audio.mp4,fake_video_fake_audio,E:\CAMC-DF\tmp_frames\fake_video_fake_audio_scene.png,False,E:\CAMC-DF\tmp_frames\fake_video_fake_audio_middle.png,False,22050,130305,18.127261629792173,-14.236020956408526,ok,
C:\Users\arvis\Downloads\avdeepfake1m_660_videos\AVDeepfake1M_local\videos_subset_600\train\id00012\uCBekiUm-rE\00162\real.mp4,real,E:\CAMC-DF\tmp_frames\real_scene.png,False,E:\CAMC-DF\tmp_frames\real_middle.png,False,22050,130305,15.652438635948178,-15.80317285653901,ok,
C:\Users\arvis\Downloads\avdeepfake1m_660_videos\AVDeepfake1M_local\videos_subset_600\train\id00012\uCBekiUm-rE\00162\real_video_fake_audio.mp4,real_video_fake_audio,E:\CAMC-DF\tmp_frames\real_video_fake_audio_scene.png,False,E:\CAMC-DF\tmp_frames\real_video_fake_audio_middle.png,False,22050,130305,1.7827036603142947,-17.973029038920036,ok,
C:\Users\arvis\Downloads\avdeepfake1m_660_videos\AVDeepfake1M_local\videos_subset_600\train\id00012\UiPa-HfABJQ\00088\fake_video_fake_audio.mp4,fake_video_fake_audio,E:\CAMC-DF\tmp_frames\fake_video_fake_audio_scene.png,False,E:\CAMC-DF\tmp_frames\fake_video_fake_audio_middle.png,False,22050,130305,11.88296218268593,-15.217661288730804,ok,
C:\Users\arvis\Downloads\avdeepfake1m_660_videos\AVDeepfake1M_local\videos_subset_600\train\id00012\UiPa-HfABJQ\00088\real.mp4,real,E:\CAMC-DF\tmp_frames\real_scene.png,False,E:\CAMC-DF\tmp_frames\real_middle.png,False,22050,130305,5.332213587244864,-17.478982559648987,ok,
C:\Users\arvis\Downloads\avdeepfake1m_660_videos\AVDeepfake1M_local\videos_subset_600\train\id00012\UiPa-HfABJQ\00088\real_video_fake_audio.mp4,real_video_fake_audio,E:\CAMC-DF\tmp_frames\real_video_fake_audio_scene.png,False,E:\CAMC-DF\tmp_frames\real_video_fake_audio_middle.png,False,22050,130305,13.66397994028404,-16.909825774686958,ok,
C:\Users\arvis\Downloads\avdeepfake1m_660_videos\AVDeepfake1M_local\videos_subset_600\train\id00012\UiPa-HfABJQ\00089\fake_video_fake_audio.mp4,fake_video_fake_audio,E:\CAMC-DF\tmp_frames\fake_video_fake_audio_scene.png,False,E:\CAMC-DF\tmp_frames\fake_video_fake_audio_middle.png,False,22050,130305,11.429875733294168,-15.523181833187284,ok,
C:\Users\arvis\Downloads\avdeepfake1m_660_videos\AVDeepfake1M_local\videos_subset_600\train\id00012\UiPa-HfABJQ\00089\real.mp4,real,E:\CAMC-DF\tmp_frames\real_scene.png,False,E:\CAMC-DF\tmp_frames\real_middle.png,False,22050,130305,13.571010943294212,-17.08317098515874,ok,
C:\Users\arvis\Downloads\avdeepfake1m_660_videos\AVDeepfake1M_local\videos_subset_600\train\id00012\UiPa-HfABJQ\00090\fake_video_fake_audio.mp4,fake_video_fake_audio,E:\CAMC-DF\tmp_frames\fake_video_fake_audio_scene.png,False,E:\CAMC-DF\tmp_frames\fake_video_fake_audio_middle.png,False,22050,130305,12.394093454293163,-15.01888674506235,ok,
C:\Users\arvis\Downloads\avdeepfake1m_660_videos\AVDeepfake1M_local\videos_subset_600\train\id00012\UiPa-HfABJQ\00090\real.mp4,real,E:\CAMC-DF\tmp_frames\real_scene.png,False,E:\CAMC-DF\tmp_frames\real_middle.png,False,22050,130305,3.1303586210339978,-15.818159259420108,ok,
C:\Users\arvis\Downloads\avdeepfake1m_660_videos\AVDeepfake1M_local\videos_subset_600\train\id00012\UiPa-HfABJQ\00090\real_video_fake_audio.mp4,real_video_fake_audio,E:\CAMC-DF\tmp_frames\real_video_fake_audio_scene.png,False,E:\CAMC-DF\tmp_frames\real_video_fake_audio_middle.png,False,22050,130305,12.003863603196443,-17.00982859108404,ok,
C:\Users\arvis\Downloads\avdeepfake1m_660_videos\AVDeepfake1M_local\videos_subset_600\train\id00012\yi_qz725MjE\00163\fake_video_fake_audio.mp4,fake_video_fake_audio,E:\CAMC-DF\tmp_frames\fake_video_fake_audio_scene.png,True,E:\CAMC-DF\tmp_frames\fake_video_fake_audio_scene.png,True,22050,130305,4.2985957793702285,-14.110635074251654,ok,
C:\Users\arvis\Downloads\avdeepfake1m_660_videos\AVDeepfake1M_local\videos_subset_600\train\id00012\yi_qz725MjE\00163\real_video_fake_audio.mp4,real_video_fake_audio,E:\CAMC-DF\tmp_frames\real_video_fake_audio_scene.png,True,E:\CAMC-DF\tmp_frames\real_video_fake_audio_scene.png,True,22050,130305,3.30161090195124,-13.16740821979498,ok,
C:\Users\arvis\Downloads\avdeepfake1m_660_videos\AVDeepfake1M_local\videos_subset_600\train\id00012\yi_qz725MjE\00164\fake_video_fake_audio.mp4,fake_video_fake_audio,E:\CAMC-DF\tmp_frames\fake_video_fake_audio_scene.png,False,E:\CAMC-DF\tmp_frames\fake_video_fake_audio_middle.png,False,22050,130305,3.2652310835541725,-16.751271691465412,ok,
C:\Users\arvis\Downloads\avdeepfake1m_660_videos\AVDeepfake1M_local\videos_subset_600\train\id00012\yi_qz725MjE\00164\real.mp4,real,E:\CAMC-DF\tmp_frames\real_scene.png,False,E:\CAMC-DF\tmp_frames\real_middle.png,False,22050,130305,2.21029556018889,-16.58123266818326,ok,
C:\Users\arvis\Downloads\avdeepfake1m_660_videos\AVDeepfake1M_local\videos_subset_600\train\id00012\yi_qz725MjE\00164\real_video_fake_audio.mp4,real_video_fake_audio,E:\CAMC-DF\tmp_frames\real_video_fake_audio_scene.png,False,E:\CAMC-DF\tmp_frames\real_video_fake_audio_middle.png,False,22050,130305,2.2550095298943558,-15.723939332980045,ok,
C:\Users\arvis\Downloads\avdeepfake1m_660_videos\AVDeepfake1M_local\videos_subset_600\train\id00012\Z-G8-wqpxwU\00091\fake_video_fake_audio.mp4,fake_video_fake_audio,E:\CAMC-DF\tmp_frames\fake_video_fake_audio_scene.png,False,E:\CAMC-DF\tmp_frames\fake_video_fake_audio_middle.png,False,22050,130305,13.800029956780453,-18.00496360343151,ok,
C:\Users\arvis\Downloads\avdeepfake1m_660_videos\AVDeepfake1M_local\videos_subset_600\train\id00012\Z-G8-wqpxwU\00091\real.mp4,real,E:\CAMC-DF\tmp_frames\real_scene.png,False,E:\CAMC-DF\tmp_frames\real_middle.png,False,22050,130305,8.26003183467511,-13.320273918873715,ok,
C:\Users\arvis\Downloads\avdeepfake1m_660_videos\AVDeepfake1M_local\videos_subset_600\train\id00012\Z-G8-wqpxwU\00091\real_video_fake_audio.mp4,real_video_fake_audio,E:\CAMC-DF\tmp_frames\real_video_fake_audio_scene.png,False,E:\CAMC-DF\tmp_frames\real_video_fake_audio_middle.png,False,22050,130305,10.530204358305626,-12.784894795464243,ok,
C:\Users\arvis\Downloads\avdeepfake1m_660_videos\AVDeepfake1M_local\videos_subset_600\train\id00012\Z-G8-wqpxwU\00094\fake_video_fake_audio.mp4,fake_video_fake_audio,E:\CAMC-DF\tmp_frames\fake_video_fake_audio_scene.png,False,E:\CAMC-DF\tmp_frames\fake_video_fake_audio_middle.png,False,22050,130305,2.2870068164740456,-15.82875478491852,ok,
C:\Users\arvis\Downloads\avdeepfake1m_660_videos\AVDeepfake1M_local\videos_subset_600\train\id00012\Z-G8-wqpxwU\00094\real.mp4,real,E:\CAMC-DF\tmp_frames\real_scene.png,False,E:\CAMC-DF\tmp_frames\real_middle.png,False,22050,130305,7.174242269301229,-13.299529316566094,ok,
C:\Users\arvis\Downloads\avdeepfake1m_660_videos\AVDeepfake1M_local\videos_subset_600\train\id00012\Z-G8-wqpxwU\00094\real_video_fake_audio.mp4,real_video_fake_audio,E:\CAMC-DF\tmp_frames\real_video_fake_audio_scene.png,False,E:\CAMC-DF\tmp_frames\real_video_fake_audio_middle.png,False,22050,130305,2.414109496620486,-16.98939025132676,ok,
C:\Users\arvis\Downloads\avdeepfake1m_660_videos\AVDeepfake1M_local\videos_subset_600\train\id00012\Z-G8-wqpxwU\00095\fake_video_fake_audio.mp4,fake_video_fake_audio,E:\CAMC-DF\tmp_frames\fake_video_fake_audio_scene.png,False,E:\CAMC-DF\tmp_frames\fake_video_fake_audio_middle.png,False,22050,130305,5.156125526907204,-16.251202512605285,ok,
C:\Users\arvis\Downloads\avdeepfake1m_660_videos\AVDeepfake1M_local\videos_subset_600\train\id00012\Z-G8-wqpxwU\00095\real.mp4,real,E:\CAMC-DF\tmp_frames\real_scene.png,False,E:\CAMC-DF\tmp_frames\real_middle.png,False,22050,130305,2.7624710064776874,-17.744810627577873,ok,
C:\Users\arvis\Downloads\avdeepfake1m_660_videos\AVDeepfake1M_local\videos_subset_600\train\id00012\Z-G8-wqpxwU\00095\real_video_fake_audio.mp4,real_video_fake_audio,E:\CAMC-DF\tmp_frames\real_video_fake_audio_scene.png,False,E:\CAMC-DF\tmp_frames\real_video_fake_audio_middle.png,False,22050,130305,7.979653863949327,-12.633285123598164,ok,
C:\Users\arvis\Downloads\avdeepfake1m_660_videos\AVDeepfake1M_local\videos_subset_600\train\id00012\Z-G8-wqpxwU\00096\fake_video_fake_audio.mp4,fake_video_fake_audio,E:\CAMC-DF\tmp_frames\fake_video_fake_audio_scene.png,False,E:\CAMC-DF\tmp_frames\fake_video_fake_audio_middle.png,False,22050,130305,2.6644534814212437,-17.19963905273536,ok,
C:\Users\arvis\Downloads\avdeepfake1m_660_videos\AVDeepfake1M_local\videos_subset_600\train\id00012\Z-G8-wqpxwU\00096\real.mp4,real,E:\CAMC-DF\tmp_frames\real_scene.png,False,E:\CAMC-DF\tmp_frames\real_middle.png,False,22050,130305,3.5312063305086743,-15.3521682983491,ok,
C:\Users\arvis\Downloads\avdeepfake1m_660_videos\AVDeepfake1M_local\videos_subset_600\train\id00012\Z-G8-wqpxwU\00096\real_video_fake_audio.mp4,real_video_fake_audio,E:\CAMC-DF\tmp_frames\real_video_fake_audio_scene.png,False,E:\CAMC-DF\tmp_frames\real_video_fake_audio_middle.png,False,22050,130305,3.6334785015632503,-18.17991053241606,ok,
C:\Users\arvis\Downloads\avdeepfake1m_660_videos\AVDeepfake1M_local\videos_subset_600\train\id00012\Z-G8-wqpxwU\00097\fake_video_fake_audio.mp4,fake_video_fake_audio,E:\CAMC-DF\tmp_frames\fake_video_fake_audio_scene.png,False,E:\CAMC-DF\tmp_frames\fake_video_fake_audio_middle.png,False,22050,130305,2.848791375896785,-15.917595873559943,ok,
C:\Users\arvis\Downloads\avdeepfake1m_660_videos\AVDeepfake1M_local\videos_subset_600\train\id00012\Z-G8-wqpxwU\00097\real.mp4,real,E:\CAMC-DF\tmp_frames\real_scene.png,False,E:\CAMC-DF\tmp_frames\real_middle.png,False,22050,130305,2.3113907386324444,-19.571788751728178,ok,
C:\Users\arvis\Downloads\avdeepfake1m_660_videos\AVDeepfake1M_local\videos_subset_600\train\id00012\Z-G8-wqpxwU\00097\real_video_fake_audio.mp4,real_video_fake_audio,E:\CAMC-DF\tmp_frames\real_video_fake_audio_scene.png,False,E:\CAMC-DF\tmp_frames\real_video_fake_audio_middle.png,False,22050,130305,2.379463245164339,-15.21826945019922,ok,
C:\Users\arvis\Downloads\avdeepfake1m_660_videos\AVDeepfake1M_local\videos_subset_600\train\id00012\Z-G8-wqpxwU\00098\fake_video_fake_audio.mp4,fake_video_fake_audio,E:\CAMC-DF\tmp_frames\fake_video_fake_audio_scene.png,False,E:\CAMC-DF\tmp_frames\fake_video_fake_audio_middle.png,False,22050,130305,2.279875328029623,-15.721983940132123,ok,
C:\Users\arvis\Downloads\avdeepfake1m_660_videos\AVDeepfake1M_local\videos_subset_600\train\id00012\Z-G8-wqpxwU\00098\real.mp4,real,E:\CAMC-DF\tmp_frames\real_scene.png,False,E:\CAMC-DF\tmp_frames\real_middle.png,False,22050,130305,2.902373506573889,-15.937206519416169,ok,
C:\Users\arvis\Downloads\avdeepfake1m_660_videos\AVDeepfake1M_local\videos_subset_600\train\id00012\Z-G8-wqpxwU\00098\real_video_fake_audio.mp4,real_video_fake_audio,E:\CAMC-DF\tmp_frames\real_video_fake_audio_scene.png,False,E:\CAMC-DF\tmp_frames\real_video_fake_audio_middle.png,False,22050,130305,1.9963056090666287,-16.689714365717506,ok,
C:\Users\arvis\Downloads\avdeepfake1m_660_videos\AVDeepfake1M_local\videos_subset_600\train\id00012\Z-G8-wqpxwU\00100\fake_video_fake_audio.mp4,fake_video_fake_audio,E:\CAMC-DF\tmp_frames\fake_video_fake_audio_scene.png,False,E:\CAMC-DF\tmp_frames\fake_video_fake_audio_middle.png,False,22050,130305,2.2282119192749734,-19.32140971060038,ok,
C:\Users\arvis\Downloads\avdeepfake1m_660_videos\AVDeepfake1M_local\videos_subset_600\train\id00012\Z-G8-wqpxwU\00100\real_video_fake_audio.mp4,real_video_fake_audio,E:\CAMC-DF\tmp_frames\real_video_fake_audio_scene.png,False,E:\CAMC-DF\tmp_frames\real_video_fake_audio_middle.png,False,22050,130305,2.3303826654731417,-17.220228595972962,ok,
C:\Users\arvis\Downloads\avdeepfake1m_660_videos\AVDeepfake1M_local\videos_subset_600\train\id00012\Z-G8-wqpxwU\00101\fake_video_fake_audio.mp4,fake_video_fake_audio,E:\CAMC-DF\tmp_frames\fake_video_fake_audio_scene.png,False,E:\CAMC-DF\tmp_frames\fake_video_fake_audio_middle.png,False,22050,130305,2.4352515474759038,-18.20443083077071,ok,
C:\Users\arvis\Downloads\avdeepfake1m_660_videos\AVDeepfake1M_local\videos_subset_600\train\id00012\Z-G8-wqpxwU\00101\real.mp4,real,E:\CAMC-DF\tmp_frames\real_scene.png,False,E:\CAMC-DF\tmp_frames\real_middle.png,False,22050,130305,3.3503541116597053,-18.20272045788127,ok,
C:\Users\arvis\Downloads\avdeepfake1m_660_videos\AVDeepfake1M_local\videos_subset_600\train\id00012\Z-G8-wqpxwU\00101\real_video_fake_audio.mp4,real_video_fake_audio,E:\CAMC-DF\tmp_frames\real_video_fake_audio_scene.png,False,E:\CAMC-DF\tmp_frames\real_video_fake_audio_middle.png,False,22050,130305,2.2350592632024453,-18.912409284134593,ok,
C:\Users\arvis\Downloads\avdeepfake1m_660_videos\AVDeepfake1M_local\videos_subset_600\train\id00012\Z-G8-wqpxwU\00102\fake_video_fake_audio.mp4,fake_video_fake_audio,E:\CAMC-DF\tmp_frames\fake_video_fake_audio_scene.png,False,E:\CAMC-DF\tmp_frames\fake_video_fake_audio_middle.png,False,22050,130305,3.393221704133528,-13.95103587368765,ok,
C:\Users\arvis\Downloads\avdeepfake1m_660_videos\AVDeepfake1M_local\videos_subset_600\train\id00012\Z-G8-wqpxwU\00102\real.mp4,real,E:\CAMC-DF\tmp_frames\real_scene.png,False,E:\CAMC-DF\tmp_frames\real_middle.png,False,22050,130305,2.7426863664104557,-17.88187636536401,ok,
C:\Users\arvis\Downloads\avdeepfake1m_660_videos\AVDeepfake1M_local\videos_subset_600\train\id00012\Z-G8-wqpxwU\00102\real_video_fake_audio.mp4,real_video_fake_audio,E:\CAMC-DF\tmp_frames\real_video_fake_audio_scene.png,False,E:\CAMC-DF\tmp_frames\real_video_fake_audio_middle.png,False,22050,130305,3.3632897562015347,-16.39215150376342,ok,
C:\Users\arvis\Downloads\avdeepfake1m_660_videos\AVDeepfake1M_local\videos_subset_600\train\id00012\Z-G8-wqpxwU\00104\real.mp4,real,E:\CAMC-DF\tmp_frames\real_scene.png,False,E:\CAMC-DF\tmp_frames\real_middle.png,False,22050,130305,1.7192399140584491,-19.945925245614596,ok,
C:\Users\arvis\Downloads\avdeepfake1m_660_videos\AVDeepfake1M_local\videos_subset_600\train\id00012\Z-G8-wqpxwU\00104\real_video_fake_audio.mp4,real_video_fake_audio,E:\CAMC-DF\tmp_frames\real_video_fake_audio_scene.png,False,E:\CAMC-DF\tmp_frames\real_video_fake_audio_middle.png,False,22050,130305,5.169834914784311,-18.335125363177674,ok,
C:\Users\arvis\Downloads\avdeepfake1m_660_videos\AVDeepfake1M_local\videos_subset_600\train\id00012\Z-G8-wqpxwU\00105\fake_video_fake_audio.mp4,fake_video_fake_audio,E:\CAMC-DF\tmp_frames\fake_video_fake_audio_scene.png,False,E:\CAMC-DF\tmp_frames\fake_video_fake_audio_middle.png,False,22050,130305,9.876894851449176,-16.943750163849835,ok,
C:\Users\arvis\Downloads\avdeepfake1m_660_videos\AVDeepfake1M_local\videos_subset_600\train\id00012\Z-G8-wqpxwU\00105\real.mp4,real,E:\CAMC-DF\tmp_frames\real_scene.png,False,E:\CAMC-DF\tmp_frames\real_middle.png,False,22050,130305,4.7016294366928815,-17.66858156436729,ok,
C:\Users\arvis\Downloads\avdeepfake1m_660_videos\AVDeepfake1M_local\videos_subset_600\train\id00012\Z-G8-wqpxwU\00105\real_video_fake_audio.mp4,real_video_fake_audio,E:\CAMC-DF\tmp_frames\real_video_fake_audio_scene.png,False,E:\CAMC-DF\tmp_frames\real_video_fake_audio_middle.png,False,22050,130305,2.5968370021859584,-16.838004599827567,ok,
C:\Users\arvis\Downloads\avdeepfake1m_660_videos\AVDeepfake1M_local\videos_subset_600\train\id00012\Z-G8-wqpxwU\00106\fake_video_fake_audio.mp4,fake_video_fake_audio,E:\CAMC-DF\tmp_frames\fake_video_fake_audio_scene.png,False,E:\CAMC-DF\tmp_frames\fake_video_fake_audio_middle.png,False,22050,130305,2.288816075764709,-17.80706735126188,ok,
C:\Users\arvis\Downloads\avdeepfake1m_660_videos\AVDeepfake1M_local\videos_subset_600\train\id00012\Z-G8-wqpxwU\00106\real.mp4,real,E:\CAMC-DF\tmp_frames\real_scene.png,False,E:\CAMC-DF\tmp_frames\real_middle.png,False,22050,130305,2.8640291168039695,-15.409519507595697,ok,
C:\Users\arvis\Downloads\avdeepfake1m_660_videos\AVDeepfake1M_local\videos_subset_600\train\id00012\Z-G8-wqpxwU\00106\real_video_fake_audio.mp4,real_video_fake_audio,E:\CAMC-DF\tmp_frames\real_video_fake_audio_scene.png,False,E:\CAMC-DF\tmp_frames\real_video_fake_audio_middle.png,False,22050,130305,2.5862178243915235,-15.625659781667629,ok,
C:\Users\arvis\Downloads\avdeepfake1m_660_videos\AVDeepfake1M_local\videos_subset_600\train\id00012\Z-G8-wqpxwU\00107\fake_video_fake_audio.mp4,fake_video_fake_audio,E:\CAMC-DF\tmp_frames\fake_video_fake_audio_scene.png,False,E:\CAMC-DF\tmp_frames\fake_video_fake_audio_middle.png,False,22050,130305,4.238358303737802,-17.55089390047884,ok,
C:\Users\arvis\Downloads\avdeepfake1m_660_videos\AVDeepfake1M_local\videos_subset_600\train\id00012\Z-G8-wqpxwU\00107\real.mp4,real,E:\CAMC-DF\tmp_frames\real_scene.png,False,E:\CAMC-DF\tmp_frames\real_middle.png,False,22050,130305,2.4012899896040336,-17.269440440611895,ok,
C:\Users\arvis\Downloads\avdeepfake1m_660_videos\AVDeepfake1M_local\videos_subset_600\train\id00012\Z-G8-wqpxwU\00107\real_video_fake_audio.mp4,real_video_fake_audio,E:\CAMC-DF\tmp_frames\real_video_fake_audio_scene.png,False,E:\CAMC-DF\tmp_frames\real_video_fake_audio_middle.png,False,22050,130305,2.5056970636840785,-15.13102899093683,ok,
C:\Users\arvis\Downloads\avdeepfake1m_660_videos\AVDeepfake1M_local\videos_subset_600\train\id00012\Z-G8-wqpxwU\00108\fake_video_fake_audio.mp4,fake_video_fake_audio,E:\CAMC-DF\tmp_frames\fake_video_fake_audio_scene.png,False,E:\CAMC-DF\tmp_frames\fake_video_fake_audio_middle.png,False,22050,130305,2.2192869140409783,-20.26969761252502,ok,
C:\Users\arvis\Downloads\avdeepfake1m_660_videos\AVDeepfake1M_local\videos_subset_600\train\id00012\Z-G8-wqpxwU\00108\real.mp4,real,E:\CAMC-DF\tmp_frames\real_scene.png,False,E:\CAMC-DF\tmp_frames\real_middle.png,False,22050,130305,3.8617734991677315,-19.90663992360224,ok,
C:\Users\arvis\Downloads\avdeepfake1m_660_videos\AVDeepfake1M_local\videos_subset_600\train\id00012\Z-G8-wqpxwU\00108\real_video_fake_audio.mp4,real_video_fake_audio,E:\CAMC-DF\tmp_frames\real_video_fake_audio_scene.png,False,E:\CAMC-DF\tmp_frames\real_video_fake_audio_middle.png,False,22050,130305,2.26422580836216,-15.85855519033454,ok,
C:\Users\arvis\Downloads\avdeepfake1m_660_videos\AVDeepfake1M_local\videos_subset_600\train\id00012\Z-G8-wqpxwU\00109\fake_video_fake_audio.mp4,fake_video_fake_audio,E:\CAMC-DF\tmp_frames\fake_video_fake_audio_scene.png,False,E:\CAMC-DF\tmp_frames\fake_video_fake_audio_middle.png,False,22050,130305,2.4013266290447035,-18.984421752839495,ok,
C:\Users\arvis\Downloads\avdeepfake1m_660_videos\AVDeepfake1M_local\videos_subset_600\train\id00012\Z-G8-wqpxwU\00109\real.mp4,real,E:\CAMC-DF\tmp_frames\real_scene.png,False,E:\CAMC-DF\tmp_frames\real_middle.png,False,22050,130305,4.332804277293241,-19.41005506053255,ok,
C:\Users\arvis\Downloads\avdeepfake1m_660_videos\AVDeepfake1M_local\videos_subset_600\train\id00012\Z-G8-wqpxwU\00109\real_video_fake_audio.mp4,real_video_fake_audio,E:\CAMC-DF\tmp_frames\real_video_fake_audio_scene.png,False,E:\CAMC-DF\tmp_frames\real_video_fake_audio_middle.png,False,22050,130305,2.5923897950481667,-17.263553417509495,ok,
C:\Users\arvis\Downloads\avdeepfake1m_660_videos\AVDeepfake1M_local\videos_subset_600\train\id00017\5MkXgwdrmJw\00002\fake_video_fake_audio.mp4,fake_video_fake_audio,E:\CAMC-DF\tmp_frames\fake_video_fake_audio_scene.png,False,E:\CAMC-DF\tmp_frames\fake_video_fake_audio_middle.png,False,22050,130305,1.849778287377904,-21.163947757238407,ok,
C:\Users\arvis\Downloads\avdeepfake1m_660_videos\AVDeepfake1M_local\videos_subset_600\train\id00017\5MkXgwdrmJw\00002\real.mp4,real,E:\CAMC-DF\tmp_frames\real_scene.png,False,E:\CAMC-DF\tmp_frames\real_middle.png,False,22050,130305,2.308220349079607,-18.880220266652707,ok,
C:\Users\arvis\Downloads\avdeepfake1m_660_videos\AVDeepfake1M_local\videos_subset_600\train\id00017\5MkXgwdrmJw\00002\real_video_fake_audio.mp4,real_video_fake_audio,E:\CAMC-DF\tmp_frames\real_video_fake_audio_scene.png,False,E:\CAMC-DF\tmp_frames\real_video_fake_audio_middle.png,False,22050,130305,2.955972020796556,-20.637956740504045,ok,
C:\Users\arvis\Downloads\avdeepfake1m_660_videos\AVDeepfake1M_local\videos_subset_600\train\id00017\7t6lfzvVaTM\00003\fake_video_fake_audio.mp4,fake_video_fake_audio,E:\CAMC-DF\tmp_frames\fake_video_fake_audio_scene.png,False,E:\CAMC-DF\tmp_frames\fake_video_fake_audio_middle.png,False,22050,130305,2.938466510072808,-19.42900364910389,ok,
C:\Users\arvis\Downloads\avdeepfake1m_660_videos\AVDeepfake1M_local\videos_subset_600\train\id00017\7t6lfzvVaTM\00003\real.mp4,real,E:\CAMC-DF\tmp_frames\real_scene.png,False,E:\CAMC-DF\tmp_frames\real_middle.png,False,22050,130305,2.675808120548747,-18.155820848809398,ok,
C:\Users\arvis\Downloads\avdeepfake1m_660_videos\AVDeepfake1M_local\videos_subset_600\train\id00017\7t6lfzvVaTM\00003\real_video_fake_audio.mp4,real_video_fake_audio,E:\CAMC-DF\tmp_frames\real_video_fake_audio_scene.png,False,E:\CAMC-DF\tmp_frames\real_video_fake_audio_middle.png,False,22050,130305,2.4572042717746654,-15.828498141605845,ok,
C:\Users\arvis\Downloads\avdeepfake1m_660_videos\AVDeepfake1M_local\videos_subset_600\train\id00017\7t6lfzvVaTM\00005\fake_video_fake_audio.mp4,fake_video_fake_audio,E:\CAMC-DF\tmp_frames\fake_video_fake_audio_scene.png,True,E:\CAMC-DF\tmp_frames\fake_video_fake_audio_scene.png,True,22050,130305,1.4774127165174638,-18.99349048966439,ok,
C:\Users\arvis\Downloads\avdeepfake1m_660_videos\AVDeepfake1M_local\videos_subset_600\train\id00017\7t6lfzvVaTM\00005\real.mp4,real,E:\CAMC-DF\tmp_frames\real_scene.png,True,E:\CAMC-DF\tmp_frames\real_scene.png,True,22050,130305,2.2258337888929574,-19.49492959159446,ok,
C:\Users\arvis\Downloads\avdeepfake1m_660_videos\AVDeepfake1M_local\videos_subset_600\train\id00017\7t6lfzvVaTM\00005\real_video_fake_audio.mp4,real_video_fake_audio,E:\CAMC-DF\tmp_frames\real_video_fake_audio_scene.png,True,E:\CAMC-DF\tmp_frames\real_video_fake_audio_scene.png,True,22050,130305,1.897139830389436,-17.282230675835994,ok,
C:\Users\arvis\Downloads\avdeepfake1m_660_videos\AVDeepfake1M_local\videos_subset_600\train\id00017\7t6lfzvVaTM\00008\fake_video_fake_audio.mp4,fake_video_fake_audio,E:\CAMC-DF\tmp_frames\fake_video_fake_audio_scene.png,False,E:\CAMC-DF\tmp_frames\fake_video_fake_audio_middle.png,False,22050,130305,1.6926256805358575,-11.516481035030676,ok,
C:\Users\arvis\Downloads\avdeepfake1m_660_videos\AVDeepfake1M_local\videos_subset_600\train\id00017\7t6lfzvVaTM\00008\real.mp4,real,E:\CAMC-DF\tmp_frames\real_scene.png,False,E:\CAMC-DF\tmp_frames\real_middle.png,False,22050,130305,1.1553193886342277,-16.776057860445313,ok,
C:\Users\arvis\Downloads\avdeepfake1m_660_videos\AVDeepfake1M_local\videos_subset_600\train\id00017\7t6lfzvVaTM\00008\real_video_fake_audio.mp4,real_video_fake_audio,E:\CAMC-DF\tmp_frames\real_video_fake_audio_scene.png,False,E:\CAMC-DF\tmp_frames\real_video_fake_audio_middle.png,False,22050,130305,1.2915250263334428,-17.726010239847582,ok,
C:\Users\arvis\Downloads\avdeepfake1m_660_videos\AVDeepfake1M_local\videos_subset_600\train\id00017\7t6lfzvVaTM\00009\fake_video_fake_audio.mp4,fake_video_fake_audio,E:\CAMC-DF\tmp_frames\fake_video_fake_audio_scene.png,False,E:\CAMC-DF\tmp_frames\fake_video_fake_audio_middle.png,False,22050,130305,1.534868104783101,-7.81469419602245,ok,
C:\Users\arvis\Downloads\avdeepfake1m_660_videos\AVDeepfake1M_local\videos_subset_600\train\id00017\7t6lfzvVaTM\00009\real.mp4,real,E:\CAMC-DF\tmp_frames\real_scene.png,False,E:\CAMC-DF\tmp_frames\real_middle.png,False,22050,130305,1.5245168221390584,-16.488170521927206,ok,
C:\Users\arvis\Downloads\avdeepfake1m_660_videos\AVDeepfake1M_local\videos_subset_600\train\id00017\7t6lfzvVaTM\00009\real_video_fake_audio.mp4,real_video_fake_audio,E:\CAMC-DF\tmp_frames\real_video_fake_audio_scene.png,False,E:\CAMC-DF\tmp_frames\real_video_fake_audio_middle.png,False,22050,130305,36.06683658814313,-10.521184916345321,ok,
C:\Users\arvis\Downloads\avdeepfake1m_660_videos\AVDeepfake1M_local\videos_subset_600\train\id00017\7t6lfzvVaTM\00010\fake_video_fake_audio.mp4,fake_video_fake_audio,E:\CAMC-DF\tmp_frames\fake_video_fake_audio_scene.png,True,E:\CAMC-DF\tmp_frames\fake_video_fake_audio_scene.png,True,22050,130305,15.286220470204285,-17.890059979089724,ok,
C:\Users\arvis\Downloads\avdeepfake1m_660_videos\AVDeepfake1M_local\videos_subset_600\train\id00017\7t6lfzvVaTM\00010\real.mp4,real,E:\CAMC-DF\tmp_frames\real_scene.png,True,E:\CAMC-DF\tmp_frames\real_scene.png,True,22050,130305,20.536028714734087,-19.192082633159377,ok,
C:\Users\arvis\Downloads\avdeepfake1m_660_videos\AVDeepfake1M_local\videos_subset_600\train\id00017\7t6lfzvVaTM\00010\real_video_fake_audio.mp4,real_video_fake_audio,E:\CAMC-DF\tmp_frames\real_video_fake_audio_scene.png,True,E:\CAMC-DF\tmp_frames\real_video_fake_audio_scene.png,True,22050,130305,2.2222090730369986,-19.37874192404545,ok,
C:\Users\arvis\Downloads\avdeepfake1m_660_videos\AVDeepfake1M_local\videos_subset_600\train\id00017\8_a6O3vdlU0\00013\fake_video_fake_audio.mp4,fake_video_fake_audio,E:\CAMC-DF\tmp_frames\fake_video_fake_audio_scene.png,False,E:\CAMC-DF\tmp_frames\fake_video_fake_audio_middle.png,False,22050,130305,2.160151981044742,-16.163222278667455,ok,
C:\Users\arvis\Downloads\avdeepfake1m_660_videos\AVDeepfake1M_local\videos_subset_600\train\id00017\8_a6O3vdlU0\00013\real.mp4,real,E:\CAMC-DF\tmp_frames\real_scene.png,False,E:\CAMC-DF\tmp_frames\real_middle.png,False,22050,130305,1.426841784796341,-12.522288617603913,ok,
C:\Users\arvis\Downloads\avdeepfake1m_660_videos\AVDeepfake1M_local\videos_subset_600\train\id00017\8_a6O3vdlU0\00013\real_video_fake_audio.mp4,real_video_fake_audio,E:\CAMC-DF\tmp_frames\real_video_fake_audio_scene.png,False,E:\CAMC-DF\tmp_frames\real_video_fake_audio_middle.png,False,22050,130305,2.7936388649808244,-12.35146998214663,ok,
C:\Users\arvis\Downloads\avdeepfake1m_660_videos\AVDeepfake1M_local\videos_subset_600\train\id00017\8_a6O3vdlU0\00015\fake_video_fake_audio.mp4,fake_video_fake_audio,E:\CAMC-DF\tmp_frames\fake_video_fake_audio_scene.png,False,E:\CAMC-DF\tmp_frames\fake_video_fake_audio_middle.png,False,22050,130305,7.377774777625023,-17.656413447045324,ok,
C:\Users\arvis\Downloads\avdeepfake1m_660_videos\AVDeepfake1M_local\videos_subset_600\train\id00017\8_a6O3vdlU0\00015\real.mp4,real,E:\CAMC-DF\tmp_frames\real_scene.png,False,E:\CAMC-DF\tmp_frames\real_middle.png,False,22050,130305,9.6911058784555,-16.390392708298627,ok,
C:\Users\arvis\Downloads\avdeepfake1m_660_videos\AVDeepfake1M_local\videos_subset_600\train\id00017\8_a6O3vdlU0\00015\real_video_fake_audio.mp4,real_video_fake_audio,E:\CAMC-DF\tmp_frames\real_video_fake_audio_scene.png,False,E:\CAMC-DF\tmp_frames\real_video_fake_audio_middle.png,False,22050,130305,13.086113241693257,-15.803926370191055,ok,
C:\Users\arvis\Downloads\avdeepfake1m_660_videos\AVDeepfake1M_local\videos_subset_600\train\id00017\8_a6O3vdlU0\00018\fake_video_fake_audio.mp4,fake_video_fake_audio,E:\CAMC-DF\tmp_frames\fake_video_fake_audio_scene.png,False,E:\CAMC-DF\tmp_frames\fake_video_fake_audio_middle.png,False,22050,130305,2.634382284994897,-10.126997357936286,ok,
C:\Users\arvis\Downloads\avdeepfake1m_660_videos\AVDeepfake1M_local\videos_subset_600\train\id00017\8_a6O3vdlU0\00018\real.mp4,real,E:\CAMC-DF\tmp_frames\real_scene.png,False,E:\CAMC-DF\tmp_frames\real_middle.png,False,22050,130305,2.5928079134760247,-12.116609037459726,ok,
C:\Users\arvis\Downloads\avdeepfake1m_660_videos\AVDeepfake1M_local\videos_subset_600\train\id00017\8_a6O3vdlU0\00018\real_video_fake_audio.mp4,real_video_fake_audio,E:\CAMC-DF\tmp_frames\real_video_fake_audio_scene.png,False,E:\CAMC-DF\tmp_frames\real_video_fake_audio_middle.png,False,22050,130305,3.3713664050686756,-12.25019068908411,ok,
C:\Users\arvis\Downloads\avdeepfake1m_660_videos\AVDeepfake1M_local\videos_subset_600\train\id00017\8_a6O3vdlU0\00020\fake_video_fake_audio.mp4,fake_video_fake_audio,E:\CAMC-DF\tmp_frames\fake_video_fake_audio_scene.png,False,E:\CAMC-DF\tmp_frames\fake_video_fake_audio_middle.png,False,22050,130305,2.225699548888264,-16.157941663888803,ok,
C:\Users\arvis\Downloads\avdeepfake1m_660_videos\AVDeepfake1M_local\videos_subset_600\train\id00017\8_a6O3vdlU0\00020\real.mp4,real,E:\CAMC-DF\tmp_frames\real_scene.png,False,E:\CAMC-DF\tmp_frames\real_middle.png,False,22050,130305,1.8936288028128336,-12.765722365360343,ok,
C:\Users\arvis\Downloads\avdeepfake1m_660_videos\AVDeepfake1M_local\videos_subset_600\train\id00017\8_a6O3vdlU0\00020\real_video_fake_audio.mp4,real_video_fake_audio,E:\CAMC-DF\tmp_frames\real_video_fake_audio_scene.png,False,E:\CAMC-DF\tmp_frames\real_video_fake_audio_middle.png,False,22050,130305,2.2019164071825412,-11.341508519247885,ok,
C:\Users\arvis\Downloads\avdeepfake1m_660_videos\AVDeepfake1M_local\videos_subset_600\train\id00017\8_a6O3vdlU0\00021\fake_video_fake_audio.mp4,fake_video_fake_audio,E:\CAMC-DF\tmp_frames\fake_video_fake_audio_scene.png,False,E:\CAMC-DF\tmp_frames\fake_video_fake_audio_middle.png,False,22050,130305,1.246702632586324,-11.66123667943127,ok,
C:\Users\arvis\Downloads\avdeepfake1m_660_videos\AVDeepfake1M_local\videos_subset_600\train\id00017\8_a6O3vdlU0\00021\real.mp4,real,E:\CAMC-DF\tmp_frames\real_scene.png,False,E:\CAMC-DF\tmp_frames\real_middle.png,False,22050,130305,1.4438660115684236,-13.456935273441648,ok,
C:\Users\arvis\Downloads\avdeepfake1m_660_videos\AVDeepfake1M_local\videos_subset_600\train\id00017\8_a6O3vdlU0\00021\real_video_fake_audio.mp4,real_video_fake_audio,E:\CAMC-DF\tmp_frames\real_video_fake_audio_scene.png,False,E:\CAMC-DF\tmp_frames\real_video_fake_audio_middle.png,False,22050,130305,1.2902344437579396,-8.06536311149802,ok,
C:\Users\arvis\Downloads\avdeepfake1m_660_videos\AVDeepfake1M_local\videos_subset_600\train\id00017\ABlWCST1MPY\00022\real.mp4,real,E:\CAMC-DF\tmp_frames\real_scene.png,True,E:\CAMC-DF\tmp_frames\real_scene.png,True,22050,130305,2.40946072290325,-19.223997749324436,ok,
C:\Users\arvis\Downloads\avdeepfake1m_660_videos\AVDeepfake1M_local\videos_subset_600\train\id00017\ABlWCST1MPY\00022\real_video_fake_audio.mp4,real_video_fake_audio,E:\CAMC-DF\tmp_frames\real_video_fake_audio_scene.png,True,E:\CAMC-DF\tmp_frames\real_video_fake_audio_scene.png,True,22050,130305,2.027094691895207,-16.77161080961527,ok,
C:\Users\arvis\Downloads\avdeepfake1m_660_videos\AVDeepfake1M_local\videos_subset_600\train\id00017\ABlWCST1MPY\00023\fake_video_fake_audio.mp4,fake_video_fake_audio,E:\CAMC-DF\tmp_frames\fake_video_fake_audio_scene.png,False,E:\CAMC-DF\tmp_frames\fake_video_fake_audio_middle.png,False,22050,130305,2.52088686425584,-13.168250821502435,ok,
C:\Users\arvis\Downloads\avdeepfake1m_660_videos\AVDeepfake1M_local\videos_subset_600\train\id00017\ABlWCST1MPY\00023\real.mp4,real,E:\CAMC-DF\tmp_frames\real_scene.png,False,E:\CAMC-DF\tmp_frames\real_middle.png,False,22050,130305,1.5829010536259354,-7.548480523728093,ok,
C:\Users\arvis\Downloads\avdeepfake1m_660_videos\AVDeepfake1M_local\videos_subset_600\train\id00017\ABlWCST1MPY\00023\real_video_fake_audio.mp4,real_video_fake_audio,E:\CAMC-DF\tmp_frames\real_video_fake_audio_scene.png,True,E:\CAMC-DF\tmp_frames\real_video_fake_audio_scene.png,True,22050,130305,2.208766392177281,-21.725890001063398,ok,
C:\Users\arvis\Downloads\avdeepfake1m_660_videos\AVDeepfake1M_local\videos_subset_600\train\id00017\ABlWCST1MPY\00024\fake_video_fake_audio.mp4,fake_video_fake_audio,E:\CAMC-DF\tmp_frames\fake_video_fake_audio_scene.png,False,E:\CAMC-DF\tmp_frames\fake_video_fake_audio_middle.png,False,22050,130305,2.201995895171095,-13.183599977536552,ok,
C:\Users\arvis\Downloads\avdeepfake1m_660_videos\AVDeepfake1M_local\videos_subset_600\train\id00017\ABlWCST1MPY\00024\real.mp4,real,E:\CAMC-DF\tmp_frames\real_scene.png,False,E:\CAMC-DF\tmp_frames\real_middle.png,False,22050,130305,1.9495068928011454,-18.763125588301037,ok,
C:\Users\arvis\Downloads\avdeepfake1m_660_videos\AVDeepfake1M_local\videos_subset_600\train\id00017\ABlWCST1MPY\00024\real_video_fake_audio.mp4,real_video_fake_audio,E:\CAMC-DF\tmp_frames\real_video_fake_audio_scene.png,False,E:\CAMC-DF\tmp_frames\real_video_fake_audio_middle.png,False,22050,130305,1.7042402465898894,-18.893005385589227,ok,
C:\Users\arvis\Downloads\avdeepfake1m_660_videos\AVDeepfake1M_local\videos_subset_600\train\id00017\AXAl9BX9-sQ\00025\fake_video_fake_audio.mp4,fake_video_fake_audio,E:\CAMC-DF\tmp_frames\fake_video_fake_audio_scene.png,True,E:\CAMC-DF\tmp_frames\fake_video_fake_audio_scene.png,True,22050,130305,2.4190024068659484,-16.65101676665459,ok,
C:\Users\arvis\Downloads\avdeepfake1m_660_videos\AVDeepfake1M_local\videos_subset_600\train\id00017\AXAl9BX9-sQ\00025\real.mp4,real,E:\CAMC-DF\tmp_frames\real_scene.png,True,E:\CAMC-DF\tmp_frames\real_scene.png,True,22050,130305,2.9163927782699486,-14.518064888007121,ok,
C:\Users\arvis\Downloads\avdeepfake1m_660_videos\AVDeepfake1M_local\videos_subset_600\train\id00017\AXAl9BX9-sQ\00025\real_video_fake_audio.mp4,real_video_fake_audio,E:\CAMC-DF\tmp_frames\real_video_fake_audio_scene.png,True,E:\CAMC-DF\tmp_frames\real_video_fake_audio_scene.png,True,22050,130305,2.5400005748624856,-8.964710431698851,ok,
C:\Users\arvis\Downloads\avdeepfake1m_660_videos\AVDeepfake1M_local\videos_subset_600\train\id00017\AXAl9BX9-sQ\00026\fake_video_fake_audio.mp4,fake_video_fake_audio,E:\CAMC-DF\tmp_frames\fake_video_fake_audio_scene.png,True,E:\CAMC-DF\tmp_frames\fake_video_fake_audio_scene.png,True,22050,130305,3.023600438409231,-8.45309869770672,ok,
C:\Users\arvis\Downloads\avdeepfake1m_660_videos\AVDeepfake1M_local\videos_subset_600\train\id00017\AXAl9BX9-sQ\00026\real.mp4,real,E:\CAMC-DF\tmp_frames\real_scene.png,True,E:\CAMC-DF\tmp_frames\real_scene.png,True,22050,130305,2.3724420150498697,-19.101785054910643,ok,
C:\Users\arvis\Downloads\avdeepfake1m_660_videos\AVDeepfake1M_local\videos_subset_600\train\id00017\AXAl9BX9-sQ\00026\real_video_fake_audio.mp4,real_video_fake_audio,E:\CAMC-DF\tmp_frames\real_video_fake_audio_scene.png,True,E:\CAMC-DF\tmp_frames\real_video_fake_audio_scene.png,True,22050,130305,2.919597955921678,-14.08166006853482,ok,
C:\Users\arvis\Downloads\avdeepfake1m_660_videos\AVDeepfake1M_local\videos_subset_600\train\id00017\b5TvWN3x0HA\00096\fake_video_fake_audio.mp4,fake_video_fake_audio,E:\CAMC-DF\tmp_frames\fake_video_fake_audio_scene.png,False,E:\CAMC-DF\tmp_frames\fake_video_fake_audio_middle.png,False,22050,130305,2.331630171863168,-14.033552509467173,ok,
C:\Users\arvis\Downloads\avdeepfake1m_660_videos\AVDeepfake1M_local\videos_subset_600\train\id00017\b5TvWN3x0HA\00096\real.mp4,real,E:\CAMC-DF\tmp_frames\real_scene.png,False,E:\CAMC-DF\tmp_frames\real_middle.png,False,22050,130305,2.1155442708709216,-15.921769893617784,ok,
C:\Users\arvis\Downloads\avdeepfake1m_660_videos\AVDeepfake1M_local\videos_subset_600\train\id00017\b5TvWN3x0HA\00096\real_video_fake_audio.mp4,real_video_fake_audio,E:\CAMC-DF\tmp_frames\real_video_fake_audio_scene.png,False,E:\CAMC-DF\tmp_frames\real_video_fake_audio_middle.png,False,22050,130305,2.8896089613824247,-13.94658212068488,ok,
C:\Users\arvis\Downloads\avdeepfake1m_660_videos\AVDeepfake1M_local\videos_subset_600\train\id00017\b5TvWN3x0HA\00097\fake_video_fake_audio.mp4,fake_video_fake_audio,E:\CAMC-DF\tmp_frames\fake_video_fake_audio_scene.png,False,E:\CAMC-DF\tmp_frames\fake_video_fake_audio_middle.png,False,22050,130305,34.270842475847836,-10.432626202443751,ok,
C:\Users\arvis\Downloads\avdeepfake1m_660_videos\AVDeepfake1M_local\videos_subset_600\train\id00017\b5TvWN3x0HA\00097\real.mp4,real,E:\CAMC-DF\tmp_frames\real_scene.png,False,E:\CAMC-DF\tmp_frames\real_middle.png,False,22050,130305,25.783386918427336,-13.70582638366443,ok,
C:\Users\arvis\Downloads\avdeepfake1m_660_videos\AVDeepfake1M_local\videos_subset_600\train\id00017\b5TvWN3x0HA\00097\real_video_fake_audio.mp4,real_video_fake_audio,E:\CAMC-DF\tmp_frames\real_video_fake_audio_scene.png,False,E:\CAMC-DF\tmp_frames\real_video_fake_audio_middle.png,False,22050,130305,1.775008248477018,-11.34660028091466,ok,
C:\Users\arvis\Downloads\avdeepfake1m_660_videos\AVDeepfake1M_local\videos_subset_600\train\id00017\b5TvWN3x0HA\00098\fake_video_fake_audio.mp4,fake_video_fake_audio,E:\CAMC-DF\tmp_frames\fake_video_fake_audio_scene.png,False,E:\CAMC-DF\tmp_frames\fake_video_fake_audio_middle.png,False,22050,130305,1.9551155931162245,-7.26134675867523,ok,
C:\Users\arvis\Downloads\avdeepfake1m_660_videos\AVDeepfake1M_local\videos_subset_600\train\id00017\b5TvWN3x0HA\00098\real.mp4,real,E:\CAMC-DF\tmp_frames\real_scene.png,False,E:\CAMC-DF\tmp_frames\real_middle.png,False,22050,130305,2.6223334806005396,-13.314728877903265,ok,
C:\Users\arvis\Downloads\avdeepfake1m_660_videos\AVDeepfake1M_local\videos_subset_600\train\id00017\b5TvWN3x0HA\00098\real_video_fake_audio.mp4,real_video_fake_audio,E:\CAMC-DF\tmp_frames\real_video_fake_audio_scene.png,False,E:\CAMC-DF\tmp_frames\real_video_fake_audio_middle.png,False,22050,130305,1.5375176861684,-8.278024230072957,ok,
C:\Users\arvis\Downloads\avdeepfake1m_660_videos\AVDeepfake1M_local\videos_subset_600\train\id00017\ddLPBVSzuPs\00101\fake_video_fake_audio.mp4,fake_video_fake_audio,E:\CAMC-DF\tmp_frames\fake_video_fake_audio_scene.png,False,E:\CAMC-DF\tmp_frames\fake_video_fake_audio_middle.png,False,22050,130305,15.117608784771974,-12.43455508734258,ok,
C:\Users\arvis\Downloads\avdeepfake1m_660_videos\AVDeepfake1M_local\videos_subset_600\train\id00017\ddLPBVSzuPs\00101\real.mp4,real,E:\CAMC-DF\tmp_frames\real_scene.png,False,E:\CAMC-DF\tmp_frames\real_middle.png,False,22050,130305,15.960786778543389,-13.494196208794005,ok,
C:\Users\arvis\Downloads\avdeepfake1m_660_videos\AVDeepfake1M_local\videos_subset_600\train\id00017\ddLPBVSzuPs\00101\real_video_fake_audio.mp4,real_video_fake_audio,E:\CAMC-DF\tmp_frames\real_video_fake_audio_scene.png,False,E:\CAMC-DF\tmp_frames\real_video_fake_audio_middle.png,False,22050,130305,7.334929451860275,-12.112318775925797,ok,
C:\Users\arvis\Downloads\avdeepfake1m_660_videos\AVDeepfake1M_local\videos_subset_600\train\id00017\ddLPBVSzuPs\00103\fake_video_fake_audio.mp4,fake_video_fake_audio,E:\CAMC-DF\tmp_frames\fake_video_fake_audio_scene.png,False,E:\CAMC-DF\tmp_frames\fake_video_fake_audio_middle.png,False,22050,130305,1.893681331582937,-12.102835070466993,ok,
C:\Users\arvis\Downloads\avdeepfake1m_660_videos\AVDeepfake1M_local\videos_subset_600\train\id00017\ddLPBVSzuPs\00103\real.mp4,real,E:\CAMC-DF\tmp_frames\real_scene.png,False,E:\CAMC-DF\tmp_frames\real_middle.png,False,22050,130305,1.6766299336973265,-8.599040499162017,ok,
C:\Users\arvis\Downloads\avdeepfake1m_660_videos\AVDeepfake1M_local\videos_subset_600\train\id00017\ddLPBVSzuPs\00103\real_video_fake_audio.mp4,real_video_fake_audio,E:\CAMC-DF\tmp_frames\real_video_fake_audio_scene.png,False,E:\CAMC-DF\tmp_frames\real_video_fake_audio_middle.png,False,22050,130305,1.3882491175255665,-8.163361222855851,ok,
C:\Users\arvis\Downloads\avdeepfake1m_660_videos\AVDeepfake1M_local\videos_subset_600\train\id00017\E6aqL_Nc410\00028\fake_video_fake_audio.mp4,fake_video_fake_audio,E:\CAMC-DF\tmp_frames\fake_video_fake_audio_scene.png,False,E:\CAMC-DF\tmp_frames\fake_video_fake_audio_middle.png,False,22050,130305,2.186958399367955,-21.220855426653923,ok,
C:\Users\arvis\Downloads\avdeepfake1m_660_videos\AVDeepfake1M_local\videos_subset_600\train\id00017\E6aqL_Nc410\00028\real.mp4,real,E:\CAMC-DF\tmp_frames\real_scene.png,False,E:\CAMC-DF\tmp_frames\real_middle.png,False,22050,130305,1.7985709500773346,-14.868235447193882,ok,
C:\Users\arvis\Downloads\avdeepfake1m_660_videos\AVDeepfake1M_local\videos_subset_600\train\id00017\E6aqL_Nc410\00028\real_video_fake_audio.mp4,real_video_fake_audio,E:\CAMC-DF\tmp_frames\real_video_fake_audio_scene.png,False,E:\CAMC-DF\tmp_frames\real_video_fake_audio_middle.png,False,22050,130305,2.058539213649963,-13.706646272674199,ok,
C:\Users\arvis\Downloads\avdeepfake1m_660_videos\AVDeepfake1M_local\videos_subset_600\train\id00017\gjYcaCzo7UU\00106\fake_video_fake_audio.mp4,fake_video_fake_audio,E:\CAMC-DF\tmp_frames\fake_video_fake_audio_scene.png,False,E:\CAMC-DF\tmp_frames\fake_video_fake_audio_middle.png,False,22050,130305,3.167834017760264,-15.036633293738292,ok,
C:\Users\arvis\Downloads\avdeepfake1m_660_videos\AVDeepfake1M_local\videos_subset_600\train\id00017\gjYcaCzo7UU\00106\real.mp4,real,E:\CAMC-DF\tmp_frames\real_scene.png,False,E:\CAMC-DF\tmp_frames\real_middle.png,False,22050,130305,2.7553754384963915,-15.077775458123742,ok,
C:\Users\arvis\Downloads\avdeepfake1m_660_videos\AVDeepfake1M_local\videos_subset_600\train\id00017\gjYcaCzo7UU\00106\real_video_fake_audio.mp4,real_video_fake_audio,E:\CAMC-DF\tmp_frames\real_video_fake_audio_scene.png,False,E:\CAMC-DF\tmp_frames\real_video_fake_audio_middle.png,False,22050,130305,2.1358123867524754,-14.674204151074392,ok,
C:\Users\arvis\Downloads\avdeepfake1m_660_videos\AVDeepfake1M_local\videos_subset_600\train\id00017\gjYcaCzo7UU\00107\fake_video_fake_audio.mp4,fake_video_fake_audio,E:\CAMC-DF\tmp_frames\fake_video_fake_audio_scene.png,False,E:\CAMC-DF\tmp_frames\fake_video_fake_audio_middle.png,False,22050,130305,4.497446203929368,-10.370001378013203,ok,
C:\Users\arvis\Downloads\avdeepfake1m_660_videos\AVDeepfake1M_local\videos_subset_600\train\id00017\gjYcaCzo7UU\00107\real.mp4,real,E:\CAMC-DF\tmp_frames\real_scene.png,False,E:\CAMC-DF\tmp_frames\real_middle.png,False,22050,130305,3.351882608165116,-12.014210423882894,ok,
C:\Users\arvis\Downloads\avdeepfake1m_660_videos\AVDeepfake1M_local\videos_subset_600\train\id00017\gjYcaCzo7UU\00107\real_video_fake_audio.mp4,real_video_fake_audio,E:\CAMC-DF\tmp_frames\real_video_fake_audio_scene.png,False,E:\CAMC-DF\tmp_frames\real_video_fake_audio_middle.png,False,22050,130305,1.804737233540371,-15.44343705398417,ok,
C:\Users\arvis\Downloads\avdeepfake1m_660_videos\AVDeepfake1M_local\videos_subset_600\train\id00017\gjYcaCzo7UU\00108\fake_video_fake_audio.mp4,fake_video_fake_audio,E:\CAMC-DF\tmp_frames\fake_video_fake_audio_scene.png,False,E:\CAMC-DF\tmp_frames\fake_video_fake_audio_middle.png,False,22050,130305,2.4476624545381265,-17.143983015444046,ok,
C:\Users\arvis\Downloads\avdeepfake1m_660_videos\AVDeepfake1M_local\videos_subset_600\train\id00017\gjYcaCzo7UU\00108\real.mp4,real,E:\CAMC-DF\tmp_frames\real_scene.png,False,E:\CAMC-DF\tmp_frames\real_middle.png,False,22050,130305,2.091149306161933,-14.583762313832548,ok,
C:\Users\arvis\Downloads\avdeepfake1m_660_videos\AVDeepfake1M_local\videos_subset_600\train\id00017\gjYcaCzo7UU\00108\real_video_fake_audio.mp4,real_video_fake_audio,E:\CAMC-DF\tmp_frames\real_video_fake_audio_scene.png,False,E:\CAMC-DF\tmp_frames\real_video_fake_audio_middle.png,False,22050,130305,2.653948441466483,-14.81438186140472,ok,
C:\Users\arvis\Downloads\avdeepfake1m_660_videos\AVDeepfake1M_local\videos_subset_600\train\id00017\gjYcaCzo7UU\00110\real.mp4,real,E:\CAMC-DF\tmp_frames\real_scene.png,False,E:\CAMC-DF\tmp_frames\real_middle.png,False,22050,130305,1.9356988829739739,-16.506073099280023,ok,
C:\Users\arvis\Downloads\avdeepfake1m_660_videos\AVDeepfake1M_local\videos_subset_600\train\id00017\gjYcaCzo7UU\00110\real_video_fake_audio.mp4,real_video_fake_audio,E:\CAMC-DF\tmp_frames\real_video_fake_audio_scene.png,False,E:\CAMC-DF\tmp_frames\real_video_fake_audio_middle.png,False,22050,130305,2.659395671592211,-14.69649287980259,ok,
C:\Users\arvis\Downloads\avdeepfake1m_660_videos\AVDeepfake1M_local\videos_subset_600\train\id00017\gjYcaCzo7UU\00111\fake_video_fake_audio.mp4,fake_video_fake_audio,E:\CAMC-DF\tmp_frames\fake_video_fake_audio_scene.png,False,E:\CAMC-DF\tmp_frames\fake_video_fake_audio_middle.png,False,22050,130305,2.5701083645003107,-15.73977841793463,ok,
C:\Users\arvis\Downloads\avdeepfake1m_660_videos\AVDeepfake1M_local\videos_subset_600\train\id00017\gjYcaCzo7UU\00111\real.mp4,real,E:\CAMC-DF\tmp_frames\real_scene.png,False,E:\CAMC-DF\tmp_frames\real_middle.png,False,22050,130305,2.830985170593448,-20.9047534034299,ok,
C:\Users\arvis\Downloads\avdeepfake1m_660_videos\AVDeepfake1M_local\videos_subset_600\train\id00017\gjYcaCzo7UU\00111\real_video_fake_audio.mp4,real_video_fake_audio,E:\CAMC-DF\tmp_frames\real_video_fake_audio_scene.png,False,E:\CAMC-DF\tmp_frames\real_video_fake_audio_middle.png,False,22050,130305,2.6869816597990823,-17.265236445337436,ok,
C:\Users\arvis\Downloads\avdeepfake1m_660_videos\AVDeepfake1M_local\videos_subset_600\train\id00017\gjYcaCzo7UU\00112\fake_video_fake_audio.mp4,fake_video_fake_audio,E:\CAMC-DF\tmp_frames\fake_video_fake_audio_scene.png,False,E:\CAMC-DF\tmp_frames\fake_video_fake_audio_middle.png,False,22050,130305,2.3227126501515047,-17.91717037251534,ok,
C:\Users\arvis\Downloads\avdeepfake1m_660_videos\AVDeepfake1M_local\videos_subset_600\train\id00017\gjYcaCzo7UU\00112\real.mp4,real,E:\CAMC-DF\tmp_frames\real_scene.png,False,E:\CAMC-DF\tmp_frames\real_middle.png,False,22050,130305,2.5411567424572272,-18.707976552841753,ok,
C:\Users\arvis\Downloads\avdeepfake1m_660_videos\AVDeepfake1M_local\videos_subset_600\train\id00017\gjYcaCzo7UU\00112\real_video_fake_audio.mp4,real_video_fake_audio,E:\CAMC-DF\tmp_frames\real_video_fake_audio_scene.png,False,E:\CAMC-DF\tmp_frames\real_video_fake_audio_middle.png,False,22050,130305,2.353629414338372,-18.717983501374185,ok,
C:\Users\arvis\Downloads\avdeepfake1m_660_videos\AVDeepfake1M_local\videos_subset_600\train\id00017\gjYcaCzo7UU\00113\fake_video_fake_audio.mp4,fake_video_fake_audio,E:\CAMC-DF\tmp_frames\fake_video_fake_audio_scene.png,False,E:\CAMC-DF\tmp_frames\fake_video_fake_audio_middle.png,False,22050,130305,15.793610907897314,-16.53966291281511,ok,
C:\Users\arvis\Downloads\avdeepfake1m_660_videos\AVDeepfake1M_local\videos_subset_600\train\id00017\gjYcaCzo7UU\00113\real_video_fake_audio.mp4,real_video_fake_audio,E:\CAMC-DF\tmp_frames\real_video_fake_audio_scene.png,False,E:\CAMC-DF\tmp_frames\real_video_fake_audio_middle.png,False,22050,130305,1.3552719496987793,-15.477884960353034,ok,
C:\Users\arvis\Downloads\avdeepfake1m_660_videos\AVDeepfake1M_local\videos_subset_600\train\id00017\gjYcaCzo7UU\00115\fake_video_fake_audio.mp4,fake_video_fake_audio,E:\CAMC-DF\tmp_frames\fake_video_fake_audio_scene.png,False,E:\CAMC-DF\tmp_frames\fake_video_fake_audio_middle.png,False,22050,130305,1.2472995153170954,-16.101364651110025,ok,
C:\Users\arvis\Downloads\avdeepfake1m_660_videos\AVDeepfake1M_local\videos_subset_600\train\id00017\gjYcaCzo7UU\00115\real.mp4,real,E:\CAMC-DF\tmp_frames\real_scene.png,False,E:\CAMC-DF\tmp_frames\real_middle.png,False,22050,130305,2.02270830986839,-19.14119369049747,ok,
C:\Users\arvis\Downloads\avdeepfake1m_660_videos\AVDeepfake1M_local\videos_subset_600\train\id00017\gjYcaCzo7UU\00115\real_video_fake_audio.mp4,real_video_fake_audio,E:\CAMC-DF\tmp_frames\real_video_fake_audio_scene.png,False,E:\CAMC-DF\tmp_frames\real_video_fake_audio_middle.png,False,22050,130305,2.4436241086278416,-21.26482096342563,ok,
C:\Users\arvis\Downloads\avdeepfake1m_660_videos\AVDeepfake1M_local\videos_subset_600\train\id00017\hcr4tT9y3xs\00117\fake_video_fake_audio.mp4,fake_video_fake_audio,E:\CAMC-DF\tmp_frames\fake_video_fake_audio_scene.png,False,E:\CAMC-DF\tmp_frames\fake_video_fake_audio_middle.png,False,22050,130305,3.2616445625210884,-16.223372557622163,ok,
C:\Users\arvis\Downloads\avdeepfake1m_660_videos\AVDeepfake1M_local\videos_subset_600\train\id00017\hcr4tT9y3xs\00117\real.mp4,real,E:\CAMC-DF\tmp_frames\real_scene.png,False,E:\CAMC-DF\tmp_frames\real_middle.png,False,22050,130305,15.064405991755091,-13.590454550806026,ok,
C:\Users\arvis\Downloads\avdeepfake1m_660_videos\AVDeepfake1M_local\videos_subset_600\train\id00017\hcr4tT9y3xs\00117\real_video_fake_audio.mp4,real_video_fake_audio,E:\CAMC-DF\tmp_frames\real_video_fake_audio_scene.png,False,E:\CAMC-DF\tmp_frames\real_video_fake_audio_middle.png,False,22050,130305,2.2665397598741137,-20.92688507258593,ok,
C:\Users\arvis\Downloads\avdeepfake1m_660_videos\AVDeepfake1M_local\videos_subset_600\train\id00017\iJOjkDq6rW8\00118\fake_video_fake_audio.mp4,fake_video_fake_audio,E:\CAMC-DF\tmp_frames\fake_video_fake_audio_scene.png,False,E:\CAMC-DF\tmp_frames\fake_video_fake_audio_middle.png,False,22050,130305,1.7790265679945083,-13.780752477693474,ok,
C:\Users\arvis\Downloads\avdeepfake1m_660_videos\AVDeepfake1M_local\videos_subset_600\train\id00017\iJOjkDq6rW8\00118\real.mp4,real,E:\CAMC-DF\tmp_frames\real_scene.png,False,E:\CAMC-DF\tmp_frames\real_middle.png,False,22050,130305,2.146899012615571,-15.751624101532682,ok,
C:\Users\arvis\Downloads\avdeepfake1m_660_videos\AVDeepfake1M_local\videos_subset_600\train\id00017\iJOjkDq6rW8\00118\real_video_fake_audio.mp4,real_video_fake_audio,E:\CAMC-DF\tmp_frames\real_video_fake_audio_scene.png,False,E:\CAMC-DF\tmp_frames\real_video_fake_audio_middle.png,False,22050,130305,2.520051147673278,-19.347875272693543,ok,
C:\Users\arvis\Downloads\avdeepfake1m_660_videos\AVDeepfake1M_local\videos_subset_600\train\id00017\iJOjkDq6rW8\00123\fake_video_fake_audio.mp4,fake_video_fake_audio,E:\CAMC-DF\tmp_frames\fake_video_fake_audio_scene.png,False,E:\CAMC-DF\tmp_frames\fake_video_fake_audio_middle.png,False,22050,130305,2.562295870596358,-18.525200478940018,ok,
C:\Users\arvis\Downloads\avdeepfake1m_660_videos\AVDeepfake1M_local\videos_subset_600\train\id00017\iJOjkDq6rW8\00123\real_video_fake_audio.mp4,real_video_fake_audio,E:\CAMC-DF\tmp_frames\real_video_fake_audio_scene.png,False,E:\CAMC-DF\tmp_frames\real_video_fake_audio_middle.png,False,22050,130305,2.065768546367321,-17.138379950614777,ok,
C:\Users\arvis\Downloads\avdeepfake1m_660_videos\AVDeepfake1M_local\videos_subset_600\train\id00017\iJOjkDq6rW8\00124\fake_video_fake_audio.mp4,fake_video_fake_audio,E:\CAMC-DF\tmp_frames\fake_video_fake_audio_scene.png,False,E:\CAMC-DF\tmp_frames\fake_video_fake_audio_middle.png,False,22050,130305,1.7285417766720528,-18.349482853928826,ok,
C:\Users\arvis\Downloads\avdeepfake1m_660_videos\AVDeepfake1M_local\videos_subset_600\train\id00017\iJOjkDq6rW8\00124\real.mp4,real,E:\CAMC-DF\tmp_frames\real_scene.png,False,E:\CAMC-DF\tmp_frames\real_middle.png,False,22050,130305,1.3842517547555284,-19.550045891357176,ok,
C:\Users\arvis\Downloads\avdeepfake1m_660_videos\AVDeepfake1M_local\videos_subset_600\train\id00017\iJOjkDq6rW8\00124\real_video_fake_audio.mp4,real_video_fake_audio,E:\CAMC-DF\tmp_frames\real_video_fake_audio_scene.png,False,E:\CAMC-DF\tmp_frames\real_video_fake_audio_middle.png,False,22050,130305,1.2228220859737517,-20.710922101892315,ok,
C:\Users\arvis\Downloads\avdeepfake1m_660_videos\AVDeepfake1M_local\videos_subset_600\train\id00017\iJOjkDq6rW8\00126\fake_video_fake_audio.mp4,fake_video_fake_audio,E:\CAMC-DF\tmp_frames\fake_video_fake_audio_scene.png,False,E:\CAMC-DF\tmp_frames\fake_video_fake_audio_middle.png,False,22050,130305,1.6552309768484406,-14.104260277010457,ok,
C:\Users\arvis\Downloads\avdeepfake1m_660_videos\AVDeepfake1M_local\videos_subset_600\train\id00017\iJOjkDq6rW8\00126\real.mp4,real,E:\CAMC-DF\tmp_frames\real_scene.png,False,E:\CAMC-DF\tmp_frames\real_middle.png,False,22050,130305,2.9264333577479373,-14.569832615344092,ok,
C:\Users\arvis\Downloads\avdeepfake1m_660_videos\AVDeepfake1M_local\videos_subset_600\train\id00017\iJOjkDq6rW8\00126\real_video_fake_audio.mp4,real_video_fake_audio,E:\CAMC-DF\tmp_frames\real_video_fake_audio_scene.png,False,E:\CAMC-DF\tmp_frames\real_video_fake_audio_middle.png,False,22050,130305,19.74276212517718,-15.751954609344663,ok,
C:\Users\arvis\Downloads\avdeepfake1m_660_videos\AVDeepfake1M_local\videos_subset_600\train\id00017\iJOjkDq6rW8\00128\fake_video_fake_audio.mp4,fake_video_fake_audio,E:\CAMC-DF\tmp_frames\fake_video_fake_audio_scene.png,False,E:\CAMC-DF\tmp_frames\fake_video_fake_audio_middle.png,False,22050,130305,3.981361868213066,-14.627314460438257,ok,
C:\Users\arvis\Downloads\avdeepfake1m_660_videos\AVDeepfake1M_local\videos_subset_600\train\id00017\iJOjkDq6rW8\00128\real.mp4,real,E:\CAMC-DF\tmp_frames\real_scene.png,False,E:\CAMC-DF\tmp_frames\real_middle.png,False,22050,130305,1.8529603171526763,-17.106359988288485,ok,
C:\Users\arvis\Downloads\avdeepfake1m_660_videos\AVDeepfake1M_local\videos_subset_600\train\id00017\iJOjkDq6rW8\00128\real_video_fake_audio.mp4,real_video_fake_audio,E:\CAMC-DF\tmp_frames\real_video_fake_audio_scene.png,False,E:\CAMC-DF\tmp_frames\real_video_fake_audio_middle.png,False,22050,130305,2.198202213615149,-16.898524866135524,ok,
C:\Users\arvis\Downloads\avdeepfake1m_660_videos\AVDeepfake1M_local\videos_subset_600\train\id00017\iJOjkDq6rW8\00129\fake_video_fake_audio.mp4,fake_video_fake_audio,E:\CAMC-DF\tmp_frames\fake_video_fake_audio_scene.png,False,E:\CAMC-DF\tmp_frames\fake_video_fake_audio_middle.png,False,22050,130305,1.3721282234501455,-13.599508736266168,ok,
C:\Users\arvis\Downloads\avdeepfake1m_660_videos\AVDeepfake1M_local\videos_subset_600\train\id00017\iJOjkDq6rW8\00129\real.mp4,real,E:\CAMC-DF\tmp_frames\real_scene.png,False,E:\CAMC-DF\tmp_frames\real_middle.png,False,22050,130305,1.644019496749407,-14.62560715983465,ok,
C:\Users\arvis\Downloads\avdeepfake1m_660_videos\AVDeepfake1M_local\videos_subset_600\train\id00017\iJOjkDq6rW8\00129\real_video_fake_audio.mp4,real_video_fake_audio,E:\CAMC-DF\tmp_frames\real_video_fake_audio_scene.png,False,E:\CAMC-DF\tmp_frames\real_video_fake_audio_middle.png,False,22050,130305,2.66575933657408,-14.541351476693528,ok,
C:\Users\arvis\Downloads\avdeepfake1m_660_videos\AVDeepfake1M_local\videos_subset_600\train\id00017\kN2iEvnTHc4\00131\fake_video_fake_audio.mp4,fake_video_fake_audio,E:\CAMC-DF\tmp_frames\fake_video_fake_audio_scene.png,False,E:\CAMC-DF\tmp_frames\fake_video_fake_audio_middle.png,False,22050,130305,1.6706523945588185,-12.737852559870031,ok,
C:\Users\arvis\Downloads\avdeepfake1m_660_videos\AVDeepfake1M_local\videos_subset_600\train\id00017\kN2iEvnTHc4\00131\real.mp4,real,E:\CAMC-DF\tmp_frames\real_scene.png,False,E:\CAMC-DF\tmp_frames\real_middle.png,False,22050,130305,1.2666489666620337,-18.069473573426386,ok,
C:\Users\arvis\Downloads\avdeepfake1m_660_videos\AVDeepfake1M_local\videos_subset_600\train\id00017\kN2iEvnTHc4\00133\fake_video_fake_audio.mp4,fake_video_fake_audio,E:\CAMC-DF\tmp_frames\fake_video_fake_audio_scene.png,False,E:\CAMC-DF\tmp_frames\fake_video_fake_audio_middle.png,False,22050,130305,1.7972773104050366,-13.151433500672944,ok,
C:\Users\arvis\Downloads\avdeepfake1m_660_videos\AVDeepfake1M_local\videos_subset_600\train\id00017\kN2iEvnTHc4\00133\real.mp4,real,E:\CAMC-DF\tmp_frames\real_scene.png,False,E:\CAMC-DF\tmp_frames\real_middle.png,False,22050,130305,0.6947159001706902,-18.456182092661656,ok,
C:\Users\arvis\Downloads\avdeepfake1m_660_videos\AVDeepfake1M_local\videos_subset_600\train\id00017\kN2iEvnTHc4\00135\fake_video_fake_audio.mp4,fake_video_fake_audio,E:\CAMC-DF\tmp_frames\fake_video_fake_audio_scene.png,False,E:\CAMC-DF\tmp_frames\fake_video_fake_audio_middle.png,False,22050,130305,1.8584285492197044,-17.866078058405805,ok,
C:\Users\arvis\Downloads\avdeepfake1m_660_videos\AVDeepfake1M_local\videos_subset_600\train\id00017\kN2iEvnTHc4\00135\real.mp4,real,E:\CAMC-DF\tmp_frames\real_scene.png,False,E:\CAMC-DF\tmp_frames\real_middle.png,False,22050,130305,1.6857567499552084,-14.325934964907622,ok,
C:\Users\arvis\Downloads\avdeepfake1m_660_videos\AVDeepfake1M_local\videos_subset_600\train\id00017\KtadqxztRBk\00031\real.mp4,real,E:\CAMC-DF\tmp_frames\real_scene.png,False,E:\CAMC-DF\tmp_frames\real_middle.png,False,22050,130305,1.5233586976064006,-20.047122818720432,ok,
C:\Users\arvis\Downloads\avdeepfake1m_660_videos\AVDeepfake1M_local\videos_subset_600\train\id00017\KtadqxztRBk\00031\real_video_fake_audio.mp4,real_video_fake_audio,E:\CAMC-DF\tmp_frames\real_video_fake_audio_scene.png,False,E:\CAMC-DF\tmp_frames\real_video_fake_audio_middle.png,False,22050,130305,2.1577796140726138,-17.966676830450115,ok,
C:\Users\arvis\Downloads\avdeepfake1m_660_videos\AVDeepfake1M_local\videos_subset_600\train\id00017\lvX8diWgriA\00169\fake_video_fake_audio.mp4,fake_video_fake_audio,E:\CAMC-DF\tmp_frames\fake_video_fake_audio_scene.png,False,E:\CAMC-DF\tmp_frames\fake_video_fake_audio_middle.png,False,22050,130305,2.47934966747636,-15.557060035450753,ok,
C:\Users\arvis\Downloads\avdeepfake1m_660_videos\AVDeepfake1M_local\videos_subset_600\train\id00017\lvX8diWgriA\00169\real.mp4,real,E:\CAMC-DF\tmp_frames\real_scene.png,False,E:\CAMC-DF\tmp_frames\real_middle.png,False,22050,130305,1.1561587608454578,-13.066733714402307,ok,
C:\Users\arvis\Downloads\avdeepfake1m_660_videos\AVDeepfake1M_local\videos_subset_600\train\id00017\lvX8diWgriA\00169\real_video_fake_audio.mp4,real_video_fake_audio,E:\CAMC-DF\tmp_frames\real_video_fake_audio_scene.png,False,E:\CAMC-DF\tmp_frames\real_video_fake_audio_middle.png,False,22050,130305,2.0874574116651816,-14.470053273695703,ok,
C:\Users\arvis\Downloads\avdeepfake1m_660_videos\AVDeepfake1M_local\videos_subset_600\train\id00017\lvX8diWgriA\00170\fake_video_fake_audio.mp4,fake_video_fake_audio,E:\CAMC-DF\tmp_frames\fake_video_fake_audio_scene.png,False,E:\CAMC-DF\tmp_frames\fake_video_fake_audio_middle.png,False,22050,130305,1.6893267721074636,-18.731924220936836,ok,
C:\Users\arvis\Downloads\avdeepfake1m_660_videos\AVDeepfake1M_local\videos_subset_600\train\id00017\lvX8diWgriA\00170\real.mp4,real,E:\CAMC-DF\tmp_frames\real_scene.png,False,E:\CAMC-DF\tmp_frames\real_middle.png,False,22050,130305,1.5698227589267202,-11.093585099816448,ok,
C:\Users\arvis\Downloads\avdeepfake1m_660_videos\AVDeepfake1M_local\videos_subset_600\train\id00017\lvX8diWgriA\00171\fake_video_fake_audio.mp4,fake_video_fake_audio,E:\CAMC-DF\tmp_frames\fake_video_fake_audio_scene.png,False,E:\CAMC-DF\tmp_frames\fake_video_fake_audio_middle.png,False,22050,130305,2.9943373975370786,-14.63135141437357,ok,
C:\Users\arvis\Downloads\avdeepfake1m_660_videos\AVDeepfake1M_local\videos_subset_600\train\id00017\lvX8diWgriA\00171\real.mp4,real,E:\CAMC-DF\tmp_frames\real_scene.png,False,E:\CAMC-DF\tmp_frames\real_middle.png,False,22050,130305,1.7975883317019399,-19.14467000131759,ok,
C:\Users\arvis\Downloads\avdeepfake1m_660_videos\AVDeepfake1M_local\videos_subset_600\train\id00017\lvX8diWgriA\00171\real_video_fake_audio.mp4,real_video_fake_audio,E:\CAMC-DF\tmp_frames\real_video_fake_audio_scene.png,False,E:\CAMC-DF\tmp_frames\real_video_fake_audio_middle.png,False,22050,130305,2.1941642293560806,-12.112481797697912,ok,
C:\Users\arvis\Downloads\avdeepfake1m_660_videos\AVDeepfake1M_local\videos_subset_600\train\id00017\lvX8diWgriA\00173\fake_video_fake_audio.mp4,fake_video_fake_audio,E:\CAMC-DF\tmp_frames\fake_video_fake_audio_scene.png,False,E:\CAMC-DF\tmp_frames\fake_video_fake_audio_middle.png,False,22050,130305,2.3620624054453008,-11.193943694137323,ok,
C:\Users\arvis\Downloads\avdeepfake1m_660_videos\AVDeepfake1M_local\videos_subset_600\train\id00017\lvX8diWgriA\00173\real.mp4,real,E:\CAMC-DF\tmp_frames\real_scene.png,False,E:\CAMC-DF\tmp_frames\real_middle.png,False,22050,130305,2.290163519567501,-16.09690769202202,ok,
C:\Users\arvis\Downloads\avdeepfake1m_660_videos\AVDeepfake1M_local\videos_subset_600\train\id00017\lvX8diWgriA\00173\real_video_fake_audio.mp4,real_video_fake_audio,E:\CAMC-DF\tmp_frames\real_video_fake_audio_scene.png,False,E:\CAMC-DF\tmp_frames\real_video_fake_audio_middle.png,False,22050,130305,1.9923906856154874,-14.305475116737444,ok,
C:\Users\arvis\Downloads\avdeepfake1m_660_videos\AVDeepfake1M_local\videos_subset_600\train\id00017\lvX8diWgriA\00174\fake_video_fake_audio.mp4,fake_video_fake_audio,E:\CAMC-DF\tmp_frames\fake_video_fake_audio_scene.png,False,E:\CAMC-DF\tmp_frames\fake_video_fake_audio_middle.png,False,22050,130305,2.9245268442386934,-12.324830178801713,ok,
C:\Users\arvis\Downloads\avdeepfake1m_660_videos\AVDeepfake1M_local\videos_subset_600\train\id00017\lvX8diWgriA\00174\real.mp4,real,E:\CAMC-DF\tmp_frames\real_scene.png,False,E:\CAMC-DF\tmp_frames\real_middle.png,False,22050,130305,2.210862210616612,-17.008189764142557,ok,
C:\Users\arvis\Downloads\avdeepfake1m_660_videos\AVDeepfake1M_local\videos_subset_600\train\id00017\lvX8diWgriA\00174\real_video_fake_audio.mp4,real_video_fake_audio,E:\CAMC-DF\tmp_frames\real_video_fake_audio_scene.png,False,E:\CAMC-DF\tmp_frames\real_video_fake_audio_middle.png,False,22050,130305,2.6647240703068844,-15.431606772510138,ok,
C:\Users\arvis\Downloads\avdeepfake1m_660_videos\AVDeepfake1M_local\videos_subset_600\train\id00017\lvX8diWgriA\00175\fake_video_fake_audio.mp4,fake_video_fake_audio,E:\CAMC-DF\tmp_frames\fake_video_fake_audio_scene.png,False,E:\CAMC-DF\tmp_frames\fake_video_fake_audio_middle.png,False,22050,130305,1.1375931258342538,-16.764445205011803,ok,
C:\Users\arvis\Downloads\avdeepfake1m_660_videos\AVDeepfake1M_local\videos_subset_600\train\id00017\lvX8diWgriA\00175\real_video_fake_audio.mp4,real_video_fake_audio,E:\CAMC-DF\tmp_frames\real_video_fake_audio_scene.png,False,E:\CAMC-DF\tmp_frames\real_video_fake_audio_middle.png,False,22050,130305,1.699226718786692,-11.68463138397817,ok,
C:\Users\arvis\Downloads\avdeepfake1m_660_videos\AVDeepfake1M_local\videos_subset_600\train\id00017\lvX8diWgriA\00176\fake_video_fake_audio.mp4,fake_video_fake_audio,E:\CAMC-DF\tmp_frames\fake_video_fake_audio_scene.png,False,E:\CAMC-DF\tmp_frames\fake_video_fake_audio_middle.png,False,22050,130305,12.619491810855656,-13.53696973479085,ok,
C:\Users\arvis\Downloads\avdeepfake1m_660_videos\AVDeepfake1M_local\videos_subset_600\train\id00017\lvX8diWgriA\00176\real.mp4,real,E:\CAMC-DF\tmp_frames\real_scene.png,False,E:\CAMC-DF\tmp_frames\real_middle.png,False,22050,130305,9.903556931880786,-13.106591156153144,ok,
C:\Users\arvis\Downloads\avdeepfake1m_660_videos\AVDeepfake1M_local\videos_subset_600\train\id00017\lvX8diWgriA\00176\real_video_fake_audio.mp4,real_video_fake_audio,E:\CAMC-DF\tmp_frames\real_video_fake_audio_scene.png,False,E:\CAMC-DF\tmp_frames\real_video_fake_audio_middle.png,False,22050,130305,14.549004745922318,-11.997790121134951,ok,
C:\Users\arvis\Downloads\avdeepfake1m_660_videos\AVDeepfake1M_local\videos_subset_600\train\id00017\lvX8diWgriA\00177\fake_video_fake_audio.mp4,fake_video_fake_audio,E:\CAMC-DF\tmp_frames\fake_video_fake_audio_scene.png,False,E:\CAMC-DF\tmp_frames\fake_video_fake_audio_middle.png,False,22050,130305,2.1999225947010492,-12.150136413297297,ok,
C:\Users\arvis\Downloads\avdeepfake1m_660_videos\AVDeepfake1M_local\videos_subset_600\train\id00017\lvX8diWgriA\00177\real.mp4,real,E:\CAMC-DF\tmp_frames\real_scene.png,False,E:\CAMC-DF\tmp_frames\real_middle.png,False,22050,130305,3.244193077185192,-10.140217112776268,ok,
C:\Users\arvis\Downloads\avdeepfake1m_660_videos\AVDeepfake1M_local\videos_subset_600\train\id00017\lvX8diWgriA\00177\real_video_fake_audio.mp4,real_video_fake_audio,E:\CAMC-DF\tmp_frames\real_video_fake_audio_scene.png,False,E:\CAMC-DF\tmp_frames\real_video_fake_audio_middle.png,False,22050,130305,2.3688923734951906,-13.828639306716505,ok,
C:\Users\arvis\Downloads\avdeepfake1m_660_videos\AVDeepfake1M_local\videos_subset_600\train\id00017\lvX8diWgriA\00178\fake_video_fake_audio.mp4,fake_video_fake_audio,E:\CAMC-DF\tmp_frames\fake_video_fake_audio_scene.png,False,E:\CAMC-DF\tmp_frames\fake_video_fake_audio_middle.png,False,22050,130305,2.9144592871779658,-12.943699694124097,ok,
C:\Users\arvis\Downloads\avdeepfake1m_660_videos\AVDeepfake1M_local\videos_subset_600\train\id00017\lvX8diWgriA\00178\real.mp4,real,E:\CAMC-DF\tmp_frames\real_scene.png,False,E:\CAMC-DF\tmp_frames\real_middle.png,False,22050,130305,2.070061938114162,-15.114521712836389,ok,
C:\Users\arvis\Downloads\avdeepfake1m_660_videos\AVDeepfake1M_local\videos_subset_600\train\id00017\lvX8diWgriA\00178\real_video_fake_audio.mp4,real_video_fake_audio,E:\CAMC-DF\tmp_frames\real_video_fake_audio_scene.png,False,E:\CAMC-DF\tmp_frames\real_video_fake_audio_middle.png,False,22050,130305,2.327847058086957,-15.845543618566778,ok,
C:\Users\arvis\Downloads\avdeepfake1m_660_videos\AVDeepfake1M_local\videos_subset_600\train\id00017\lvX8diWgriA\00179\fake_video_fake_audio.mp4,fake_video_fake_audio,E:\CAMC-DF\tmp_frames\fake_video_fake_audio_scene.png,False,E:\CAMC-DF\tmp_frames\fake_video_fake_audio_middle.png,False,22050,130305,2.7009627979419837,-13.041047592290326,ok,
C:\Users\arvis\Downloads\avdeepfake1m_660_videos\AVDeepfake1M_local\videos_subset_600\train\id00017\lvX8diWgriA\00179\real.mp4,real,E:\CAMC-DF\tmp_frames\real_scene.png,False,E:\CAMC-DF\tmp_frames\real_middle.png,False,22050,130305,2.5360886249167356,-10.849876435504237,ok,
C:\Users\arvis\Downloads\avdeepfake1m_660_videos\AVDeepfake1M_local\videos_subset_600\train\id00017\lvX8diWgriA\00179\real_video_fake_audio.mp4,real_video_fake_audio,E:\CAMC-DF\tmp_frames\real_video_fake_audio_scene.png,False,E:\CAMC-DF\tmp_frames\real_video_fake_audio_middle.png,False,22050,130305,2.205345808616722,-15.07866904179641,ok,
C:\Users\arvis\Downloads\avdeepfake1m_660_videos\AVDeepfake1M_local\videos_subset_600\train\id00017\lvX8diWgriA\00180\fake_video_fake_audio.mp4,fake_video_fake_audio,E:\CAMC-DF\tmp_frames\fake_video_fake_audio_scene.png,False,E:\CAMC-DF\tmp_frames\fake_video_fake_audio_middle.png,False,22050,130305,2.6410496852772694,-15.069563791097561,ok,
C:\Users\arvis\Downloads\avdeepfake1m_660_videos\AVDeepfake1M_local\videos_subset_600\train\id00017\lvX8diWgriA\00180\real.mp4,real,E:\CAMC-DF\tmp_frames\real_scene.png,False,E:\CAMC-DF\tmp_frames\real_middle.png,False,22050,130305,2.005836338181056,-18.852128331215773,ok,
C:\Users\arvis\Downloads\avdeepfake1m_660_videos\AVDeepfake1M_local\videos_subset_600\train\id00017\lvX8diWgriA\00181\fake_video_fake_audio.mp4,fake_video_fake_audio,E:\CAMC-DF\tmp_frames\fake_video_fake_audio_scene.png,False,E:\CAMC-DF\tmp_frames\fake_video_fake_audio_middle.png,False,22050,130305,3.015324297302234,-20.8656952552449,ok,
C:\Users\arvis\Downloads\avdeepfake1m_660_videos\AVDeepfake1M_local\videos_subset_600\train\id00017\lvX8diWgriA\00181\real.mp4,real,E:\CAMC-DF\tmp_frames\real_scene.png,False,E:\CAMC-DF\tmp_frames\real_middle.png,False,22050,130305,1.9650941475277655,-17.67707684660585,ok,
C:\Users\arvis\Downloads\avdeepfake1m_660_videos\AVDeepfake1M_local\videos_subset_600\train\id00017\lvX8diWgriA\00181\real_video_fake_audio.mp4,real_video_fake_audio,E:\CAMC-DF\tmp_frames\real_video_fake_audio_scene.png,False,E:\CAMC-DF\tmp_frames\real_video_fake_audio_middle.png,False,22050,130305,2.650186396774453,-17.691176981481366,ok,
C:\Users\arvis\Downloads\avdeepfake1m_660_videos\AVDeepfake1M_local\videos_subset_600\train\id00017\lvX8diWgriA\00182\fake_video_fake_audio.mp4,fake_video_fake_audio,E:\CAMC-DF\tmp_frames\fake_video_fake_audio_scene.png,False,E:\CAMC-DF\tmp_frames\fake_video_fake_audio_middle.png,False,22050,130305,2.358519849757396,-17.52970066516927,ok,
C:\Users\arvis\Downloads\avdeepfake1m_660_videos\AVDeepfake1M_local\videos_subset_600\train\id00017\lvX8diWgriA\00182\real.mp4,real,E:\CAMC-DF\tmp_frames\real_scene.png,False,E:\CAMC-DF\tmp_frames\real_middle.png,False,22050,130305,1.557033762843939,-16.549760375981354,ok,
C:\Users\arvis\Downloads\avdeepfake1m_660_videos\AVDeepfake1M_local\videos_subset_600\train\id00017\lvX8diWgriA\00183\fake_video_fake_audio.mp4,fake_video_fake_audio,E:\CAMC-DF\tmp_frames\fake_video_fake_audio_scene.png,False,E:\CAMC-DF\tmp_frames\fake_video_fake_audio_middle.png,False,22050,130305,2.5033980282161132,-16.759800359251706,ok,
C:\Users\arvis\Downloads\avdeepfake1m_660_videos\AVDeepfake1M_local\videos_subset_600\train\id00017\lvX8diWgriA\00183\real.mp4,real,E:\CAMC-DF\tmp_frames\real_scene.png,False,E:\CAMC-DF\tmp_frames\real_middle.png,False,22050,130305,2.1320228060793003,-16.0268730420492,ok,
C:\Users\arvis\Downloads\avdeepfake1m_660_videos\AVDeepfake1M_local\videos_subset_600\train\id00017\lvX8diWgriA\00183\real_video_fake_audio.mp4,real_video_fake_audio,E:\CAMC-DF\tmp_frames\real_video_fake_audio_scene.png,False,E:\CAMC-DF\tmp_frames\real_video_fake_audio_middle.png,False,22050,130305,2.4385817875147993,-14.649350413765136,ok,
C:\Users\arvis\Downloads\avdeepfake1m_660_videos\AVDeepfake1M_local\videos_subset_600\train\id00017\lvX8diWgriA\00184\fake_video_fake_audio.mp4,fake_video_fake_audio,E:\CAMC-DF\tmp_frames\fake_video_fake_audio_scene.png,False,E:\CAMC-DF\tmp_frames\fake_video_fake_audio_middle.png,False,22050,130305,14.279785230160888,-14.24044568582951,ok,
C:\Users\arvis\Downloads\avdeepfake1m_660_videos\AVDeepfake1M_local\videos_subset_600\train\id00017\lvX8diWgriA\00184\real.mp4,real,E:\CAMC-DF\tmp_frames\real_scene.png,False,E:\CAMC-DF\tmp_frames\real_middle.png,False,22050,130305,2.0059000892827563,-13.070492669292193,ok,
C:\Users\arvis\Downloads\avdeepfake1m_660_videos\AVDeepfake1M_local\videos_subset_600\train\id00017\lvX8diWgriA\00184\real_video_fake_audio.mp4,real_video_fake_audio,E:\CAMC-DF\tmp_frames\real_video_fake_audio_scene.png,False,E:\CAMC-DF\tmp_frames\real_video_fake_audio_middle.png,False,22050,130305,1.876256879419006,-11.17085241638027,ok,
C:\Users\arvis\Downloads\avdeepfake1m_660_videos\AVDeepfake1M_local\videos_subset_600\train\id00017\lvX8diWgriA\00185\fake_video_fake_audio.mp4,fake_video_fake_audio,E:\CAMC-DF\tmp_frames\fake_video_fake_audio_scene.png,False,E:\CAMC-DF\tmp_frames\fake_video_fake_audio_middle.png,False,22050,130305,3.3146253774835395,-17.15835212104316,ok,
C:\Users\arvis\Downloads\avdeepfake1m_660_videos\AVDeepfake1M_local\videos_subset_600\train\id00017\lvX8diWgriA\00185\real.mp4,real,E:\CAMC-DF\tmp_frames\real_scene.png,False,E:\CAMC-DF\tmp_frames\real_middle.png,False,22050,130305,2.6093749233186334,-19.39728619814234,ok,
C:\Users\arvis\Downloads\avdeepfake1m_660_videos\AVDeepfake1M_local\videos_subset_600\train\id00017\lvX8diWgriA\00185\real_video_fake_audio.mp4,real_video_fake_audio,E:\CAMC-DF\tmp_frames\real_video_fake_audio_scene.png,False,E:\CAMC-DF\tmp_frames\real_video_fake_audio_middle.png,False,22050,130305,2.178783816346585,-19.244462872843457,ok,
C:\Users\arvis\Downloads\avdeepfake1m_660_videos\AVDeepfake1M_local\videos_subset_600\train\id00017\lvX8diWgriA\00186\fake_video_fake_audio.mp4,fake_video_fake_audio,E:\CAMC-DF\tmp_frames\fake_video_fake_audio_scene.png,False,E:\CAMC-DF\tmp_frames\fake_video_fake_audio_middle.png,False,22050,130305,11.652637227794719,-16.83193113957232,ok,
C:\Users\arvis\Downloads\avdeepfake1m_660_videos\AVDeepfake1M_local\videos_subset_600\train\id00017\lvX8diWgriA\00186\real.mp4,real,E:\CAMC-DF\tmp_frames\real_scene.png,False,E:\CAMC-DF\tmp_frames\real_middle.png,False,22050,130305,13.31480897138116,-16.024078641085335,ok,
C:\Users\arvis\Downloads\avdeepfake1m_660_videos\AVDeepfake1M_local\videos_subset_600\train\id00017\lvX8diWgriA\00186\real_video_fake_audio.mp4,real_video_fake_audio,E:\CAMC-DF\tmp_frames\real_video_fake_audio_scene.png,False,E:\CAMC-DF\tmp_frames\real_video_fake_audio_middle.png,False,22050,130305,2.329066351310837,-16.00245597699356,ok,
C:\Users\arvis\Downloads\avdeepfake1m_660_videos\AVDeepfake1M_local\videos_subset_600\train\id00017\lvX8diWgriA\00187\fake_video_fake_audio.mp4,fake_video_fake_audio,E:\CAMC-DF\tmp_frames\fake_video_fake_audio_scene.png,False,E:\CAMC-DF\tmp_frames\fake_video_fake_audio_middle.png,False,22050,130305,2.111344353809612,-19.895274965270648,ok,
C:\Users\arvis\Downloads\avdeepfake1m_660_videos\AVDeepfake1M_local\videos_subset_600\train\id00017\lvX8diWgriA\00187\real.mp4,real,E:\CAMC-DF\tmp_frames\real_scene.png,False,E:\CAMC-DF\tmp_frames\real_middle.png,False,22050,130305,17.786279217031257,-17.858890117920694,ok,
C:\Users\arvis\Downloads\avdeepfake1m_660_videos\AVDeepfake1M_local\videos_subset_600\train\id00017\lvX8diWgriA\00187\real_video_fake_audio.mp4,real_video_fake_audio,E:\CAMC-DF\tmp_frames\real_video_fake_audio_scene.png,False,E:\CAMC-DF\tmp_frames\real_video_fake_audio_middle.png,False,22050,130305,2.487102087952892,-18.26334014490299,ok,
C:\Users\arvis\Downloads\avdeepfake1m_660_videos\AVDeepfake1M_local\videos_subset_600\train\id00017\lvX8diWgriA\00188\real.mp4,real,E:\CAMC-DF\tmp_frames\real_scene.png,False,E:\CAMC-DF\tmp_frames\real_middle.png,False,22050,130305,18.23542895188182,-12.460514451492728,ok,
C:\Users\arvis\Downloads\avdeepfake1m_660_videos\AVDeepfake1M_local\videos_subset_600\train\id00017\lZf1RB6l5Gs\00140\fake_video_fake_audio.mp4,fake_video_fake_audio,E:\CAMC-DF\tmp_frames\fake_video_fake_audio_scene.png,True,E:\CAMC-DF\tmp_frames\fake_video_fake_audio_scene.png,True,22050,130305,1.736079213161695,-17.806271531120274,ok,
C:\Users\arvis\Downloads\avdeepfake1m_660_videos\AVDeepfake1M_local\videos_subset_600\train\id00017\lZf1RB6l5Gs\00140\real.mp4,real,E:\CAMC-DF\tmp_frames\real_scene.png,False,E:\CAMC-DF\tmp_frames\real_middle.png,False,22050,130305,1.913550172761831,-18.261389375900222,ok,
C:\Users\arvis\Downloads\avdeepfake1m_660_videos\AVDeepfake1M_local\videos_subset_600\train\id00017\lZf1RB6l5Gs\00140\real_video_fake_audio.mp4,real_video_fake_audio,E:\CAMC-DF\tmp_frames\real_video_fake_audio_scene.png,True,E:\CAMC-DF\tmp_frames\real_video_fake_audio_scene.png,True,22050,130305,1.3507134319525904,-20.77965102967036,ok,
C:\Users\arvis\Downloads\avdeepfake1m_660_videos\AVDeepfake1M_local\videos_subset_600\train\id00017\lZf1RB6l5Gs\00141\fake_video_fake_audio.mp4,fake_video_fake_audio,E:\CAMC-DF\tmp_frames\fake_video_fake_audio_scene.png,False,E:\CAMC-DF\tmp_frames\fake_video_fake_audio_middle.png,False,22050,130305,2.501267766823929,-20.449755412362567,ok,
C:\Users\arvis\Downloads\avdeepfake1m_660_videos\AVDeepfake1M_local\videos_subset_600\train\id00017\lZf1RB6l5Gs\00141\real.mp4,real,E:\CAMC-DF\tmp_frames\real_scene.png,False,E:\CAMC-DF\tmp_frames\real_middle.png,False,22050,130305,2.138859050555332,-20.177340086884726,ok,
C:\Users\arvis\Downloads\avdeepfake1m_660_videos\AVDeepfake1M_local\videos_subset_600\train\id00017\lZf1RB6l5Gs\00141\real_video_fake_audio.mp4,real_video_fake_audio,E:\CAMC-DF\tmp_frames\real_video_fake_audio_scene.png,False,E:\CAMC-DF\tmp_frames\real_video_fake_audio_middle.png,False,22050,130305,2.1413664703120756,-20.240724227037944,ok,
C:\Users\arvis\Downloads\avdeepfake1m_660_videos\AVDeepfake1M_local\videos_subset_600\train\id00017\lZf1RB6l5Gs\00143\fake_video_fake_audio.mp4,fake_video_fake_audio,E:\CAMC-DF\tmp_frames\fake_video_fake_audio_scene.png,False,E:\CAMC-DF\tmp_frames\fake_video_fake_audio_middle.png,False,22050,130305,1.7581375162917754,-19.57688948380936,ok,
C:\Users\arvis\Downloads\avdeepfake1m_660_videos\AVDeepfake1M_local\videos_subset_600\train\id00017\lZf1RB6l5Gs\00143\real.mp4,real,E:\CAMC-DF\tmp_frames\real_scene.png,False,E:\CAMC-DF\tmp_frames\real_middle.png,False,22050,130305,1.7865337385082893,-19.835103212276806,ok,
C:\Users\arvis\Downloads\avdeepfake1m_660_videos\AVDeepfake1M_local\videos_subset_600\train\id00017\lZf1RB6l5Gs\00143\real_video_fake_audio.mp4,real_video_fake_audio,E:\CAMC-DF\tmp_frames\real_video_fake_audio_scene.png,False,E:\CAMC-DF\tmp_frames\real_video_fake_audio_middle.png,False,22050,130305,1.8796583860269807,-18.01327174590088,ok,
C:\Users\arvis\Downloads\avdeepfake1m_660_videos\AVDeepfake1M_local\videos_subset_600\train\id00017\lZf1RB6l5Gs\00145\fake_video_fake_audio.mp4,fake_video_fake_audio,E:\CAMC-DF\tmp_frames\fake_video_fake_audio_scene.png,True,E:\CAMC-DF\tmp_frames\fake_video_fake_audio_scene.png,True,22050,130305,1.5213829439475197,-17.964990440284627,ok,
C:\Users\arvis\Downloads\avdeepfake1m_660_videos\AVDeepfake1M_local\videos_subset_600\train\id00017\lZf1RB6l5Gs\00145\real.mp4,real,E:\CAMC-DF\tmp_frames\real_scene.png,True,E:\CAMC-DF\tmp_frames\real_scene.png,True,22050,130305,1.2803055959600238,-19.06451989453057,ok,
C:\Users\arvis\Downloads\avdeepfake1m_660_videos\AVDeepfake1M_local\videos_subset_600\train\id00017\lZf1RB6l5Gs\00145\real_video_fake_audio.mp4,real_video_fake_audio,E:\CAMC-DF\tmp_frames\real_video_fake_audio_scene.png,False,E:\CAMC-DF\tmp_frames\real_video_fake_audio_middle.png,False,22050,130305,2.4440445792231116,-18.972613608064066,ok,
C:\Users\arvis\Downloads\avdeepfake1m_660_videos\AVDeepfake1M_local\videos_subset_600\train\id00017\lZf1RB6l5Gs\00146\fake_video_fake_audio.mp4,fake_video_fake_audio,E:\CAMC-DF\tmp_frames\fake_video_fake_audio_scene.png,False,E:\CAMC-DF\tmp_frames\fake_video_fake_audio_middle.png,False,22050,130305,1.954832690026057,-19.790175972731138,ok,
C:\Users\arvis\Downloads\avdeepfake1m_660_videos\AVDeepfake1M_local\videos_subset_600\train\id00017\lZf1RB6l5Gs\00146\real.mp4,real,E:\CAMC-DF\tmp_frames\real_scene.png,False,E:\CAMC-DF\tmp_frames\real_middle.png,False,22050,130305,1.585270690879776,-16.818608772666977,ok,
C:\Users\arvis\Downloads\avdeepfake1m_660_videos\AVDeepfake1M_local\videos_subset_600\train\id00017\lZf1RB6l5Gs\00146\real_video_fake_audio.mp4,real_video_fake_audio,E:\CAMC-DF\tmp_frames\real_video_fake_audio_scene.png,False,E:\CAMC-DF\tmp_frames\real_video_fake_audio_middle.png,False,22050,130305,1.30440809670052,-18.172508645519184,ok,
C:\Users\arvis\Downloads\avdeepfake1m_660_videos\AVDeepfake1M_local\videos_subset_600\train\id00017\lZf1RB6l5Gs\00149\fake_video_fake_audio.mp4,fake_video_fake_audio,E:\CAMC-DF\tmp_frames\fake_video_fake_audio_scene.png,False,E:\CAMC-DF\tmp_frames\fake_video_fake_audio_middle.png,False,22050,130305,1.8576702223982802,-17.530550305596314,ok,
C:\Users\arvis\Downloads\avdeepfake1m_660_videos\AVDeepfake1M_local\videos_subset_600\train\id00017\lZf1RB6l5Gs\00149\real_video_fake_audio.mp4,real_video_fake_audio,E:\CAMC-DF\tmp_frames\real_video_fake_audio_scene.png,False,E:\CAMC-DF\tmp_frames\real_video_fake_audio_middle.png,False,22050,130305,2.1651210245785397,-21.24909360852604,ok,
C:\Users\arvis\Downloads\avdeepfake1m_660_videos\AVDeepfake1M_local\videos_subset_600\train\id00017\lZf1RB6l5Gs\00151\fake_video_fake_audio.mp4,fake_video_fake_audio,E:\CAMC-DF\tmp_frames\fake_video_fake_audio_scene.png,False,E:\CAMC-DF\tmp_frames\fake_video_fake_audio_middle.png,False,22050,130305,1.5226608559649135,-12.48343833843695,ok,
C:\Users\arvis\Downloads\avdeepfake1m_660_videos\AVDeepfake1M_local\videos_subset_600\train\id00017\lZf1RB6l5Gs\00151\real.mp4,real,E:\CAMC-DF\tmp_frames\real_scene.png,False,E:\CAMC-DF\tmp_frames\real_middle.png,False,22050,130305,2.0623598298296613,-20.123163070576634,ok,
C:\Users\arvis\Downloads\avdeepfake1m_660_videos\AVDeepfake1M_local\videos_subset_600\train\id00017\lZf1RB6l5Gs\00151\real_video_fake_audio.mp4,real_video_fake_audio,E:\CAMC-DF\tmp_frames\real_video_fake_audio_scene.png,False,E:\CAMC-DF\tmp_frames\real_video_fake_audio_middle.png,False,22050,130305,2.3793031303830796,-18.523508338909586,ok,
C:\Users\arvis\Downloads\avdeepfake1m_660_videos\AVDeepfake1M_local\videos_subset_600\train\id00017\lZf1RB6l5Gs\00152\fake_video_fake_audio.mp4,fake_video_fake_audio,E:\CAMC-DF\tmp_frames\fake_video_fake_audio_scene.png,False,E:\CAMC-DF\tmp_frames\fake_video_fake_audio_middle.png,False,22050,130305,1.2643201232173373,-16.136723985225323,ok,
C:\Users\arvis\Downloads\avdeepfake1m_660_videos\AVDeepfake1M_local\videos_subset_600\train\id00017\lZf1RB6l5Gs\00152\real.mp4,real,E:\CAMC-DF\tmp_frames\real_scene.png,False,E:\CAMC-DF\tmp_frames\real_middle.png,False,22050,130305,2.0295323447970572,-18.926959672265347,ok,
C:\Users\arvis\Downloads\avdeepfake1m_660_videos\AVDeepfake1M_local\videos_subset_600\train\id00017\lZf1RB6l5Gs\00152\real_video_fake_audio.mp4,real_video_fake_audio,E:\CAMC-DF\tmp_frames\real_video_fake_audio_scene.png,False,E:\CAMC-DF\tmp_frames\real_video_fake_audio_middle.png,False,22050,130305,1.343024567977488,-18.761271356897904,ok,
C:\Users\arvis\Downloads\avdeepfake1m_660_videos\AVDeepfake1M_local\videos_subset_600\train\id00017\lZf1RB6l5Gs\00155\fake_video_fake_audio.mp4,fake_video_fake_audio,E:\CAMC-DF\tmp_frames\fake_video_fake_audio_scene.png,True,E:\CAMC-DF\tmp_frames\fake_video_fake_audio_scene.png,True,22050,130305,1.3848891926418399,-22.462982130285138,ok,
C:\Users\arvis\Downloads\avdeepfake1m_660_videos\AVDeepfake1M_local\videos_subset_600\train\id00017\lZf1RB6l5Gs\00155\real.mp4,real,E:\CAMC-DF\tmp_frames\real_scene.png,True,E:\CAMC-DF\tmp_frames\real_scene.png,True,22050,130305,1.2683152555099257,-18.008292673667743,ok,
C:\Users\arvis\Downloads\avdeepfake1m_660_videos\AVDeepfake1M_local\videos_subset_600\train\id00017\lZf1RB6l5Gs\00155\real_video_fake_audio.mp4,real_video_fake_audio,E:\CAMC-DF\tmp_frames\real_video_fake_audio_scene.png,True,E:\CAMC-DF\tmp_frames\real_video_fake_audio_scene.png,True,22050,130305,1.482554321654639,-16.65203955733048,ok,
C:\Users\arvis\Downloads\avdeepfake1m_660_videos\AVDeepfake1M_local\videos_subset_600\train\id00017\lZf1RB6l5Gs\00157\real.mp4,real,E:\CAMC-DF\tmp_frames\real_scene.png,False,E:\CAMC-DF\tmp_frames\real_middle.png,False,22050,130305,1.63584264817293,-18.29462029269717,ok,
C:\Users\arvis\Downloads\avdeepfake1m_660_videos\AVDeepfake1M_local\videos_subset_600\train\id00017\lZf1RB6l5Gs\00157\real_video_fake_audio.mp4,real_video_fake_audio,E:\CAMC-DF\tmp_frames\real_video_fake_audio_scene.png,False,E:\CAMC-DF\tmp_frames\real_video_fake_audio_middle.png,False,22050,130305,2.7486894076134587,-14.29358750449536,ok,
C:\Users\arvis\Downloads\avdeepfake1m_660_videos\AVDeepfake1M_local\videos_subset_600\train\id00017\lZf1RB6l5Gs\00159\fake_video_fake_audio.mp4,fake_video_fake_audio,E:\CAMC-DF\tmp_frames\fake_video_fake_audio_scene.png,False,E:\CAMC-DF\tmp_frames\fake_video_fake_audio_middle.png,False,22050,130305,2.063658331707597,-19.34825955050679,ok,
C:\Users\arvis\Downloads\avdeepfake1m_660_videos\AVDeepfake1M_local\videos_subset_600\train\id00017\lZf1RB6l5Gs\00159\real.mp4,real,E:\CAMC-DF\tmp_frames\real_scene.png,False,E:\CAMC-DF\tmp_frames\real_middle.png,False,22050,130305,1.629268271680193,-16.92578591746356,ok,
C:\Users\arvis\Downloads\avdeepfake1m_660_videos\AVDeepfake1M_local\videos_subset_600\train\id00017\lZf1RB6l5Gs\00159\real_video_fake_audio.mp4,real_video_fake_audio,E:\CAMC-DF\tmp_frames\real_video_fake_audio_scene.png,False,E:\CAMC-DF\tmp_frames\real_video_fake_audio_middle.png,False,22050,130305,2.329381401407019,-13.093690435662548,ok,
C:\Users\arvis\Downloads\avdeepfake1m_660_videos\AVDeepfake1M_local\videos_subset_600\train\id00017\lZf1RB6l5Gs\00160\fake_video_fake_audio.mp4,fake_video_fake_audio,E:\CAMC-DF\tmp_frames\fake_video_fake_audio_scene.png,False,E:\CAMC-DF\tmp_frames\fake_video_fake_audio_middle.png,False,22050,130305,2.099933109994056,-20.119013509127658,ok,
C:\Users\arvis\Downloads\avdeepfake1m_660_videos\AVDeepfake1M_local\videos_subset_600\train\id00017\lZf1RB6l5Gs\00160\real.mp4,real,E:\CAMC-DF\tmp_frames\real_scene.png,False,E:\CAMC-DF\tmp_frames\real_middle.png,False,22050,130305,1.8507003874484798,-20.7861115195095,ok,
C:\Users\arvis\Downloads\avdeepfake1m_660_videos\AVDeepfake1M_local\videos_subset_600\train\id00017\lZf1RB6l5Gs\00160\real_video_fake_audio.mp4,real_video_fake_audio,E:\CAMC-DF\tmp_frames\real_video_fake_audio_scene.png,False,E:\CAMC-DF\tmp_frames\real_video_fake_audio_middle.png,False,22050,130305,2.1773708664456453,-21.603331833491637,ok,
C:\Users\arvis\Downloads\avdeepfake1m_660_videos\AVDeepfake1M_local\videos_subset_600\train\id00017\lZf1RB6l5Gs\00161\fake_video_fake_audio.mp4,fake_video_fake_audio,E:\CAMC-DF\tmp_frames\fake_video_fake_audio_scene.png,False,E:\CAMC-DF\tmp_frames\fake_video_fake_audio_middle.png,False,22050,130305,2.0039329219418267,-19.654281650573022,ok,
C:\Users\arvis\Downloads\avdeepfake1m_660_videos\AVDeepfake1M_local\videos_subset_600\train\id00017\lZf1RB6l5Gs\00161\real.mp4,real,E:\CAMC-DF\tmp_frames\real_scene.png,False,E:\CAMC-DF\tmp_frames\real_middle.png,False,22050,130305,1.7373673119477198,-17.867693063318953,ok,
C:\Users\arvis\Downloads\avdeepfake1m_660_videos\AVDeepfake1M_local\videos_subset_600\train\id00017\lZf1RB6l5Gs\00161\real_video_fake_audio.mp4,real_video_fake_audio,E:\CAMC-DF\tmp_frames\real_video_fake_audio_scene.png,False,E:\CAMC-DF\tmp_frames\real_video_fake_audio_middle.png,False,22050,130305,1.021793577299407,-18.451725253791263,ok,
C:\Users\arvis\Downloads\avdeepfake1m_660_videos\AVDeepfake1M_local\videos_subset_600\train\id00017\lZf1RB6l5Gs\00163\fake_video_fake_audio.mp4,fake_video_fake_audio,E:\CAMC-DF\tmp_frames\fake_video_fake_audio_scene.png,False,E:\CAMC-DF\tmp_frames\fake_video_fake_audio_middle.png,False,22050,130305,1.7723328732563963,-20.422847144143738,ok,
C:\Users\arvis\Downloads\avdeepfake1m_660_videos\AVDeepfake1M_local\videos_subset_600\train\id00017\lZf1RB6l5Gs\00163\real.mp4,real,E:\CAMC-DF\tmp_frames\real_scene.png,False,E:\CAMC-DF\tmp_frames\real_middle.png,False,22050,130305,2.5940531401448443,-17.886995902813712,ok,
C:\Users\arvis\Downloads\avdeepfake1m_660_videos\AVDeepfake1M_local\videos_subset_600\train\id00017\lZf1RB6l5Gs\00163\real_video_fake_audio.mp4,real_video_fake_audio,E:\CAMC-DF\tmp_frames\real_video_fake_audio_scene.png,False,E:\CAMC-DF\tmp_frames\real_video_fake_audio_middle.png,False,22050,130305,2.0189785903940756,-18.747828807699097,ok,
C:\Users\arvis\Downloads\avdeepfake1m_660_videos\AVDeepfake1M_local\videos_subset_600\train\id00017\lZf1RB6l5Gs\00164\fake_video_fake_audio.mp4,fake_video_fake_audio,E:\CAMC-DF\tmp_frames\fake_video_fake_audio_scene.png,False,E:\CAMC-DF\tmp_frames\fake_video_fake_audio_middle.png,False,22050,130305,1.1359209575437088,-20.359496422629057,ok,
C:\Users\arvis\Downloads\avdeepfake1m_660_videos\AVDeepfake1M_local\videos_subset_600\train\id00017\lZf1RB6l5Gs\00164\real.mp4,real,E:\CAMC-DF\tmp_frames\real_scene.png,False,E:\CAMC-DF\tmp_frames\real_middle.png,False,22050,130305,1.716041003109468,-14.344086439462787,ok,
C:\Users\arvis\Downloads\avdeepfake1m_660_videos\AVDeepfake1M_local\videos_subset_600\train\id00017\lZf1RB6l5Gs\00164\real_video_fake_audio.mp4,real_video_fake_audio,E:\CAMC-DF\tmp_frames\real_video_fake_audio_scene.png,False,E:\CAMC-DF\tmp_frames\real_video_fake_audio_middle.png,False,22050,130305,0.8996379372782917,-18.832152952273006,ok,
C:\Users\arvis\Downloads\avdeepfake1m_660_videos\AVDeepfake1M_local\videos_subset_600\train\id00017\M6PYYNz3pac\00032\fake_video_fake_audio.mp4,fake_video_fake_audio,E:\CAMC-DF\tmp_frames\fake_video_fake_audio_scene.png,False,E:\CAMC-DF\tmp_frames\fake_video_fake_audio_middle.png,False,22050,130305,2.290783104561746,-20.815280263451676,ok,
C:\Users\arvis\Downloads\avdeepfake1m_660_videos\AVDeepfake1M_local\videos_subset_600\train\id00017\M6PYYNz3pac\00032\real.mp4,real,E:\CAMC-DF\tmp_frames\real_scene.png,False,E:\CAMC-DF\tmp_frames\real_middle.png,False,22050,130305,2.179196929591146,-19.853408761042914,ok,
C:\Users\arvis\Downloads\avdeepfake1m_660_videos\AVDeepfake1M_local\videos_subset_600\train\id00017\M6PYYNz3pac\00032\real_video_fake_audio.mp4,real_video_fake_audio,E:\CAMC-DF\tmp_frames\real_video_fake_audio_scene.png,False,E:\CAMC-DF\tmp_frames\real_video_fake_audio_middle.png,False,22050,130305,1.7667323321778141,-20.75709310707145,ok,
C:\Users\arvis\Downloads\avdeepfake1m_660_videos\AVDeepfake1M_local\videos_subset_600\train\id00017\M6PYYNz3pac\00033\fake_video_fake_audio.mp4,fake_video_fake_audio,E:\CAMC-DF\tmp_frames\fake_video_fake_audio_scene.png,False,E:\CAMC-DF\tmp_frames\fake_video_fake_audio_middle.png,False,22050,130305,2.895647156594349,-16.46231948132091,ok,
C:\Users\arvis\Downloads\avdeepfake1m_660_videos\AVDeepfake1M_local\videos_subset_600\train\id00017\M6PYYNz3pac\00033\real.mp4,real,E:\CAMC-DF\tmp_frames\real_scene.png,False,E:\CAMC-DF\tmp_frames\real_middle.png,False,22050,130305,1.666973159015852,-18.36086021817148,ok,
C:\Users\arvis\Downloads\avdeepfake1m_660_videos\AVDeepfake1M_local\videos_subset_600\train\id00017\M6PYYNz3pac\00033\real_video_fake_audio.mp4,real_video_fake_audio,E:\CAMC-DF\tmp_frames\real_video_fake_audio_scene.png,False,E:\CAMC-DF\tmp_frames\real_video_fake_audio_middle.png,False,22050,130305,2.2891248838568474,-16.074234666840482,ok,
C:\Users\arvis\Downloads\avdeepfake1m_660_videos\AVDeepfake1M_local\videos_subset_600\train\id00017\MuKhvYeekXU\00034\fake_video_fake_audio.mp4,fake_video_fake_audio,E:\CAMC-DF\tmp_frames\fake_video_fake_audio_scene.png,False,E:\CAMC-DF\tmp_frames\fake_video_fake_audio_middle.png,False,22050,130305,1.8748672564695372,-16.08677939152936,ok,
C:\Users\arvis\Downloads\avdeepfake1m_660_videos\AVDeepfake1M_local\videos_subset_600\train\id00017\MuKhvYeekXU\00034\real_video_fake_audio.mp4,real_video_fake_audio,E:\CAMC-DF\tmp_frames\real_video_fake_audio_scene.png,False,E:\CAMC-DF\tmp_frames\real_video_fake_audio_middle.png,False,22050,130305,1.2584590071184696,-19.39807697944248,ok,
C:\Users\arvis\Downloads\avdeepfake1m_660_videos\AVDeepfake1M_local\videos_subset_600\train\id00017\MuKhvYeekXU\00035\real.mp4,real,E:\CAMC-DF\tmp_frames\real_scene.png,False,E:\CAMC-DF\tmp_frames\real_middle.png,False,22050,130305,1.4528758580984917,-16.11764809242104,ok,
C:\Users\arvis\Downloads\avdeepfake1m_660_videos\AVDeepfake1M_local\videos_subset_600\train\id00017\MuKhvYeekXU\00035\real_video_fake_audio.mp4,real_video_fake_audio,E:\CAMC-DF\tmp_frames\real_video_fake_audio_scene.png,False,E:\CAMC-DF\tmp_frames\real_video_fake_audio_middle.png,False,22050,130305,1.1761765770633785,-16.159603327908503,ok,
C:\Users\arvis\Downloads\avdeepfake1m_660_videos\AVDeepfake1M_local\videos_subset_600\train\id00017\Nd3m-TBtp6A\00038\fake_video_fake_audio.mp4,fake_video_fake_audio,E:\CAMC-DF\tmp_frames\fake_video_fake_audio_scene.png,False,E:\CAMC-DF\tmp_frames\fake_video_fake_audio_middle.png,False,22050,130305,1.9889726245564183,-18.578350705808013,ok,
C:\Users\arvis\Downloads\avdeepfake1m_660_videos\AVDeepfake1M_local\videos_subset_600\train\id00017\Nd3m-TBtp6A\00038\real.mp4,real,E:\CAMC-DF\tmp_frames\real_scene.png,False,E:\CAMC-DF\tmp_frames\real_middle.png,False,22050,130305,21.786623507099055,-12.41586997825789,ok,
C:\Users\arvis\Downloads\avdeepfake1m_660_videos\AVDeepfake1M_local\videos_subset_600\train\id00017\Nd3m-TBtp6A\00038\real_video_fake_audio.mp4,real_video_fake_audio,E:\CAMC-DF\tmp_frames\real_video_fake_audio_scene.png,False,E:\CAMC-DF\tmp_frames\real_video_fake_audio_middle.png,False,22050,130305,1.34811892098531,-11.385231104387712,ok,
C:\Users\arvis\Downloads\avdeepfake1m_660_videos\AVDeepfake1M_local\videos_subset_600\train\id00017\OLguY5ofUrY\00039\fake_video_fake_audio.mp4,fake_video_fake_audio,E:\CAMC-DF\tmp_frames\fake_video_fake_audio_scene.png,False,E:\CAMC-DF\tmp_frames\fake_video_fake_audio_middle.png,False,22050,130305,2.3513450225257704,-18.893609626161528,ok,
C:\Users\arvis\Downloads\avdeepfake1m_660_videos\AVDeepfake1M_local\videos_subset_600\train\id00017\OLguY5ofUrY\00039\real.mp4,real,E:\CAMC-DF\tmp_frames\real_scene.png,False,E:\CAMC-DF\tmp_frames\real_middle.png,False,22050,130305,16.41015324473456,-16.34371713627248,ok,
C:\Users\arvis\Downloads\avdeepfake1m_660_videos\AVDeepfake1M_local\videos_subset_600\train\id00017\OLguY5ofUrY\00039\real_video_fake_audio.mp4,real_video_fake_audio,E:\CAMC-DF\tmp_frames\real_video_fake_audio_scene.png,False,E:\CAMC-DF\tmp_frames\real_video_fake_audio_middle.png,False,22050,130305,11.045441563487168,-17.845088826462902,ok,
C:\Users\arvis\Downloads\avdeepfake1m_660_videos\AVDeepfake1M_local\videos_subset_600\train\id00017\OLguY5ofUrY\00041\fake_video_fake_audio.mp4,fake_video_fake_audio,E:\CAMC-DF\tmp_frames\fake_video_fake_audio_scene.png,False,E:\CAMC-DF\tmp_frames\fake_video_fake_audio_middle.png,False,22050,130305,12.640582899402657,-20.064999810198362,ok,
C:\Users\arvis\Downloads\avdeepfake1m_660_videos\AVDeepfake1M_local\videos_subset_600\train\id00017\OLguY5ofUrY\00041\real.mp4,real,E:\CAMC-DF\tmp_frames\real_scene.png,False,E:\CAMC-DF\tmp_frames\real_middle.png,False,22050,130305,9.899414319462618,-13.647708627951554,ok,
C:\Users\arvis\Downloads\avdeepfake1m_660_videos\AVDeepfake1M_local\videos_subset_600\train\id00017\OLguY5ofUrY\00041\real_video_fake_audio.mp4,real_video_fake_audio,E:\CAMC-DF\tmp_frames\real_video_fake_audio_scene.png,False,E:\CAMC-DF\tmp_frames\real_video_fake_audio_middle.png,False,22050,130305,12.259765445186257,-14.908722045485877,ok,
C:\Users\arvis\Downloads\avdeepfake1m_660_videos\AVDeepfake1M_local\videos_subset_600\train\id00017\OLguY5ofUrY\00043\fake_video_fake_audio.mp4,fake_video_fake_audio,E:\CAMC-DF\tmp_frames\fake_video_fake_audio_scene.png,False,E:\CAMC-DF\tmp_frames\fake_video_fake_audio_middle.png,False,22050,130305,10.000877112247741,-18.238578268659648,ok,
C:\Users\arvis\Downloads\avdeepfake1m_660_videos\AVDeepfake1M_local\videos_subset_600\train\id00017\OLguY5ofUrY\00043\real.mp4,real,E:\CAMC-DF\tmp_frames\real_scene.png,False,E:\CAMC-DF\tmp_frames\real_middle.png,False,22050,130305,15.70280818481362,-17.31075436119015,ok,
C:\Users\arvis\Downloads\avdeepfake1m_660_videos\AVDeepfake1M_local\videos_subset_600\train\id00017\OLguY5ofUrY\00043\real_video_fake_audio.mp4,real_video_fake_audio,E:\CAMC-DF\tmp_frames\real_video_fake_audio_scene.png,False,E:\CAMC-DF\tmp_frames\real_video_fake_audio_middle.png,False,22050,130305,12.973090272092207,-15.407518524307871,ok,
C:\Users\arvis\Downloads\avdeepfake1m_660_videos\AVDeepfake1M_local\videos_subset_600\train\id00017\OLguY5ofUrY\00044\fake_video_fake_audio.mp4,fake_video_fake_audio,E:\CAMC-DF\tmp_frames\fake_video_fake_audio_scene.png,False,E:\CAMC-DF\tmp_frames\fake_video_fake_audio_middle.png,False,22050,130305,20.847952060954842,-15.021373146235334,ok,
C:\Users\arvis\Downloads\avdeepfake1m_660_videos\AVDeepfake1M_local\videos_subset_600\train\id00017\OLguY5ofUrY\00044\real_video_fake_audio.mp4,real_video_fake_audio,E:\CAMC-DF\tmp_frames\real_video_fake_audio_scene.png,False,E:\CAMC-DF\tmp_frames\real_video_fake_audio_middle.png,False,22050,130305,10.772610838926386,-23.027381402417557,ok,
C:\Users\arvis\Downloads\avdeepfake1m_660_videos\AVDeepfake1M_local\videos_subset_600\train\id00017\OLguY5ofUrY\00046\fake_video_fake_audio.mp4,fake_video_fake_audio,E:\CAMC-DF\tmp_frames\fake_video_fake_audio_scene.png,False,E:\CAMC-DF\tmp_frames\fake_video_fake_audio_middle.png,False,22050,130305,4.783634545061705,-17.92669960634197,ok,
C:\Users\arvis\Downloads\avdeepfake1m_660_videos\AVDeepfake1M_local\videos_subset_600\train\id00017\OLguY5ofUrY\00046\real.mp4,real,E:\CAMC-DF\tmp_frames\real_scene.png,False,E:\CAMC-DF\tmp_frames\real_middle.png,False,22050,130305,18.397461623106796,-15.27831549700563,ok,
C:\Users\arvis\Downloads\avdeepfake1m_660_videos\AVDeepfake1M_local\videos_subset_600\train\id00017\OLguY5ofUrY\00046\real_video_fake_audio.mp4,real_video_fake_audio,E:\CAMC-DF\tmp_frames\real_video_fake_audio_scene.png,False,E:\CAMC-DF\tmp_frames\real_video_fake_audio_middle.png,False,22050,130305,18.36597202020621,-18.319244055388545,ok,
C:\Users\arvis\Downloads\avdeepfake1m_660_videos\AVDeepfake1M_local\videos_subset_600\train\id00017\OLguY5ofUrY\00047\fake_video_fake_audio.mp4,fake_video_fake_audio,E:\CAMC-DF\tmp_frames\fake_video_fake_audio_scene.png,False,E:\CAMC-DF\tmp_frames\fake_video_fake_audio_middle.png,False,22050,130305,12.826525223413533,-14.489517036205754,ok,
C:\Users\arvis\Downloads\avdeepfake1m_660_videos\AVDeepfake1M_local\videos_subset_600\train\id00017\OLguY5ofUrY\00047\real.mp4,real,E:\CAMC-DF\tmp_frames\real_scene.png,False,E:\CAMC-DF\tmp_frames\real_middle.png,False,22050,130305,15.09978521993042,-17.283016535405178,ok,
C:\Users\arvis\Downloads\avdeepfake1m_660_videos\AVDeepfake1M_local\videos_subset_600\train\id00017\OLguY5ofUrY\00047\real_video_fake_audio.mp4,real_video_fake_audio,E:\CAMC-DF\tmp_frames\real_video_fake_audio_scene.png,False,E:\CAMC-DF\tmp_frames\real_video_fake_audio_middle.png,False,22050,130305,13.231981841922323,-14.67380095391226,ok,
C:\Users\arvis\Downloads\avdeepfake1m_660_videos\AVDeepfake1M_local\videos_subset_600\train\id00017\OLguY5ofUrY\00049\real.mp4,real,E:\CAMC-DF\tmp_frames\real_scene.png,False,E:\CAMC-DF\tmp_frames\real_middle.png,False,22050,130305,14.608261004947023,-14.731338982045578,ok,
C:\Users\arvis\Downloads\avdeepfake1m_660_videos\AVDeepfake1M_local\videos_subset_600\train\id00017\OLguY5ofUrY\00049\real_video_fake_audio.mp4,real_video_fake_audio,E:\CAMC-DF\tmp_frames\real_video_fake_audio_scene.png,False,E:\CAMC-DF\tmp_frames\real_video_fake_audio_middle.png,False,22050,130305,17.94379476414405,-14.122579832655129,ok,
C:\Users\arvis\Downloads\avdeepfake1m_660_videos\AVDeepfake1M_local\videos_subset_600\train\id00017\OLguY5ofUrY\00051\fake_video_fake_audio.mp4,fake_video_fake_audio,E:\CAMC-DF\tmp_frames\fake_video_fake_audio_scene.png,False,E:\CAMC-DF\tmp_frames\fake_video_fake_audio_middle.png,False,22050,130305,13.682750046369762,-17.566541037373327,ok,
C:\Users\arvis\Downloads\avdeepfake1m_660_videos\AVDeepfake1M_local\videos_subset_600\train\id00017\OLguY5ofUrY\00051\real.mp4,real,E:\CAMC-DF\tmp_frames\real_scene.png,False,E:\CAMC-DF\tmp_frames\real_middle.png,False,22050,130305,14.313570168665647,-18.205029985920234,ok,
C:\Users\arvis\Downloads\avdeepfake1m_660_videos\AVDeepfake1M_local\videos_subset_600\train\id00017\OLguY5ofUrY\00051\real_video_fake_audio.mp4,real_video_fake_audio,E:\CAMC-DF\tmp_frames\real_video_fake_audio_scene.png,False,E:\CAMC-DF\tmp_frames\real_video_fake_audio_middle.png,False,22050,130305,13.125967536584895,-14.645892526910522,ok,
C:\Users\arvis\Downloads\avdeepfake1m_660_videos\AVDeepfake1M_local\videos_subset_600\train\id00017\SFR_KWObD3o\00054\fake_video_fake_audio.mp4,fake_video_fake_audio,E:\CAMC-DF\tmp_frames\fake_video_fake_audio_scene.png,False,E:\CAMC-DF\tmp_frames\fake_video_fake_audio_middle.png,False,22050,130305,2.211039220520356,-17.6390400498399,ok,
C:\Users\arvis\Downloads\avdeepfake1m_660_videos\AVDeepfake1M_local\videos_subset_600\train\id00017\SFR_KWObD3o\00054\real.mp4,real,E:\CAMC-DF\tmp_frames\real_scene.png,False,E:\CAMC-DF\tmp_frames\real_middle.png,False,22050,130305,2.379305907014337,-17.090995932288997,ok,
C:\Users\arvis\Downloads\avdeepfake1m_660_videos\AVDeepfake1M_local\videos_subset_600\train\id00017\SFR_KWObD3o\00054\real_video_fake_audio.mp4,real_video_fake_audio,E:\CAMC-DF\tmp_frames\real_video_fake_audio_scene.png,False,E:\CAMC-DF\tmp_frames\real_video_fake_audio_middle.png,False,22050,130305,4.936949488700298,-17.547450215982344,ok,
C:\Users\arvis\Downloads\avdeepfake1m_660_videos\AVDeepfake1M_local\videos_subset_600\train\id00017\tIpW24N_Ysk\00194\fake_video_fake_audio.mp4,fake_video_fake_audio,E:\CAMC-DF\tmp_frames\fake_video_fake_audio_scene.png,False,E:\CAMC-DF\tmp_frames\fake_video_fake_audio_middle.png,False,22050,130305,2.038002325373263,-16.80783366747868,ok,
C:\Users\arvis\Downloads\avdeepfake1m_660_videos\AVDeepfake1M_local\videos_subset_600\train\id00017\tIpW24N_Ysk\00194\real.mp4,real,E:\CAMC-DF\tmp_frames\real_scene.png,False,E:\CAMC-DF\tmp_frames\real_middle.png,False,22050,130305,1.5616084955867489,-20.49727711369939,ok,
C:\Users\arvis\Downloads\avdeepfake1m_660_videos\AVDeepfake1M_local\videos_subset_600\train\id00017\tIpW24N_Ysk\00194\real_video_fake_audio.mp4,real_video_fake_audio,E:\CAMC-DF\tmp_frames\real_video_fake_audio_scene.png,False,E:\CAMC-DF\tmp_frames\real_video_fake_audio_middle.png,False,22050,130305,2.9067853253658815,-19.141487732606073,ok,
C:\Users\arvis\Downloads\avdeepfake1m_660_videos\AVDeepfake1M_local\videos_subset_600\train\id00017\tIpW24N_Ysk\00195\fake_video_fake_audio.mp4,fake_video_fake_audio,E:\CAMC-DF\tmp_frames\fake_video_fake_audio_scene.png,False,E:\CAMC-DF\tmp_frames\fake_video_fake_audio_middle.png,False,22050,130305,2.056200256088547,-17.564547444768696,ok,
C:\Users\arvis\Downloads\avdeepfake1m_660_videos\AVDeepfake1M_local\videos_subset_600\train\id00017\tIpW24N_Ysk\00195\real.mp4,real,E:\CAMC-DF\tmp_frames\real_scene.png,False,E:\CAMC-DF\tmp_frames\real_middle.png,False,22050,130305,2.008000509001391,-17.82300320249948,ok,
C:\Users\arvis\Downloads\avdeepfake1m_660_videos\AVDeepfake1M_local\videos_subset_600\train\id00017\tIpW24N_Ysk\00195\real_video_fake_audio.mp4,real_video_fake_audio,E:\CAMC-DF\tmp_frames\real_video_fake_audio_scene.png,False,E:\CAMC-DF\tmp_frames\real_video_fake_audio_middle.png,False,22050,130305,25.170253535796164,-18.503328628731918,ok,
C:\Users\arvis\Downloads\avdeepfake1m_660_videos\AVDeepfake1M_local\videos_subset_600\train\id00017\tIpW24N_Ysk\00197\fake_video_fake_audio.mp4,fake_video_fake_audio,E:\CAMC-DF\tmp_frames\fake_video_fake_audio_scene.png,False,E:\CAMC-DF\tmp_frames\fake_video_fake_audio_middle.png,False,22050,130305,2.046741270405296,-20.455064993346184,ok,
C:\Users\arvis\Downloads\avdeepfake1m_660_videos\AVDeepfake1M_local\videos_subset_600\train\id00017\tIpW24N_Ysk\00197\real.mp4,real,E:\CAMC-DF\tmp_frames\real_scene.png,False,E:\CAMC-DF\tmp_frames\real_middle.png,False,22050,130305,1.5546846344882106,-17.85492144821149,ok,
C:\Users\arvis\Downloads\avdeepfake1m_660_videos\AVDeepfake1M_local\videos_subset_600\train\id00017\tIpW24N_Ysk\00197\real_video_fake_audio.mp4,real_video_fake_audio,E:\CAMC-DF\tmp_frames\real_video_fake_audio_scene.png,False,E:\CAMC-DF\tmp_frames\real_video_fake_audio_middle.png,False,22050,130305,2.0941136628540593,-18.81074516973109,ok,
C:\Users\arvis\Downloads\avdeepfake1m_660_videos\AVDeepfake1M_local\videos_subset_600\train\id00017\U7PMtQkYWo8\00060\fake_video_fake_audio.mp4,fake_video_fake_audio,E:\CAMC-DF\tmp_frames\fake_video_fake_audio_scene.png,False,E:\CAMC-DF\tmp_frames\fake_video_fake_audio_middle.png,False,22050,130305,3.1316983675746446,-12.397146694559629,ok,
C:\Users\arvis\Downloads\avdeepfake1m_660_videos\AVDeepfake1M_local\videos_subset_600\train\id00017\U7PMtQkYWo8\00060\real.mp4,real,E:\CAMC-DF\tmp_frames\real_scene.png,False,E:\CAMC-DF\tmp_frames\real_middle.png,False,22050,130305,2.0683292270574136,-13.404003683519232,ok,
C:\Users\arvis\Downloads\avdeepfake1m_660_videos\AVDeepfake1M_local\videos_subset_600\train\id00017\U7PMtQkYWo8\00060\real_video_fake_audio.mp4,real_video_fake_audio,E:\CAMC-DF\tmp_frames\real_video_fake_audio_scene.png,False,E:\CAMC-DF\tmp_frames\real_video_fake_audio_middle.png,False,22050,130305,2.0534939212322865,-16.65415867425122,ok,
C:\Users\arvis\Downloads\avdeepfake1m_660_videos\AVDeepfake1M_local\videos_subset_600\train\id00017\U7PMtQkYWo8\00064\fake_video_fake_audio.mp4,fake_video_fake_audio,E:\CAMC-DF\tmp_frames\fake_video_fake_audio_scene.png,False,E:\CAMC-DF\tmp_frames\fake_video_fake_audio_middle.png,False,22050,130305,2.1842093041347317,-14.064138661929142,ok,
C:\Users\arvis\Downloads\avdeepfake1m_660_videos\AVDeepfake1M_local\videos_subset_600\train\id00017\U7PMtQkYWo8\00064\real.mp4,real,E:\CAMC-DF\tmp_frames\real_scene.png,False,E:\CAMC-DF\tmp_frames\real_middle.png,False,22050,130305,1.803034029285434,-13.209494440153799,ok,
C:\Users\arvis\Downloads\avdeepfake1m_660_videos\AVDeepfake1M_local\videos_subset_600\train\id00017\U7PMtQkYWo8\00064\real_video_fake_audio.mp4,real_video_fake_audio,E:\CAMC-DF\tmp_frames\real_video_fake_audio_scene.png,False,E:\CAMC-DF\tmp_frames\real_video_fake_audio_middle.png,False,22050,130305,2.106280305716826,-15.572194253581749,ok,
C:\Users\arvis\Downloads\avdeepfake1m_660_videos\AVDeepfake1M_local\videos_subset_600\train\id00017\U7PMtQkYWo8\00065\fake_video_fake_audio.mp4,fake_video_fake_audio,E:\CAMC-DF\tmp_frames\fake_video_fake_audio_scene.png,False,E:\CAMC-DF\tmp_frames\fake_video_fake_audio_middle.png,False,22050,130305,1.858775043415305,-11.386197433587233,ok,
C:\Users\arvis\Downloads\avdeepfake1m_660_videos\AVDeepfake1M_local\videos_subset_600\train\id00017\U7PMtQkYWo8\00065\real_video_fake_audio.mp4,real_video_fake_audio,E:\CAMC-DF\tmp_frames\real_video_fake_audio_scene.png,False,E:\CAMC-DF\tmp_frames\real_video_fake_audio_middle.png,False,22050,130305,1.9612536778774496,-13.525316354976608,ok,
C:\Users\arvis\Downloads\avdeepfake1m_660_videos\AVDeepfake1M_local\videos_subset_600\train\id00017\U7PMtQkYWo8\00066\fake_video_fake_audio.mp4,fake_video_fake_audio,E:\CAMC-DF\tmp_frames\fake_video_fake_audio_scene.png,False,E:\CAMC-DF\tmp_frames\fake_video_fake_audio_middle.png,False,22050,130305,2.259647963037739,-11.027051761434912,ok,
C:\Users\arvis\Downloads\avdeepfake1m_660_videos\AVDeepfake1M_local\videos_subset_600\train\id00017\U7PMtQkYWo8\00066\real.mp4,real,E:\CAMC-DF\tmp_frames\real_scene.png,False,E:\CAMC-DF\tmp_frames\real_middle.png,False,22050,130305,2.1833700470806208,-11.569030466771304,ok,
C:\Users\arvis\Downloads\avdeepfake1m_660_videos\AVDeepfake1M_local\videos_subset_600\train\id00017\U7PMtQkYWo8\00066\real_video_fake_audio.mp4,real_video_fake_audio,E:\CAMC-DF\tmp_frames\real_video_fake_audio_scene.png,False,E:\CAMC-DF\tmp_frames\real_video_fake_audio_middle.png,False,22050,130305,1.3705294877943357,-19.24346051665932,ok,
C:\Users\arvis\Downloads\avdeepfake1m_660_videos\AVDeepfake1M_local\videos_subset_600\train\id00017\U7PMtQkYWo8\00068\fake_video_fake_audio.mp4,fake_video_fake_audio,E:\CAMC-DF\tmp_frames\fake_video_fake_audio_scene.png,False,E:\CAMC-DF\tmp_frames\fake_video_fake_audio_middle.png,False,22050,130305,1.5429672436372295,-20.62276934499559,ok,
C:\Users\arvis\Downloads\avdeepfake1m_660_videos\AVDeepfake1M_local\videos_subset_600\train\id00017\U7PMtQkYWo8\00068\real.mp4,real,E:\CAMC-DF\tmp_frames\real_scene.png,False,E:\CAMC-DF\tmp_frames\real_middle.png,False,22050,130305,1.3513462593564698,-10.635219697552758,ok,
C:\Users\arvis\Downloads\avdeepfake1m_660_videos\AVDeepfake1M_local\videos_subset_600\train\id00017\U7PMtQkYWo8\00068\real_video_fake_audio.mp4,real_video_fake_audio,E:\CAMC-DF\tmp_frames\real_video_fake_audio_scene.png,False,E:\CAMC-DF\tmp_frames\real_video_fake_audio_middle.png,False,22050,130305,1.3331904532357453,-12.519271417287129,ok,
C:\Users\arvis\Downloads\avdeepfake1m_660_videos\AVDeepfake1M_local\videos_subset_600\train\id00017\UGu7qDKCDd8\00070\fake_video_fake_audio.mp4,fake_video_fake_audio,E:\CAMC-DF\tmp_frames\fake_video_fake_audio_scene.png,False,E:\CAMC-DF\tmp_frames\fake_video_fake_audio_middle.png,False,22050,130305,2.189125384898342,-11.390764858203287,ok,
C:\Users\arvis\Downloads\avdeepfake1m_660_videos\AVDeepfake1M_local\videos_subset_600\train\id00017\UGu7qDKCDd8\00070\real_video_fake_audio.mp4,real_video_fake_audio,E:\CAMC-DF\tmp_frames\real_video_fake_audio_scene.png,False,E:\CAMC-DF\tmp_frames\real_video_fake_audio_middle.png,False,22050,130305,1.8887921511616335,-13.970667220786003,ok,
C:\Users\arvis\Downloads\avdeepfake1m_660_videos\AVDeepfake1M_local\videos_subset_600\train\id00017\UGu7qDKCDd8\00071\fake_video_fake_audio.mp4,fake_video_fake_audio,E:\CAMC-DF\tmp_frames\fake_video_fake_audio_scene.png,False,E:\CAMC-DF\tmp_frames\fake_video_fake_audio_middle.png,False,22050,130305,1.2385770587666776,-10.292126019907833,ok,
C:\Users\arvis\Downloads\avdeepfake1m_660_videos\AVDeepfake1M_local\videos_subset_600\train\id00017\UGu7qDKCDd8\00071\real.mp4,real,E:\CAMC-DF\tmp_frames\real_scene.png,False,E:\CAMC-DF\tmp_frames\real_middle.png,False,22050,130305,1.0096471496647823,-11.963557852636653,ok,
C:\Users\arvis\Downloads\avdeepfake1m_660_videos\AVDeepfake1M_local\videos_subset_600\train\id00017\UGu7qDKCDd8\00071\real_video_fake_audio.mp4,real_video_fake_audio,E:\CAMC-DF\tmp_frames\real_video_fake_audio_scene.png,False,E:\CAMC-DF\tmp_frames\real_video_fake_audio_middle.png,False,22050,130305,1.2161621080924856,-10.276221224059434,ok,
C:\Users\arvis\Downloads\avdeepfake1m_660_videos\AVDeepfake1M_local\videos_subset_600\train\id00017\UGu7qDKCDd8\00073\fake_video_fake_audio.mp4,fake_video_fake_audio,E:\CAMC-DF\tmp_frames\fake_video_fake_audio_scene.png,False,E:\CAMC-DF\tmp_frames\fake_video_fake_audio_middle.png,False,22050,130305,1.7404656262617006,-13.25927748663375,ok,
C:\Users\arvis\Downloads\avdeepfake1m_660_videos\AVDeepfake1M_local\videos_subset_600\train\id00017\UGu7qDKCDd8\00073\real.mp4,real,E:\CAMC-DF\tmp_frames\real_scene.png,False,E:\CAMC-DF\tmp_frames\real_middle.png,False,22050,130305,0.9394959501499112,-12.930682014050689,ok,
C:\Users\arvis\Downloads\avdeepfake1m_660_videos\AVDeepfake1M_local\videos_subset_600\train\id00017\UGu7qDKCDd8\00073\real_video_fake_audio.mp4,real_video_fake_audio,E:\CAMC-DF\tmp_frames\real_video_fake_audio_scene.png,False,E:\CAMC-DF\tmp_frames\real_video_fake_audio_middle.png,False,22050,130305,1.8038798845711854,-13.170595898154133,ok,
C:\Users\arvis\Downloads\avdeepfake1m_660_videos\AVDeepfake1M_local\videos_subset_600\train\id00017\wrB-yyERH2s\00199\fake_video_fake_audio.mp4,fake_video_fake_audio,E:\CAMC-DF\tmp_frames\fake_video_fake_audio_scene.png,True,E:\CAMC-DF\tmp_frames\fake_video_fake_audio_scene.png,True,22050,130305,2.6390134683565605,-21.595106934999606,ok,
C:\Users\arvis\Downloads\avdeepfake1m_660_videos\AVDeepfake1M_local\videos_subset_600\train\id00017\wrB-yyERH2s\00199\real.mp4,real,E:\CAMC-DF\tmp_frames\real_scene.png,True,E:\CAMC-DF\tmp_frames\real_scene.png,True,22050,130305,2.7177532098279573,-18.533806055905554,ok,
C:\Users\arvis\Downloads\avdeepfake1m_660_videos\AVDeepfake1M_local\videos_subset_600\train\id00017\wrB-yyERH2s\00199\real_video_fake_audio.mp4,real_video_fake_audio,E:\CAMC-DF\tmp_frames\real_video_fake_audio_scene.png,True,E:\CAMC-DF\tmp_frames\real_video_fake_audio_scene.png,True,22050,130305,2.4656902300453822,-19.2708244010649,ok,
C:\Users\arvis\Downloads\avdeepfake1m_660_videos\AVDeepfake1M_local\videos_subset_600\train\id00017\wrB-yyERH2s\00200\fake_video_fake_audio.mp4,fake_video_fake_audio,E:\CAMC-DF\tmp_frames\fake_video_fake_audio_scene.png,True,E:\CAMC-DF\tmp_frames\fake_video_fake_audio_scene.png,True,22050,130305,3.157066446492535,-13.066475886669519,ok,
C:\Users\arvis\Downloads\avdeepfake1m_660_videos\AVDeepfake1M_local\videos_subset_600\train\id00017\wrB-yyERH2s\00200\real_video_fake_audio.mp4,real_video_fake_audio,E:\CAMC-DF\tmp_frames\real_video_fake_audio_scene.png,True,E:\CAMC-DF\tmp_frames\real_video_fake_audio_scene.png,True,22050,130305,2.653415183465245,-19.417490591540552,ok,
C:\Users\arvis\Downloads\avdeepfake1m_660_videos\AVDeepfake1M_local\videos_subset_600\train\id00017\wrB-yyERH2s\00201\fake_video_fake_audio.mp4,fake_video_fake_audio,E:\CAMC-DF\tmp_frames\fake_video_fake_audio_scene.png,True,E:\CAMC-DF\tmp_frames\fake_video_fake_audio_scene.png,True,22050,130305,2.0570318159900918,-18.038680933792254,ok,
C:\Users\arvis\Downloads\avdeepfake1m_660_videos\AVDeepfake1M_local\videos_subset_600\train\id00017\wrB-yyERH2s\00201\real.mp4,real,E:\CAMC-DF\tmp_frames\real_scene.png,True,E:\CAMC-DF\tmp_frames\real_scene.png,True,22050,130305,1.9241109774325267,-16.38160007640224,ok,
C:\Users\arvis\Downloads\avdeepfake1m_660_videos\AVDeepfake1M_local\videos_subset_600\train\id00017\wrB-yyERH2s\00201\real_video_fake_audio.mp4,real_video_fake_audio,E:\CAMC-DF\tmp_frames\real_video_fake_audio_scene.png,True,E:\CAMC-DF\tmp_frames\real_video_fake_audio_scene.png,True,22050,130305,1.7454485360771688,-18.35589445552776,ok,
C:\Users\arvis\Downloads\avdeepfake1m_660_videos\AVDeepfake1M_local\videos_subset_600\train\id00017\wrB-yyERH2s\00202\fake_video_fake_audio.mp4,fake_video_fake_audio,E:\CAMC-DF\tmp_frames\fake_video_fake_audio_scene.png,True,E:\CAMC-DF\tmp_frames\fake_video_fake_audio_scene.png,True,22050,130305,2.167726680058717,-20.637087909483824,ok,
C:\Users\arvis\Downloads\avdeepfake1m_660_videos\AVDeepfake1M_local\videos_subset_600\train\id00017\wrB-yyERH2s\00202\real.mp4,real,E:\CAMC-DF\tmp_frames\real_scene.png,True,E:\CAMC-DF\tmp_frames\real_scene.png,True,22050,130305,2.9242262406806434,-13.032423560893891,ok,
C:\Users\arvis\Downloads\avdeepfake1m_660_videos\AVDeepfake1M_local\videos_subset_600\train\id00017\wrB-yyERH2s\00202\real_video_fake_audio.mp4,real_video_fake_audio,E:\CAMC-DF\tmp_frames\real_video_fake_audio_scene.png,True,E:\CAMC-DF\tmp_frames\real_video_fake_audio_scene.png,True,22050,130305,2.095939403201105,-17.5772729232007,ok,
C:\Users\arvis\Downloads\avdeepfake1m_660_videos\AVDeepfake1M_local\videos_subset_600\train\id00017\wrB-yyERH2s\00203\fake_video_fake_audio.mp4,fake_video_fake_audio,E:\CAMC-DF\tmp_frames\fake_video_fake_audio_scene.png,True,E:\CAMC-DF\tmp_frames\fake_video_fake_audio_scene.png,True,22050,130305,3.058442452443759,-17.01511478074154,ok,
C:\Users\arvis\Downloads\avdeepfake1m_660_videos\AVDeepfake1M_local\videos_subset_600\train\id00017\wrB-yyERH2s\00203\real.mp4,real,E:\CAMC-DF\tmp_frames\real_scene.png,True,E:\CAMC-DF\tmp_frames\real_scene.png,True,22050,130305,2.4792578451612783,-19.564196321417555,ok,
C:\Users\arvis\Downloads\avdeepfake1m_660_videos\AVDeepfake1M_local\videos_subset_600\train\id00017\wrB-yyERH2s\00203\real_video_fake_audio.mp4,real_video_fake_audio,E:\CAMC-DF\tmp_frames\real_video_fake_audio_scene.png,True,E:\CAMC-DF\tmp_frames\real_video_fake_audio_scene.png,True,22050,130305,2.264411712094084,-20.617208193906748,ok,
C:\Users\arvis\Downloads\avdeepfake1m_660_videos\AVDeepfake1M_local\videos_subset_600\train\id00017\X9M79aB1RS4\00092\fake_video_fake_audio.mp4,fake_video_fake_audio,E:\CAMC-DF\tmp_frames\fake_video_fake_audio_scene.png,False,E:\CAMC-DF\tmp_frames\fake_video_fake_audio_middle.png,False,22050,130305,10.422905892640605,-13.716715206183869,ok,
C:\Users\arvis\Downloads\avdeepfake1m_660_videos\AVDeepfake1M_local\videos_subset_600\train\id00017\X9M79aB1RS4\00092\real.mp4,real,E:\CAMC-DF\tmp_frames\real_scene.png,False,E:\CAMC-DF\tmp_frames\real_middle.png,False,22050,130305,5.84702951685899,-13.95184643169711,ok,
C:\Users\arvis\Downloads\avdeepfake1m_660_videos\AVDeepfake1M_local\videos_subset_600\train\id00017\X9M79aB1RS4\00092\real_video_fake_audio.mp4,real_video_fake_audio,E:\CAMC-DF\tmp_frames\real_video_fake_audio_scene.png,False,E:\CAMC-DF\tmp_frames\real_video_fake_audio_middle.png,False,22050,130305,6.201494361677336,-13.577465689306468,ok,
C:\Users\arvis\Downloads\avdeepfake1m_660_videos\AVDeepfake1M_local\videos_subset_600\train\id00017\X9M79aB1RS4\00093\real.mp4,real,E:\CAMC-DF\tmp_frames\real_scene.png,False,E:\CAMC-DF\tmp_frames\real_middle.png,False,22050,130305,1.3737024199144905,-17.685478753755678,ok,
C:\Users\arvis\Downloads\avdeepfake1m_660_videos\AVDeepfake1M_local\videos_subset_600\train\id00017\X9M79aB1RS4\00093\real_video_fake_audio.mp4,real_video_fake_audio,E:\CAMC-DF\tmp_frames\real_video_fake_audio_scene.png,False,E:\CAMC-DF\tmp_frames\real_video_fake_audio_middle.png,False,22050,130305,19.944580590900443,-16.80269994640674,ok,
C:\Users\arvis\Downloads\avdeepfake1m_660_videos\AVDeepfake1M_local\videos_subset_600\train\id00018\5BVBfpfzjIk\00009\fake_video_fake_audio.mp4,fake_video_fake_audio,E:\CAMC-DF\tmp_frames\fake_video_fake_audio_scene.png,False,E:\CAMC-DF\tmp_frames\fake_video_fake_audio_middle.png,False,22050,130305,2.4525828669086986,-11.808540611391,ok,
C:\Users\arvis\Downloads\avdeepfake1m_660_videos\AVDeepfake1M_local\videos_subset_600\train\id00018\5BVBfpfzjIk\00009\real.mp4,real,E:\CAMC-DF\tmp_frames\real_scene.png,False,E:\CAMC-DF\tmp_frames\real_middle.png,False,22050,130305,20.82702738956341,-12.578375505258636,ok,
C:\Users\arvis\Downloads\avdeepfake1m_660_videos\AVDeepfake1M_local\videos_subset_600\train\id00018\5BVBfpfzjIk\00013\fake_video_fake_audio.mp4,fake_video_fake_audio,E:\CAMC-DF\tmp_frames\fake_video_fake_audio_scene.png,False,E:\CAMC-DF\tmp_frames\fake_video_fake_audio_middle.png,False,22050,130305,1.9987661408624413,-17.725923389924358,ok,
C:\Users\arvis\Downloads\avdeepfake1m_660_videos\AVDeepfake1M_local\videos_subset_600\train\id00018\tZStiZYpjhI\00190\real.mp4,real,E:\CAMC-DF\tmp_frames\real_scene.png,False,E:\CAMC-DF\tmp_frames\real_middle.png,False,22050,130305,1.837667196323628,-20.39482353356529,ok,
C:\Users\arvis\Downloads\avdeepfake1m_660_videos\AVDeepfake1M_local\videos_subset_600\train\id00018\tZStiZYpjhI\00192\real.mp4,real,E:\CAMC-DF\tmp_frames\real_scene.png,False,E:\CAMC-DF\tmp_frames\real_middle.png,False,22050,130305,16.762837252705307,-18.710559546114215,ok,
