key,clip_type,rt60_video,drr_video,drr_audio,rt60_audio,delta_rt60,delta_drr,discrepancy_raw,discrepancy_norm,label
train/id00012/21Uxsk56VDQ/00001/fake_video_fake_audio.mp4,fake_video_fake_audio,4.674274512607002,-18.33523244807013,-5.874131658230837,1.37,3.3042745126070017,12.461100789839293,12.891751740907738,3.5940720277988665,both_fake
train/id00012/21Uxsk56VDQ/00001/real.mp4,real,2.6175384304678007,-19.21147581403781,-5.816251650794449,1.511,1.1065384304678008,13.395224163243363,13.440850333280295,3.8110839273791837,real
train/id00012/21Uxsk56VDQ/00001/real_video_fake_audio.mp4,real_video_fake_audio,3.5788259124022987,-17.925739472968807,-5.874131658230837,1.37,2.2088259124022986,12.05160781473797,12.252353358908367,3.4487699317646077,audio_fake
train/id00012/21Uxsk56VDQ/00002/fake_video_fake_audio.mp4,fake_video_fake_audio,2.6527612802550977,-20.300998139271567,-6.029720379380659,1.318,1.3347612802550977,14.271277759890907,14.333560498886,4.062033524933328,both_fake
train/id00012/21Uxsk56VDQ/00002/real_video_fake_audio.mp4,real_video_fake_audio,2.257073967171153,-15.794207517089689,-6.029720379380659,1.318,0.939073967171153,9.764487137709029,9.809539692478115,2.7795696110831627,audio_fake
train/id00012/21Uxsk56VDQ/00003/fake_video_fake_audio.mp4,fake_video_fake_audio,5.175544811672779,-17.60062168764646,-6.163152645482862,1.475,3.700544811672779,11.437469042163597,12.021219987740388,3.322805967642766,both_fake
train/id00012/21Uxsk56VDQ/00003/real.mp4,real,5.165720510691883,-18.87486676262981,-6.312278873977103,1.484,3.681720510691883,12.562587888652708,13.090977059752758,3.6353009846013267,real
train/id00012/21Uxsk56VDQ/00003/real_video_fake_audio.mp4,real_video_fake_audio,10.84804797696271,-14.027459478239512,-6.163152645482862,1.475,9.37304797696271,7.86430683275665,12.23525031775761,2.844884693642041,audio_fake
train/id00012/21Uxsk56VDQ/00004/fake_video_fake_audio.mp4,fake_video_fake_audio,2.787321590585269,-11.073930316816725,-6.367712662560345,2.412,0.37532159058526915,4.706217654256379,4.721159911038163,1.3388335889212457,both_fake
train/id00012/21Uxsk56VDQ/00004/real.mp4,real,2.492219502267103,-14.626834051142229,-6.449600359812001,1.903,0.589219502267103,8.177233691330228,8.19843463500674,2.3256819301287677,real
train/id00012/21Uxsk56VDQ/00004/real_video_fake_audio.mp4,real_video_fake_audio,3.372003630320408,-12.425273120000815,-6.367712662560345,2.412,0.9600036303204083,6.05756045744047,6.133159517391893,1.7303023359120224,audio_fake
train/id00012/21Uxsk56VDQ/00006/fake_video_fake_audio.mp4,fake_video_fake_audio,2.6309647192328245,-21.523984654952997,-3.615274335027915,1.787,0.8439647192328246,17.90871031992508,17.9285856042885,5.090101114452141,both_fake
train/id00012/21Uxsk56VDQ/00006/real.mp4,real,12.400124336172697,-16.76773303306691,-3.2285401706562333,1.729,10.671124336172696,13.539192862410678,17.238985990005602,4.337593239119455,real
train/id00012/21Uxsk56VDQ/00006/real_video_fake_audio.mp4,real_video_fake_audio,2.799934068916804,-20.015071941769182,-3.615274335027915,1.787,1.0129340689168043,16.399797606741267,16.431049782958144,4.662854069470361,audio_fake
train/id00012/21Uxsk56VDQ/00007/fake_video_fake_audio.mp4,fake_video_fake_audio,17.2669227252908,-8.451123761441199,-6.426682229055578,1.465,15.801922725290801,2.0244415323856213,15.931074205279119,3.024436599373418,both_fake
train/id00012/21Uxsk56VDQ/00007/real.mp4,real,2.411585904623656,-15.976634719883313,-6.5657628761041495,1.43,0.9815859046236561,9.410871843779162,9.461924738032492,2.679860302288224,real
train/id00012/21Uxsk56VDQ/00007/real_video_fake_audio.mp4,real_video_fake_audio,2.470967643618498,-17.702759813658652,-6.426682229055578,1.465,1.0059676436184979,11.276077584603074,11.320861124225278,3.208958185502706,audio_fake
train/id00012/21Uxsk56VDQ/00009/real.mp4,real,4.530986889201438,-16.83240987077808,-5.705794922118502,1.624,2.906986889201438,11.126614948659578,11.500092738309714,3.207775612267891,real
train/id00012/21Uxsk56VDQ/00009/real_video_fake_audio.mp4,real_video_fake_audio,16.478149807940845,-17.578828430652955,-5.951455471772931,1.693,14.785149807940845,11.627372958880024,18.809477844112198,4.31617872003074,audio_fake
train/id00012/21Uxsk56VDQ/00010/fake_video_fake_audio.mp4,fake_video_fake_audio,2.303197325441332,-17.991348732101564,-6.477041662229829,1.301,1.002197325441332,11.514307069871734,11.55784005679348,3.2764801739637295,both_fake
train/id00012/21Uxsk56VDQ/00010/real.mp4,real,4.715341887093508,-15.468219804947198,-6.243038712823497,1.258,3.4573418870935084,9.225181092123702,9.851760203472674,2.700072636307266,real
train/id00012/21Uxsk56VDQ/00010/real_video_fake_audio.mp4,real_video_fake_audio,2.673486988630476,-17.738738727095658,-6.477041662229829,1.301,1.3724869886304762,11.261697064865828,11.345022755145429,3.209678401817152,audio_fake
train/id00012/21Uxsk56VDQ/00012/fake_video_fake_audio.mp4,fake_video_fake_audio,12.576746416369575,-12.52837326016927,-4.640924688562954,1.314,11.262746416369575,7.887448571606315,13.749956429355702,3.082148918402405,both_fake
train/id00012/21Uxsk56VDQ/00012/real.mp4,real,2.3807309578293285,-16.65660855137938,-4.189983220740436,1.571,0.8097309578293286,12.466625330638944,12.49289443478155,3.5448718494426013,real
train/id00012/21Uxsk56VDQ/00012/real_video_fake_audio.mp4,real_video_fake_audio,14.100188427323973,-17.206485625927893,-4.640924688562954,1.314,12.786188427323973,12.565560937364939,17.927072716137044,4.302933769907116,audio_fake
train/id00012/21Uxsk56VDQ/00014/fake_video_fake_audio.mp4,fake_video_fake_audio,2.853821496752203,-15.611985843913176,-8.169576763725651,1.554,1.2998214967522028,7.442409080187526,7.55506378796876,2.128351618351288,both_fake
train/id00012/21Uxsk56VDQ/00014/real.mp4,real,2.010503989170545,-17.199999046064118,-8.090067903370846,1.301,0.709503989170545,9.109931142693272,9.137518335700436,2.5914437840324207,real
train/id00012/21Uxsk56VDQ/00014/real_video_fake_audio.mp4,real_video_fake_audio,3.913586419584888,-16.21211018942922,-8.169576763725651,1.554,2.359586419584888,8.04253342570357,8.38152682839163,2.3274010296026697,audio_fake
train/id00012/2DLq_Kkc1r8/00017/fake_video_fake_audio.mp4,fake_video_fake_audio,1.5866133844245411,-11.418772725046605,-3.7906127394438314,1.505,0.08161338442454125,7.628159985602773,7.628596562308727,2.1671146362897296,both_fake
train/id00012/2DLq_Kkc1r8/00017/real.mp4,real,2.7760118099899995,-12.445051400321743,-3.644426293356328,1.648,1.1280118099899996,8.800625106965416,8.872621535759707,2.5091110441676383,real
train/id00012/2DLq_Kkc1r8/00017/real_video_fake_audio.mp4,real_video_fake_audio,2.5005765965359137,-13.090310083916696,-3.7906127394438314,1.505,0.9955765965359138,9.299697344472865,9.35283611843839,2.6485372578771695,audio_fake
train/id00012/2DLq_Kkc1r8/00018/fake_video_fake_audio.mp4,fake_video_fake_audio,1.4915373372279497,-11.736891268573736,-2.8417639876252823,1.2,0.2915373372279497,8.895127280948454,8.89990355921183,2.527582910131658,both_fake
train/id00012/2DLq_Kkc1r8/00018/real.mp4,real,1.5976912859257069,-9.020057638196713,-2.6085759177140733,1.102,0.49569128592570677,6.411481720482639,6.430614877523432,1.8237979911741102,real
train/id00012/2DLq_Kkc1r8/00018/real_video_fake_audio.mp4,real_video_fake_audio,2.243654898782316,-11.45797563584826,-2.8417639876252823,1.2,1.043654898782316,8.61621164822298,8.679188828152414,2.4555961507119575,audio_fake
train/id00012/_raOc3-IRsw/00110/fake_video_fake_audio.mp4,fake_video_fake_audio,2.37249183952425,-19.77504046423112,-10.923739563086707,1.547,0.8254918395242499,8.851300901144414,8.889711155021914,2.5193183751502315,both_fake
train/id00012/_raOc3-IRsw/00110/real.mp4,real,1.772020087350788,-20.79342203393113,-10.930634896211767,1.573,0.19902008735078813,9.862787137719362,9.864794935483028,2.802138246350764,real
train/id00012/_raOc3-IRsw/00110/real_video_fake_audio.mp4,real_video_fake_audio,2.6625402757235967,-17.207122720779402,-10.923739563086707,1.547,1.1155402757235968,6.283383157692695,6.381640385758015,1.797292249886793,audio_fake
train/id00012/aE4Om0EEiuk/00115/fake_video_fake_audio.mp4,fake_video_fake_audio,4.487768922537441,-10.961418196450763,-8.470556588231945,1.925,2.5627689225374413,2.490861608218818,3.573818140535715,0.8559343684161729,both_fake
train/id00012/aE4Om0EEiuk/00115/real.mp4,real,1.812411706785177,-17.71342634046242,-8.367441399378192,2.366,0.5535882932148231,9.345984941084227,9.362365861114254,2.6571088785597836,real
train/id00012/aE4Om0EEiuk/00116/fake_video_fake_audio.mp4,fake_video_fake_audio,2.176737759834521,-15.58814067421148,-7.217216741117923,2.586,0.4092622401654791,8.370923933093557,8.380922567048557,2.379312997003791,both_fake
train/id00012/aE4Om0EEiuk/00116/real.mp4,real,2.425102375389508,-16.917119289878,-7.286450879458478,3.253,0.8278976246104923,9.63066841041952,9.666187899492133,2.740365954330859,real
train/id00012/aE4Om0EEiuk/00116/real_video_fake_audio.mp4,real_video_fake_audio,3.044996996106684,-13.15332454058404,-7.217216741117923,2.586,0.4589969961066842,5.936107799466116,5.953826840723319,1.6885745824087246,audio_fake
train/id00012/aE4Om0EEiuk/00117/fake_video_fake_audio.mp4,fake_video_fake_audio,23.879747354656946,-18.47788723788168,-7.184230793112647,3.666,20.213747354656945,11.293656444769034,23.154745906841082,4.971964506210549,both_fake
train/id00012/aE4Om0EEiuk/00117/real.mp4,real,1.7989011954005936,-19.290296848437524,-7.141534686660936,3.3,1.5010988045994063,12.148762161776588,12.241148626031151,3.4628111061555624,real
train/id00012/aE4Om0EEiuk/00117/real_video_fake_audio.mp4,real_video_fake_audio,1.618206397466359,-11.689307460076224,-7.184230793112647,3.666,2.047793602533641,4.505076666963577,4.948653798135141,1.3364266817620534,audio_fake
train/id00012/aE4Om0EEiuk/00118/fake_video_fake_audio.mp4,fake_video_fake_audio,3.077309301070325,-15.452304955873917,-6.121957559333141,3.082,0.004690698929674664,9.330347396540777,9.330348575631659,2.6506296778709446,both_fake
train/id00012/aE4Om0EEiuk/00118/real.mp4,real,4.91412934148009,-10.748760079813543,-6.318491642857507,3.129,1.7851293414800904,4.430268436956037,4.7763966741992885,1.3025139539858261,real
train/id00012/aE4Om0EEiuk/00118/real_video_fake_audio.mp4,real_video_fake_audio,3.045365012424629,-13.04953061506218,-6.121957559333141,3.082,0.03663498757537065,6.927573055729039,6.927669923197671,1.9680448404270228,audio_fake
train/id00012/aE4Om0EEiuk/00119/fake_video_fake_audio.mp4,fake_video_fake_audio,11.2621651328097,-15.145473081103816,-7.0372935779733945,2.489,8.773165132809702,8.108179503130422,11.946170989171893,2.832558374262525,both_fake
train/id00012/aE4Om0EEiuk/00119/real.mp4,real,10.456607744686938,-11.425392428679068,-6.958755678834789,2.834,7.622607744686938,4.4666367498442785,8.83487366544767,1.9135534283577438,real
train/id00012/aE4Om0EEiuk/00119/real_video_fake_audio.mp4,real_video_fake_audio,19.96146704739999,-12.001903676224824,-7.0372935779733945,2.489,17.472467047399988,4.96461009825143,18.16409805495826,3.5732727504983632,audio_fake
train/id00012/aE4Om0EEiuk/00120/fake_video_fake_audio.mp4,fake_video_fake_audio,2.1251937562199323,-15.747270534292488,-6.670044447332999,2.681,0.5558062437800677,9.077226086959488,9.094226410993008,2.580835099596912,both_fake
train/id00012/aE4Om0EEiuk/00120/real.mp4,real,2.4260746676889213,-15.228790234256062,-6.617318396905639,2.603,0.17692533231107888,8.611471837350422,8.613289138226628,2.446632276206823,real
train/id00012/aE4Om0EEiuk/00120/real_video_fake_audio.mp4,real_video_fake_audio,2.390418586672433,-17.72279514824431,-6.670044447332999,2.681,0.29058141332756726,11.05275070091131,11.056569794211356,3.1404164651524327,audio_fake
train/id00012/aE4Om0EEiuk/00121/fake_video_fake_audio.mp4,fake_video_fake_audio,2.16332265921812,-11.609164057396296,-6.332026682179973,2.466,0.30267734078188013,5.277137375216323,5.285810481801993,1.5002440793240375,both_fake
train/id00012/aE4Om0EEiuk/00121/real.mp4,real,1.7162328871005057,-10.990363788686238,-6.48059063518282,2.696,0.9797671128994945,4.509773153503418,4.614975351134563,1.2943276059637079,real
train/id00012/aE4Om0EEiuk/00121/real_video_fake_audio.mp4,real_video_fake_audio,1.1367320812604893,-11.972856768706494,-6.332026682179973,2.466,1.329267918739511,5.640830086526521,5.795335819851415,1.6218350806957333,audio_fake
train/id00012/aE4Om0EEiuk/00122/fake_video_fake_audio.mp4,fake_video_fake_audio,3.60225004807444,-18.62335372158028,-7.08473128675685,3.797,0.19474995192556,11.53862243482343,11.540265821773154,3.2781758148748605,both_fake
train/id00012/aE4Om0EEiuk/00122/real.mp4,real,5.332940958487812,-13.754085971979034,-6.6088637249436175,3.517,1.8159409584878117,7.1452222470354165,7.372370210742504,2.058344391248119,real
train/id00012/aE4Om0EEiuk/00122/real_video_fake_audio.mp4,real_video_fake_audio,5.577520495827224,-16.822635315308496,-7.08473128675685,3.797,1.7805204958272243,9.737904028551647,9.899344832126175,2.7865687852378267,audio_fake
train/id00012/aE4Om0EEiuk/00123/fake_video_fake_audio.mp4,fake_video_fake_audio,2.196395033824645,-13.210606368645331,-7.348991672614971,2.679,0.48260496617535464,5.861614696030361,5.881448324868307,1.6676753771770338,both_fake
train/id00012/aE4Om0EEiuk/00123/real.mp4,real,2.488360039130741,-15.734749749003916,-7.292118227918834,2.474,0.014360039130740798,8.442631521085081,8.442643733543612,2.3984425919847205,real
train/id00012/aE4Om0EEiuk/00123/real_video_fake_audio.mp4,real_video_fake_audio,3.217535060236067,-13.614394585975925,-7.348991672614971,2.679,0.5385350602360672,6.265402913360954,6.288504884140219,1.782793163129995,audio_fake
train/id00012/C_FAL9gv8bo/00020/fake_video_fake_audio.mp4,fake_video_fake_audio,4.400283273146978,-18.72535349205369,-7.750478964266543,1.203,3.1972832731469776,10.974874527787145,11.431119421535957,3.175174208268877,both_fake
train/id00012/C_FAL9gv8bo/00020/real.mp4,real,5.936461081510465,-16.269531649573793,-8.86500267592075,1.133,4.803461081510465,7.4045289736530435,8.826113962738816,2.288997443433347,real
train/id00012/C_FAL9gv8bo/00020/real_video_fake_audio.mp4,real_video_fake_audio,12.503230671211394,-13.508580878398629,-7.750478964266543,1.203,11.300230671211395,5.7581019141320855,12.682702822195209,2.680395509508588,audio_fake
train/id00012/C_FAL9gv8bo/00023/fake_video_fake_audio.mp4,fake_video_fake_audio,4.5623760596966525,-16.732596741965303,-9.016163820067431,1.232,3.3303760596966523,7.716432921897871,8.404447735404744,2.2797112517141636,both_fake
train/id00012/C_FAL9gv8bo/00023/real.mp4,real,11.275048264213822,-19.54096196419204,-8.55075693010596,1.529,9.746048264213822,10.99020503408608,14.689113773799843,3.6196300139841044,real
train/id00012/C_FAL9gv8bo/00023/real_video_fake_audio.mp4,real_video_fake_audio,4.95996283144585,-20.90708252912496,-9.016163820067431,1.232,3.7279628314458497,11.890918709057528,12.461607224513862,3.449920641337025,audio_fake
train/id00012/C_FAL9gv8bo/00024/fake_video_fake_audio.mp4,fake_video_fake_audio,5.197524332569763,-19.15585548637064,-6.7721814702976975,1.537,3.6605243325697634,12.383674016072943,12.913358220296356,3.5846494276403704,both_fake
train/id00012/C_FAL9gv8bo/00024/real.mp4,real,4.896848318655401,-18.438370531891632,-6.77406452150628,1.541,3.355848318655401,11.664306010385353,12.137452477424336,3.3731413324175508,real
train/id00012/C_FAL9gv8bo/00024/real_video_fake_audio.mp4,real_video_fake_audio,1.9332588452611768,-15.621333133311218,-6.7721814702976975,1.537,0.39625884526117683,8.84915166301352,8.858019317401757,2.5150305615991626,audio_fake
train/id00012/C_FAL9gv8bo/00030/real.mp4,real,5.960079382774702,-12.598795421025487,-8.54409540424321,0.806,5.154079382774702,4.054700016782277,6.5578294053777775,1.504920940639885,real
train/id00012/C_FAL9gv8bo/00030/real_video_fake_audio.mp4,real_video_fake_audio,5.762219228996993,-11.320550199907084,-8.145481736493112,0.803,4.959219228996993,3.1750684634139716,5.888540999994777,1.2969031207168207,audio_fake
train/id00012/clK27q0FqLs/00124/fake_video_fake_audio.mp4,fake_video_fake_audio,1.8605820406123328,-18.540397650047574,-8.223871908944421,2.694,0.8334179593876672,10.316525741103153,10.350134726749882,2.934970842652327,both_fake
train/id00012/clK27q0FqLs/00124/real.mp4,real,1.94865893284612,-17.34389096885414,-8.196493108991048,2.765,0.8163410671538802,9.147397859863093,9.183751975339373,2.603179320814141,real
train/id00012/clK27q0FqLs/00124/real_video_fake_audio.mp4,real_video_fake_audio,1.8812010875937109,-13.103108815027902,-8.223871908944421,2.694,0.8127989124062891,4.879236906083481,4.9464729714915,1.3945160297282024,audio_fake
train/id00012/dGBIDj-zRuU/00126/fake_video_fake_audio.mp4,fake_video_fake_audio,2.8595954241644286,-15.920364465183498,-3.2276975635364358,1.148,1.7115954241644287,12.692666901647062,12.807550584408693,3.6201351432732727,both_fake
train/id00012/dGBIDj-zRuU/00126/real.mp4,real,12.266580014805667,-16.126030714563548,-2.8966731481050867,1.375,10.891580014805667,13.22935756645846,17.135997690246285,4.279392339761084,real
train/id00012/dGBIDj-zRuU/00126/real_video_fake_audio.mp4,real_video_fake_audio,11.92187357062911,-17.77701420893015,-3.2276975635364358,1.148,10.77387357062911,14.549316645393715,18.104114630763668,4.602429584173363,audio_fake
train/id00012/dGBIDj-zRuU/00128/fake_video_fake_audio.mp4,fake_video_fake_audio,10.970193538305333,-13.927584025066333,-2.9249540068080018,1.494,9.476193538305333,11.00263001825833,14.520885348149369,3.597307947038255,both_fake
train/id00012/dGBIDj-zRuU/00128/real.mp4,real,11.223940223268944,-12.831304940449266,-2.575388602188481,1.541,9.682940223268943,10.255916338260786,14.104720887164131,3.4350199440547047,real
train/id00012/dGBIDj-zRuU/00128/real_video_fake_audio.mp4,real_video_fake_audio,14.465886117278492,-13.52455990719883,-2.9249540068080018,1.494,12.971886117278492,10.599605900390827,16.751760345803735,3.874102132597447,audio_fake
train/id00012/dGBIDj-zRuU/00129/fake_video_fake_audio.mp4,fake_video_fake_audio,3.8648671887268295,-18.17491668200712,-4.497715253801495,1.358,2.5068671887268295,13.677201428205624,13.905043042350682,3.9139631346112336,both_fake
train/id00012/dGBIDj-zRuU/00129/real.mp4,real,2.131043895070585,-18.007103444200506,-4.274447163685354,1.402,0.7290438950705849,13.732656280515153,13.75199452878425,3.9036722742014915,real
train/id00012/dGBIDj-zRuU/00129/real_video_fake_audio.mp4,real_video_fake_audio,2.7125617586353377,-19.807309813570107,-4.497715253801495,1.358,1.3545617586353376,15.309594559768612,15.36940217257828,4.356696778598573,audio_fake
train/id00012/dGBIDj-zRuU/00130/fake_video_fake_audio.mp4,fake_video_fake_audio,13.075864846245588,-13.354553580732889,-1.2399227491520182,1.29,11.785864846245588,12.11463083158087,16.901801393918262,4.092577747918154,both_fake
train/id00012/dGBIDj-zRuU/00130/real.mp4,real,10.610417752781624,-13.797243938919264,-1.208596308840295,1.437,9.173417752781624,12.588647630078968,15.576445115023578,3.9700048917567385,real
train/id00012/dGBIDj-zRuU/00130/real_video_fake_audio.mp4,real_video_fake_audio,12.158053772749724,-15.158066706681904,-1.2399227491520182,1.29,10.868053772749725,13.918143957529885,17.658689759716182,4.450193228221864,audio_fake
train/id00012/dGBIDj-zRuU/00131/fake_video_fake_audio.mp4,fake_video_fake_audio,9.31530839723968,-12.817050791030455,-0.3301816216571746,1.246,8.069308397239679,12.48686916937328,14.867267390573419,3.857820179462223,both_fake
train/id00012/dGBIDj-zRuU/00131/real.mp4,real,9.515543529467656,-16.51652959266615,-0.2901499743518509,1.417,8.098543529467657,16.226379618314297,18.13509864368893,4.854388035952679,real
train/id00012/dGBIDj-zRuU/00131/real_video_fake_audio.mp4,real_video_fake_audio,10.008122006835674,-15.32537418920285,-0.3301816216571746,1.246,8.762122006835673,14.995192567545676,17.367515141794208,4.567038597089924,audio_fake
train/id00012/dGBIDj-zRuU/00132/fake_video_fake_audio.mp4,fake_video_fake_audio,12.898746565832338,-16.024975712013095,-4.407802438184674,1.736,11.162746565832338,11.61717327382842,16.11104049300215,3.9104379600915666,both_fake
train/id00012/dGBIDj-zRuU/00132/real.mp4,real,12.051280030163618,-13.443115209824471,-4.131656091082808,1.475,10.576280030163618,9.311459118741663,14.091166388785387,3.3086101687417075,real
train/id00012/dGBIDj-zRuU/00132/real_video_fake_audio.mp4,real_video_fake_audio,11.518500064370196,-14.402416844745478,-4.407802438184674,1.736,9.782500064370195,9.994614406560803,13.985336057643936,3.382415639155642,audio_fake
train/id00012/dGBIDj-zRuU/00135/fake_video_fake_audio.mp4,fake_video_fake_audio,7.067850586778839,-11.066365876785596,-4.918840782690831,1.745,5.322850586778839,6.147525094094766,8.131715879917145,2.012559924887746,both_fake
train/id00012/dGBIDj-zRuU/00135/real_video_fake_audio.mp4,real_video_fake_audio,13.874344382804768,-12.496326452141831,-4.918840782690831,1.745,12.129344382804767,7.577485669451001,14.301723120918432,3.135047931848476,audio_fake
train/id00012/dGBIDj-zRuU/00137/fake_video_fake_audio.mp4,fake_video_fake_audio,12.863957753400204,-15.844905689415278,-1.3949790571067435,1.072,11.791957753400204,14.449926632308534,18.65075460503072,4.664859193529784,both_fake
train/id00012/dGBIDj-zRuU/00137/real.mp4,real,10.7906678359866,-14.50162398287594,-1.2013397615100043,1.181,9.609667835986599,13.300284221365935,16.408634199320524,4.18773613729318,real
train/id00012/dGBIDj-zRuU/00137/real_video_fake_audio.mp4,real_video_fake_audio,2.5466781908565626,-18.64227153478865,-1.3949790571067435,1.072,1.4746781908565625,17.24729247768191,17.31022165014911,4.907559213385016,audio_fake
train/id00012/dGBIDj-zRuU/00138/fake_video_fake_audio.mp4,fake_video_fake_audio,13.6463026233494,-16.51009334703524,-4.309488754963147,1.308,12.3383026233494,12.200604592072093,17.35190087677547,4.169947175535274,both_fake
train/id00012/dGBIDj-zRuU/00138/real.mp4,real,12.78742399792598,-17.75776567389655,-4.452575817531019,1.501,11.286423997925981,13.30518985636553,17.447390744030802,4.3341411905033125,real
train/id00012/dGBIDj-zRuU/00138/real_video_fake_audio.mp4,real_video_fake_audio,5.62809347524273,-14.115536230680531,-4.309488754963147,1.308,4.3200934752427305,9.806047475717385,10.715492276645909,2.9016331604068393,audio_fake
train/id00012/Gf-KDRnkBw8/00033/fake_video_fake_audio.mp4,fake_video_fake_audio,4.324396071202759,-14.78865570152958,-8.800471080132674,1.72,2.6043960712027596,5.988184621396906,6.530025570825185,1.7701560181795541,both_fake
train/id00012/Gf-KDRnkBw8/00033/real.mp4,real,2.3937231988525305,-19.718858197326867,-8.46389307490685,2.355,0.038723198852530505,11.254965122420018,11.255031736650965,3.197396507103923,real
train/id00012/Gf-KDRnkBw8/00033/real_video_fake_audio.mp4,real_video_fake_audio,3.572860761514196,-20.06608886881752,-8.800471080132674,1.72,1.852860761514196,11.265617788684846,11.416971453160922,3.2192963510137926,audio_fake
train/id00012/Gf-KDRnkBw8/00034/real.mp4,real,17.055673328549556,-14.845364981795912,-8.15329328387122,1.781,15.274673328549556,6.692071697924693,16.676314607972223,3.442706017336921,real
train/id00012/Gf-KDRnkBw8/00034/real_video_fake_audio.mp4,real_video_fake_audio,2.44812689270239,-16.42111508395539,-7.725041340346262,1.695,0.75312689270239,8.696073743609126,8.728625245180343,2.474490646795498,audio_fake
train/id00012/Gf-KDRnkBw8/00035/fake_video_fake_audio.mp4,fake_video_fake_audio,5.76933180276741,-17.499808985859712,-6.981529703468215,1.454,4.31533180276741,10.518279282391497,11.369093527206203,3.096172541168712,both_fake
train/id00012/Gf-KDRnkBw8/00035/real.mp4,real,14.314558778455613,-18.15730657664071,-6.662942023078598,1.504,12.810558778455613,11.494364553562113,17.211357665984732,4.056753925296971,real
train/id00012/Gf-KDRnkBw8/00035/real_video_fake_audio.mp4,real_video_fake_audio,3.8385001241578816,-17.343288124930464,-6.981529703468215,1.454,2.3845001241578814,10.361758421462248,10.632585688667303,2.977544631311473,audio_fake
train/id00012/Gf-KDRnkBw8/00037/fake_video_fake_audio.mp4,fake_video_fake_audio,13.350554220605645,-17.139623656460955,-8.957234919401492,1.794,11.556554220605644,8.182388737059464,14.15999402888842,3.1810185599957026,both_fake
train/id00012/Gf-KDRnkBw8/00037/real.mp4,real,10.091881796438717,-16.318199880147525,-8.84889021055269,1.695,8.396881796438716,7.469309669594834,11.238247676736208,2.6442559402137142,real
train/id00012/Gf-KDRnkBw8/00037/real_video_fake_audio.mp4,real_video_fake_audio,5.266044411251611,-18.13330026920238,-8.957234919401492,1.794,3.4720444112516113,9.176065349800888,9.810976898225785,2.687200891804665,audio_fake
train/id00012/Gf-KDRnkBw8/00038/fake_video_fake_audio.mp4,fake_video_fake_audio,2.2607515296000824,-19.330483044779097,-8.42378854360265,2.037,0.2237515296000825,10.906694501176448,10.908989398151919,3.098734345297914,both_fake
train/id00012/Gf-KDRnkBw8/00038/real.mp4,real,2.856159346566786,-19.63532560168369,-8.630466996744627,1.919,0.9371593465667858,11.004858604939063,11.044690152084794,3.1312917851390165,real
train/id00012/Gf-KDRnkBw8/00038/real_video_fake_audio.mp4,real_video_fake_audio,15.56491909165803,-19.938436980968696,-8.42378854360265,2.037,13.527919091658031,11.514648437366047,17.76490145164285,4.142708768083734,audio_fake
train/id00012/Gf-KDRnkBw8/00039/fake_video_fake_audio.mp4,fake_video_fake_audio,2.258849570674397,-18.38889914162855,-8.53306157609704,1.418,0.8408495706743973,9.855837565531509,9.891641022532378,2.8043688237936766,both_fake
train/id00012/Gf-KDRnkBw8/00039/real.mp4,real,1.9732612094658737,-20.738851922777613,-7.678645914323966,1.423,0.5502612094658736,13.060206008453648,13.071792852623224,3.711673971536664,real
train/id00012/Gf-KDRnkBw8/00039/real_video_fake_audio.mp4,real_video_fake_audio,2.187019997545101,-15.97262654241568,-8.53306157609704,1.418,0.7690199975451011,7.43956496631864,7.479205749589989,2.118417168829407,audio_fake
train/id00012/Gf-KDRnkBw8/00041/fake_video_fake_audio.mp4,fake_video_fake_audio,2.2987080157555986,-17.329962515993255,-7.564236152758822,1.171,1.1277080157555985,9.765726363234434,9.830622399948615,2.7823957097854506,both_fake
train/id00012/Gf-KDRnkBw8/00041/real.mp4,real,3.6225983602106258,-16.9002274673881,-7.463696600729671,1.139,2.4835983602106255,9.436530866658428,9.757887866348852,2.721112017428685,real
train/id00012/IYaT706uSpQ/00042/fake_video_fake_audio.mp4,fake_video_fake_audio,20.437838915669925,-17.518982048845736,-11.930443391063466,1.894,18.543838915669927,5.588538657782269,19.36764637378123,3.8291126471698975,both_fake
train/id00012/IYaT706uSpQ/00042/real.mp4,real,4.319815001035403,-14.191042372268782,-13.340608232443172,1.788,2.531815001035403,0.8504341398256106,2.6708286028213832,0.5335701831647498,real
train/id00012/IYaT706uSpQ/00042/real_video_fake_audio.mp4,real_video_fake_audio,2.3220499341676124,-17.669597763992854,-11.930443391063466,1.894,0.4280499341676125,5.739154372929388,5.755095104553479,1.632401372689115,audio_fake
train/id00012/IYaT706uSpQ/00043/fake_video_fake_audio.mp4,fake_video_fake_audio,2.126161798315399,-21.701281485292697,-10.603229872686873,1.45,0.6761617983153989,11.098051612605824,11.118630508006094,3.1553701602509836,both_fake
train/id00012/IYaT706uSpQ/00043/real.mp4,real,16.49536911136691,-12.48235441403883,-10.878806858815771,1.645,14.85036911136691,1.6035475552230594,14.936693995181875,2.8273906950997145,real
train/id00012/IYaT706uSpQ/00043/real_video_fake_audio.mp4,real_video_fake_audio,2.3984906346017225,-19.495956135780776,-10.603229872686873,1.45,0.9484906346017226,8.892726263093904,8.943165819453826,2.532586015107237,audio_fake
train/id00012/IYaT706uSpQ/00049/fake_video_fake_audio.mp4,fake_video_fake_audio,15.088857225017744,-15.788526872867426,-8.924388259566973,1.932,13.156857225017744,6.864138613300453,14.839787429141426,3.1487265372303197,both_fake
train/id00012/IYaT706uSpQ/00049/real.mp4,real,17.31815029212212,-17.608877284257748,-9.207982475216246,1.853,15.46515029212212,8.400894809041501,17.59959963040368,3.760379077247112,real
train/id00012/IYaT706uSpQ/00049/real_video_fake_audio.mp4,real_video_fake_audio,17.28370481052098,-13.333323579370752,-8.924388259566973,1.932,15.35170481052098,4.4089353198037795,15.97227445430319,3.1448428681690443,audio_fake
train/id00012/IYaT706uSpQ/00051/fake_video_fake_audio.mp4,fake_video_fake_audio,20.655741756550256,-16.569611887929074,-8.610799564884955,2.538,18.117741756550256,7.9588123230441195,19.788766003732615,4.086816179991658,both_fake
train/id00012/IYaT706uSpQ/00051/real.mp4,real,19.662832644785876,-12.43911844638417,-8.487762797254359,2.181,17.481832644785875,3.9513556491298107,17.92282578407242,3.4714165853684777,real
train/id00012/IYaT706uSpQ/00051/real_video_fake_audio.mp4,real_video_fake_audio,2.7999357823667674,-15.6130320718715,-8.610799564884955,2.538,0.2619357823667676,7.0022325069865445,7.007129971392222,1.9898513807236888,audio_fake
train/id00012/IYaT706uSpQ/00052/fake_video_fake_audio.mp4,fake_video_fake_audio,14.901318800815046,-10.611528509809393,-11.968626051139182,1.584,13.317318800815046,1.3570975413297894,13.386287527885589,2.5319084562495946,both_fake
train/id00012/IYaT706uSpQ/00052/real.mp4,real,18.28718593934252,-12.712249514324313,-12.842966547539836,1.862,16.42518593934252,0.13071703321552341,16.42570607568356,3.0865892299288293,real
train/id00012/IYaT706uSpQ/00052/real_video_fake_audio.mp4,real_video_fake_audio,19.390211989756768,-15.868705268320149,-11.968626051139182,1.584,17.80621198975677,3.9000792171809664,18.228324205050903,3.524542978052785,audio_fake
train/id00012/IYaT706uSpQ/00053/fake_video_fake_audio.mp4,fake_video_fake_audio,14.658008132774194,-15.6216495836893,-10.204651071237585,1.615,13.043008132774194,5.416998512451714,14.123170112815247,2.893928549171441,both_fake
train/id00012/IYaT706uSpQ/00053/real.mp4,real,2.2801917593783045,-17.450924880945188,-10.842432240964747,1.87,0.41019175937830443,6.60849263998044,6.62121078445155,1.8789677777933453,real
train/id00012/IYaT706uSpQ/00053/real_video_fake_audio.mp4,real_video_fake_audio,19.52818913717215,-13.515273249884164,-10.204651071237585,1.615,17.91318913717215,3.310622178646579,18.2165464420084,3.494894998185788,audio_fake
train/id00012/IYaT706uSpQ/00055/fake_video_fake_audio.mp4,fake_video_fake_audio,15.37361775019134,-19.089388029982345,-10.169057002074725,1.764,13.60961775019134,8.92033102790762,16.272492155591124,3.6002411831538126,both_fake
train/id00012/IYaT706uSpQ/00055/real.mp4,real,20.49932479785204,-12.275691196317378,-10.171276214358638,1.824,18.67532479785204,2.1044149819587403,18.7935179974788,3.5597376106102323,real
train/id00012/IYaT706uSpQ/00055/real_video_fake_audio.mp4,real_video_fake_audio,13.792085447642911,-14.134924520333303,-10.169057002074725,1.764,12.028085447642912,3.9658675182585785,12.665028413240044,2.5253781323120648,audio_fake
train/id00012/JEBlkjLkhmY/00056/fake_video_fake_audio.mp4,fake_video_fake_audio,2.3085619925710987,-19.10913537403561,-13.414443603777118,2.157,0.1515619925710987,5.694691770258492,5.69670829478234,1.618038021415137,both_fake
train/id00012/JEBlkjLkhmY/00056/real_video_fake_audio.mp4,real_video_fake_audio,22.38804266452186,-16.664466938409348,-13.414443603777118,2.157,20.23104266452186,3.25002333463223,20.490430424209194,3.9120186874852103,audio_fake
train/id00012/L5fo1OvuXIg/00057/fake_video_fake_audio.mp4,fake_video_fake_audio,1.9498837347350384,-18.16351398049761,-2.32461244272928,1.074,0.8758837347350383,15.83890153776833,15.863101028484103,4.502633500022959,both_fake
train/id00012/L5fo1OvuXIg/00057/real.mp4,real,5.12750772175074,-10.150398949520651,-2.063971689970228,1.094,4.033507721750739,8.086427259550423,9.036564079639064,2.419045821624314,real
train/id00012/L5fo1OvuXIg/00057/real_video_fake_audio.mp4,real_video_fake_audio,5.595123585195533,-15.361408710794864,-2.32461244272928,1.074,4.521123585195533,13.036796268065583,13.798500476778628,3.7997690770196275,audio_fake
train/id00012/L5fo1OvuXIg/00058/fake_video_fake_audio.mp4,fake_video_fake_audio,13.494223021753026,-13.093190780627808,-3.2412261368017354,1.249,12.245223021753025,9.851964643826072,15.716446614793984,3.623209813361554,both_fake
train/id00012/L5fo1OvuXIg/00058/real.mp4,real,14.809582282829178,-13.787738852525507,-3.147591679243782,1.358,13.451582282829177,10.640147173281726,17.151029058946257,3.94026649229746,real
train/id00012/L5fo1OvuXIg/00058/real_video_fake_audio.mp4,real_video_fake_audio,3.072078601106981,-10.464409243801994,-3.2412261368017354,1.249,1.8230786011069808,7.223183107000258,7.449697294727357,2.0804092679922124,audio_fake
train/id00012/L5fo1OvuXIg/00060/fake_video_fake_audio.mp4,fake_video_fake_audio,2.0277729515615133,-15.47468252830216,-3.6955635274736416,1.22,0.8077729515615133,11.77911900082852,11.806783710094543,3.3497340930468846,both_fake
train/id00012/L5fo1OvuXIg/00060/real.mp4,real,2.216482511890112,-19.80611807470633,-3.8254787652232647,1.032,1.184482511890112,15.980639309483065,16.024476015170322,4.545342887295277,real
train/id00012/L5fo1OvuXIg/00060/real_video_fake_audio.mp4,real_video_fake_audio,16.76253157674601,-13.8919765287257,-3.6955635274736416,1.22,15.54253157674601,10.196413001252058,18.588628941001776,4.113400964557465,audio_fake
train/id00012/L5fo1OvuXIg/00063/fake_video_fake_audio.mp4,fake_video_fake_audio,19.69797421516928,-12.978167688524124,-1.0988168621783163,1.07,18.627974215169278,11.879350826345808,22.09344697905726,4.862202845209175,both_fake
train/id00012/L5fo1OvuXIg/00063/real.mp4,real,2.6571383868076666,-15.393184332045305,-1.0120551784909533,0.994,1.6631383868076666,14.381129153554351,14.476978449416995,4.097425510683725,real
train/id00012/L5fo1OvuXIg/00063/real_video_fake_audio.mp4,real_video_fake_audio,2.0204661646240805,-15.093145697219963,-1.0988168621783163,1.07,0.9504661646240804,13.994328835041648,14.026568556613315,3.979615138559144,audio_fake
train/id00012/L5fo1OvuXIg/00064/fake_video_fake_audio.mp4,fake_video_fake_audio,2.208386734881927,-16.32128232792693,-2.7983186349858675,1.159,1.0493867348819268,13.522963692941062,13.56361896987483,3.846754084199625,both_fake
train/id00012/L5fo1OvuXIg/00064/real.mp4,real,4.042775871756534,-15.746936221284646,-2.8870925942506798,1.158,2.8847758717565344,12.859843627033966,13.179435114679036,3.6933086569063978,real
train/id00012/L5fo1OvuXIg/00064/real_video_fake_audio.mp4,real_video_fake_audio,3.316219434368463,-13.4359791817938,-2.7983186349858675,1.159,2.1572194343684625,10.637660546807933,10.854188942391367,3.0490842786906174,audio_fake
train/id00012/L5fo1OvuXIg/00065/fake_video_fake_audio.mp4,fake_video_fake_audio,2.558206270552198,-12.088204950464954,-1.201562154921047,1.489,1.069206270552198,10.886642795543906,10.93902159275482,3.0992714310033582,both_fake
train/id00012/L5fo1OvuXIg/00065/real.mp4,real,4.303291638320211,-19.25775620686,-1.3676753707770022,1.492,2.8112916383202107,17.890080836083,18.109620454257826,5.109717148581799,real
train/id00012/L5fo1OvuXIg/00065/real_video_fake_audio.mp4,real_video_fake_audio,3.4954879073470373,-8.690773897189946,-1.201562154921047,1.489,2.0064879073470374,7.489211742268899,7.75334032806946,2.160735194597319,audio_fake
train/id00012/L5fo1OvuXIg/00066/fake_video_fake_audio.mp4,fake_video_fake_audio,2.4745600544778568,-14.648154270396304,-3.406900312036845,1.504,0.9705600544778568,11.24125395835946,11.283074819200673,3.198696252418285,both_fake
train/id00012/L5fo1OvuXIg/00066/real.mp4,real,1.9400666268023528,-14.86026537044497,-3.92896841310973,1.603,0.3370666268023528,10.93129695733524,10.936492448694445,3.106084154317456,real
train/id00012/L5fo1OvuXIg/00066/real_video_fake_audio.mp4,real_video_fake_audio,2.190628690677085,-15.12219720084965,-3.406900312036845,1.504,0.6866286906770851,11.715296888812805,11.73540115001988,3.330662343300515,audio_fake
train/id00012/nRiPvNQ1GCQ/00140/fake_video_fake_audio.mp4,fake_video_fake_audio,4.459047653504087,-13.962798478593294,-6.441392724223258,1.157,3.3020476535040872,7.521405754370036,8.214320618765896,2.2249966020967546,both_fake
train/id00012/nRiPvNQ1GCQ/00140/real.mp4,real,2.65436000188582,-16.47423687413497,-6.282866164398145,1.263,1.39136000188582,10.191370709736825,10.285908788149415,2.9070152929108906,real
train/id00012/nRiPvNQ1GCQ/00140/real_video_fake_audio.mp4,real_video_fake_audio,1.838086215634958,-15.959735911546156,-6.441392724223258,1.157,0.681086215634958,9.518343187322898,9.542679679460282,2.7070635374146916,audio_fake
train/id00012/nRiPvNQ1GCQ/00142/fake_video_fake_audio.mp4,fake_video_fake_audio,1.7941921213835037,-16.413765850719372,-7.337823508005745,0.97,0.8241921213835037,9.075942342713628,9.113288213439361,2.5830033258785905,both_fake
train/id00012/nRiPvNQ1GCQ/00142/real.mp4,real,2.7035957262742647,-14.767474257496714,-7.328681055688426,1.005,1.6985957262742648,7.438793201808288,7.630260266896955,2.137230813413723,real
train/id00012/nRiPvNQ1GCQ/00142/real_video_fake_audio.mp4,real_video_fake_audio,1.5070514756143196,-16.91940002333964,-7.337823508005745,0.97,0.5370514756143197,9.581576515333897,9.596615695476066,2.7238704220970202,audio_fake
train/id00012/nRiPvNQ1GCQ/00143/fake_video_fake_audio.mp4,fake_video_fake_audio,1.7981530275735722,-19.44714442664964,-7.568804276128817,1.246,0.5521530275735722,11.878340150520824,11.89116637245202,3.376075517983385,both_fake
train/id00012/nRiPvNQ1GCQ/00143/real.mp4,real,1.7358429003667837,-23.513875935674783,-7.053508384316151,1.186,0.5498429003667837,16.46036755135863,16.469548480177103,4.677316144530498,real
train/id00012/nRiPvNQ1GCQ/00143/real_video_fake_audio.mp4,real_video_fake_audio,2.246061603456317,-20.94871882203263,-7.568804276128817,1.246,1.000061603456317,13.379914545903816,13.417236543580653,3.8057007815976434,audio_fake
train/id00012/nRiPvNQ1GCQ/00144/fake_video_fake_audio.mp4,fake_video_fake_audio,2.128277724124108,-19.910952408635247,-7.0958531697603,1.113,1.015277724124108,12.815099238874947,12.855254076031166,3.6455969885135913,both_fake
train/id00012/nRiPvNQ1GCQ/00144/real.mp4,real,1.4503187619773583,-18.25982974049232,-7.124876586812813,1.115,0.3353187619773583,11.134953153679508,11.140000915923268,3.1639218461679106,real
train/id00012/nRiPvNQ1GCQ/00144/real_video_fake_audio.mp4,real_video_fake_audio,2.2203523152748392,-21.85192634765386,-7.0958531697603,1.113,1.1073523152748392,14.756073177893558,14.797564826061558,4.197168099280836,audio_fake
train/id00012/nRiPvNQ1GCQ/00145/fake_video_fake_audio.mp4,fake_video_fake_audio,4.228296941117453,-21.572788751791123,-7.290993904436418,1.061,3.1672969411174527,14.281794847354705,14.628787850506937,4.100688961776941,both_fake
train/id00012/nRiPvNQ1GCQ/00145/real.mp4,real,3.833281073742928,-18.127490942328496,-7.441065194457242,1.03,2.8032810737429283,10.686425747871255,11.04798986436768,3.0812324291622457,real
train/id00012/nRiPvNQ1GCQ/00145/real_video_fake_audio.mp4,real_video_fake_audio,3.5062949878594623,-19.48106113974708,-7.290993904436418,1.061,2.4452949878594623,12.190067235310662,12.432908218878042,3.4933879244514237,audio_fake
train/id00012/nRiPvNQ1GCQ/00146/real.mp4,real,2.6541127218950384,-16.815235021664797,-10.272711006494868,1.245,1.4091127218950383,6.5425240151699295,6.692549525560621,1.8774105719624294,real
train/id00012/nRiPvNQ1GCQ/00146/real_video_fake_audio.mp4,real_video_fake_audio,1.963114534607023,-22.183698979717683,-9.925215210701534,0.697,1.266114534607023,12.258483769016149,12.323695481874564,3.490591752035621,audio_fake
train/id00012/O2jVZ--4vCk/00067/fake_video_fake_audio.mp4,fake_video_fake_audio,10.757168536694952,-17.343362660223764,-9.874817960623588,2.272,8.485168536694951,7.4685446996001765,11.303859740196877,2.654014429716395,both_fake
train/id00012/O2jVZ--4vCk/00067/real.mp4,real,10.587466100903193,-15.69194978166508,-10.980498029133392,2.318,8.269466100903193,4.711451752531689,9.517449616910035,2.0508512148675773,real
train/id00012/O2jVZ--4vCk/00067/real_video_fake_audio.mp4,real_video_fake_audio,10.859215167897114,-17.86790617476767,-9.874817960623588,2.272,8.587215167897114,7.99308821414408,11.73156952580733,2.7856507896381584,audio_fake
train/id00012/OuYBFCAc6GE/00068/fake_video_fake_audio.mp4,fake_video_fake_audio,11.36673148296511,-17.1396651866487,-7.750736106262568,2.122,9.24473148296511,9.38892908038613,13.176382260265775,3.1830719349213945,both_fake
train/id00012/OuYBFCAc6GE/00068/real.mp4,real,12.743616121661052,-16.700590322178574,-8.652232457494069,1.982,10.761616121661053,8.048357864684505,13.438320053787377,3.0523581356241363,real
train/id00012/OuYBFCAc6GE/00068/real_video_fake_audio.mp4,real_video_fake_audio,4.439136970167516,-17.90791538378294,-7.750736106262568,2.122,2.3171369701675157,10.15717927752037,10.418129132152583,2.9181858494196278,audio_fake
train/id00012/OuYBFCAc6GE/00069/real.mp4,real,2.199485609096476,-17.58918499677239,-9.466938965524642,2.478,0.27851439090352414,8.122246031247746,8.127019801751448,2.308017163317855,real
train/id00012/OuYBFCAc6GE/00069/real_video_fake_audio.mp4,real_video_fake_audio,2.4045981542307087,-17.671674232107144,-9.241372739369451,2.334,0.07059815423070859,8.430301492737692,8.430597093790935,2.3949750140310795,audio_fake
train/id00012/OuYBFCAc6GE/00072/fake_video_fake_audio.mp4,fake_video_fake_audio,2.7328250212378795,-17.91242456762863,-7.573129706359943,2.046,0.6868250212378797,10.339294861268687,10.362082167115618,2.9400921978081374,both_fake
train/id00012/OuYBFCAc6GE/00072/real.mp4,real,6.766895536390126,-16.3018097200441,-7.167475039652626,1.83,4.936895536390126,9.134334680391476,10.383111652613161,2.755775900145747,real
train/id00012/OuYBFCAc6GE/00072/real_video_fake_audio.mp4,real_video_fake_audio,2.77890303668714,-18.109247506429284,-7.573129706359943,2.046,0.7329030366871403,10.536117800069341,10.561577777875957,2.996339588431927,audio_fake
train/id00012/OuYBFCAc6GE/00073/fake_video_fake_audio.mp4,fake_video_fake_audio,1.273208461419112,-16.633405314393094,-7.996839014316045,1.619,0.34579153858088807,8.63656630007705,8.64348594282311,2.45439561563621,both_fake
train/id00012/OuYBFCAc6GE/00073/real.mp4,real,1.7756570627787776,-19.370203827040694,-8.375983641630034,1.594,0.18165706277877747,10.99422018541066,10.995720839205978,3.1235005229933517,real
train/id00012/OuYBFCAc6GE/00073/real_video_fake_audio.mp4,real_video_fake_audio,1.7562060879755876,-18.12442894603421,-7.996839014316045,1.619,0.13720608797558764,10.127589931718166,10.128519306177816,2.877231208544983,audio_fake
train/id00012/OuYBFCAc6GE/00075/real.mp4,real,1.943525512529078,-19.49142795402501,-5.896743972533585,1.693,0.25052551252907795,13.594683981491425,13.59699215227572,3.8623586088645125,real
train/id00012/OuYBFCAc6GE/00075/real_video_fake_audio.mp4,real_video_fake_audio,1.6503258570875394,-21.67173087089261,-5.951127824747685,1.54,0.11032585708753939,15.720603046144925,15.720990170126155,4.466065607045358,audio_fake
train/id00012/OuYBFCAc6GE/00076/fake_video_fake_audio.mp4,fake_video_fake_audio,4.698830540131391,-18.70362326998568,-8.825932013727375,1.492,3.2068305401313912,9.877691256258306,10.385208070476065,2.8700914461717275,both_fake
train/id00012/OuYBFCAc6GE/00076/real.mp4,real,4.315976384418163,-17.47980851075233,-8.979000765943535,1.72,2.5959763844181634,8.500807744808796,8.888353374087801,2.463740207479663,real
train/id00012/OuYBFCAc6GE/00078/fake_video_fake_audio.mp4,fake_video_fake_audio,19.74293118208495,-18.900102726880764,-7.145662207713986,1.527,18.215931182084947,11.754440519166778,21.67918404251148,4.781918448975418,both_fake
train/id00012/OuYBFCAc6GE/00078/real.mp4,real,2.016449764686527,-20.2113462899433,-7.029352281835504,1.601,0.41544976468652717,13.181994008107797,13.188539135809089,3.7456454861139408,real
train/id00012/OuYBFCAc6GE/00078/real_video_fake_audio.mp4,real_video_fake_audio,6.165515085424023,-15.759993795479463,-7.145662207713986,1.527,4.6385150854240225,8.614331587765477,9.783789189351962,2.597799549615361,audio_fake
train/id00012/Pdni5zyZJYA/00079/fake_video_fake_audio.mp4,fake_video_fake_audio,2.998664098986844,-12.92129880770862,-10.623359145684208,1.804,1.1946640989868438,2.2979396620244117,2.5899322384404027,0.6903327866778732,both_fake
train/id00012/Pdni5zyZJYA/00079/real_video_fake_audio.mp4,real_video_fake_audio,3.4972456776427934,-12.30245782895183,-10.623359145684208,1.804,1.6932456776427933,1.6790986832676218,2.384628548224453,0.5733843761660885,audio_fake
train/id00012/Pdni5zyZJYA/00080/fake_video_fake_audio.mp4,fake_video_fake_audio,16.139111099898336,-13.936374240800571,-6.043133044614998,1.886,14.253111099898337,7.893241196185573,16.29277240395895,3.493005479257436,both_fake
train/id00012/Pdni5zyZJYA/00080/real.mp4,real,3.676468633170641,-9.897630992160222,-6.278024401351799,1.807,1.8694686331706412,3.6196065908084227,4.073875899267512,1.0866297892117696,real
train/id00012/Pdni5zyZJYA/00080/real_video_fake_audio.mp4,real_video_fake_audio,3.2955908197130768,-15.946112931852277,-6.043133044614998,1.886,1.4095908197130769,9.90297988723728,10.002797455014544,2.825747888122736,audio_fake
train/id00012/Pdni5zyZJYA/00082/fake_video_fake_audio.mp4,fake_video_fake_audio,2.7204541625863774,-12.129255919230886,-7.872939786674778,1.584,1.1364541625863773,4.256316132556107,4.405423371699624,1.2278754839590185,both_fake
train/id00012/Pdni5zyZJYA/00082/real.mp4,real,2.901785571886737,-14.021997720974396,-7.787308917560921,1.564,1.3377855718867369,6.234688803413475,6.37659899254749,1.7889427321461981,real
train/id00012/Pdni5zyZJYA/00082/real_video_fake_audio.mp4,real_video_fake_audio,2.397874300052916,-16.159775685109135,-7.872939786674778,1.584,0.813874300052916,8.286835898434358,8.326706466777065,2.3591436315384215,audio_fake
train/id00012/Pdni5zyZJYA/00085/fake_video_fake_audio.mp4,fake_video_fake_audio,3.1534722245657765,-12.301846724538231,-6.436771568823226,1.516,1.6374722245657765,5.865075155715005,6.089369578898113,1.6943626427873792,both_fake
train/id00012/Pdni5zyZJYA/00085/real.mp4,real,2.032259157710015,-12.93799634788617,-6.262662444116622,1.606,0.426259157710015,6.675333903769547,6.688929630093804,1.8980656892230932,real
train/id00012/Pdni5zyZJYA/00085/real_video_fake_audio.mp4,real_video_fake_audio,10.969882271796292,-14.199549843343608,-6.436771568823226,1.516,9.453882271796292,7.7627782745203815,12.23260465102792,2.831793808710317,audio_fake
train/id00012/Pdni5zyZJYA/00086/fake_video_fake_audio.mp4,fake_video_fake_audio,3.3006653683198786,-11.12205139499751,-7.985236328495913,1.94,1.3606653683198786,3.1368150665015966,3.4192132144656444,0.9270809188484138,both_fake
train/id00012/Pdni5zyZJYA/00086/real_video_fake_audio.mp4,real_video_fake_audio,2.289573870131551,-16.61235086264699,-7.985236328495913,1.94,0.34957387013155117,8.62711453415108,8.634194060596482,2.4517303733082905,audio_fake
train/id00012/s7MiVWybRhg/00148/fake_video_fake_audio.mp4,fake_video_fake_audio,1.8396429718701413,-13.576733906534685,-9.53692158525769,1.257,0.5826429718701414,4.039812321276994,4.081611988395159,1.152867959420549,both_fake
train/id00012/s7MiVWybRhg/00148/real.mp4,real,1.4339679846685884,-10.364005403418012,-10.049790112244304,1.168,0.2659679846685885,0.31421529117370817,0.4116676062991218,0.10230249209559056,real
train/id00012/s7MiVWybRhg/00149/fake_video_fake_audio.mp4,fake_video_fake_audio,0.7155602320313877,-20.42150026807608,-9.928043495982676,1.546,0.8304397679686123,10.493456772093404,10.526265493327474,2.9851349290783173,both_fake
train/id00012/s7MiVWybRhg/00149/real.mp4,real,1.4573941187548132,-18.6313720718165,-9.598278524351166,1.547,0.08960588124518676,9.033093547465334,9.03353796976653,2.5662388411401627,real
train/id00012/s7MiVWybRhg/00149/real_video_fake_audio.mp4,real_video_fake_audio,1.9166763976482124,-19.2498956412964,-9.928043495982676,1.546,0.37067639764821236,9.321852145313725,9.32921906757814,2.649131952084617,audio_fake
train/id00012/s7MiVWybRhg/00150/fake_video_fake_audio.mp4,fake_video_fake_audio,2.2749682486493024,-19.246592946852054,-12.599150758798425,1.977,0.29796824864930227,6.647442188053629,6.654116975280669,1.8892811076774745,both_fake
train/id00012/s7MiVWybRhg/00150/real.mp4,real,1.6742811034099805,-16.47881438404448,-12.316696294192909,1.955,0.2807188965900196,4.162118089851571,4.1715740545712965,1.1835792502921787,real
train/id00012/s7MiVWybRhg/00150/real_video_fake_audio.mp4,real_video_fake_audio,1.6372205455343072,-19.7157399601504,-12.599150758798425,1.977,0.3397794544656929,7.116589201351976,7.124695919018338,2.022737689215632,audio_fake
train/id00012/s7MiVWybRhg/00151/fake_video_fake_audio.mp4,fake_video_fake_audio,1.2561475205340698,-12.078356889458366,-9.822087989943816,1.858,0.6018524794659303,2.2562688995145503,2.335160755484703,0.650876589763378,both_fake
train/id00012/s7MiVWybRhg/00151/real.mp4,real,1.24644007385319,-17.42546490781633,-9.780311934637806,1.774,0.52755992614681,7.645152973178524,7.663333704007444,2.174148984381494,real
train/id00012/tqaasM16UxI/00153/fake_video_fake_audio.mp4,fake_video_fake_audio,10.317974022347247,-18.50989784115389,-9.729019870786123,2.878,7.439974022347247,8.780877970367767,11.508997844455955,2.8595643734716147,both_fake
train/id00012/tqaasM16UxI/00153/real.mp4,real,13.7334537817011,-14.861593115329462,-9.681834834185176,2.847,10.8864537817011,5.179758281144286,12.055901948514553,2.5198909721829965,real
train/id00012/tqaasM16UxI/00153/real_video_fake_audio.mp4,real_video_fake_audio,10.651408020647862,-18.48281217663166,-9.729019870786123,2.878,7.773408020647862,8.753792305845538,11.707038566151265,2.8840742419081904,audio_fake
train/id00012/uCBekiUm-rE/00158/fake_video_fake_audio.mp4,fake_video_fake_audio,3.1762266801991137,-12.745571050906737,-9.520215274920467,1.267,1.9092266801991138,3.2253557759862694,3.7480750256727946,0.984009483337219,both_fake
train/id00012/uCBekiUm-rE/00158/real.mp4,real,4.8461700546365565,-15.385951955176056,-9.466070521511003,1.245,3.6011700546365564,5.9198814336650525,6.9291718084532485,1.8127905948275296,real
train/id00012/uCBekiUm-rE/00158/real_video_fake_audio.mp4,real_video_fake_audio,2.11801040450871,-17.240536836926637,-9.520215274920467,1.267,0.8510104045087101,7.72032156200617,7.767083347651129,2.199063992479047,audio_fake
train/id00012/uCBekiUm-rE/00160/fake_video_fake_audio.mp4,fake_video_fake_audio,2.9071225041507884,-12.964692964522117,-9.08131809330793,1.523,1.3841225041507885,3.883374871214187,4.122668492235879,1.1334586487283025,both_fake
train/id00012/uCBekiUm-rE/00160/real.mp4,real,2.441710061471136,-16.99070977640955,-9.022382854802505,1.595,0.8467100614711358,7.968326921607044,8.013186123996126,2.2692815347002973,real
train/id00012/uCBekiUm-rE/00160/real_video_fake_audio.mp4,real_video_fake_audio,2.7799218963028585,-13.95404130202439,-9.08131809330793,1.523,1.2569218963028586,4.87272320871646,5.032224569926267,1.404280604095796,audio_fake
train/id00012/uCBekiUm-rE/00161/fake_video_fake_audio.mp4,fake_video_fake_audio,2.2534793860512514,-16.069542955455102,-6.737724186999583,1.404,0.8494793860512515,9.33181876845552,9.370403233299232,2.6558486129601633,both_fake
train/id00012/uCBekiUm-rE/00161/real.mp4,real,3.2280925878780318,-17.283651609427523,-6.794516205111563,1.664,1.5640925878780318,10.48913540431596,10.605109483335356,2.9942846196791932,real
train/id00012/uCBekiUm-rE/00161/real_video_fake_audio.mp4,real_video_fake_audio,2.0101980874254464,-18.37992650144522,-6.737724186999583,1.404,0.6061980874254465,11.642202314445637,11.657973702650114,3.309358156643229,audio_fake
train/id00012/uCBekiUm-rE/00162/fake_video_fake_audio.mp4,fake_video_fake_audio,18.127261629792173,-14.236020956408526,-6.63484339398885,1.436,16.691261629792173,7.601177562419676,18.3405592916248,3.807854711976166,both_fake
train/id00012/uCBekiUm-rE/00162/real.mp4,real,15.652438635948178,-15.80317285653901,-6.2989141167951255,1.39,14.262438635948177,9.504258739743886,17.13908078154092,3.8042690002791715,real
train/id00012/uCBekiUm-rE/00162/real_video_fake_audio.mp4,real_video_fake_audio,1.7827036603142947,-17.973029038920036,-6.63484339398885,1.436,0.3467036603142948,11.338185644931187,11.343485229284648,3.221688840587712,audio_fake
train/id00012/UiPa-HfABJQ/00088/fake_video_fake_audio.mp4,fake_video_fake_audio,11.88296218268593,-15.217661288730804,-4.0362954228646695,3.003,8.87996218268593,11.181365865866134,14.278538825534234,3.588063182771308,both_fake
train/id00012/UiPa-HfABJQ/00088/real.mp4,real,5.332213587244864,-17.478982559648987,-3.9701577569553512,3.525,1.8072135872448638,13.508824802693635,13.629173434210644,3.852675263001647,real
train/id00012/UiPa-HfABJQ/00088/real_video_fake_audio.mp4,real_video_fake_audio,13.66397994028404,-16.909825774686958,-4.0362954228646695,3.003,10.66097994028404,12.87353035182229,16.71479216162823,4.16990597277351,audio_fake
train/id00012/UiPa-HfABJQ/00089/fake_video_fake_audio.mp4,fake_video_fake_audio,11.429875733294168,-15.523181833187284,-2.0333361909390075,1.364,10.065875733294167,13.489845642248277,16.831452395138253,4.273630352941367,both_fake
train/id00012/UiPa-HfABJQ/00089/real.mp4,real,13.571010943294212,-17.08317098515874,-2.029562173192337,1.83,11.741010943294212,15.053608811966404,19.09090035158811,4.812068500299817,real
train/id00012/UiPa-HfABJQ/00090/fake_video_fake_audio.mp4,fake_video_fake_audio,12.394093454293165,-15.01888674506235,-5.828944363890331,1.648,10.746093454293165,9.189942381172019,14.139786614290331,3.3005001800684504,both_fake
train/id00012/UiPa-HfABJQ/00090/real.mp4,real,3.1303586210339978,-15.818159259420108,-5.660995877381829,2.048,1.0823586210339977,10.157163382038279,10.214669263071904,2.8926756686815787,real
train/id00012/UiPa-HfABJQ/00090/real_video_fake_audio.mp4,real_video_fake_audio,12.003863603196445,-17.00982859108404,-5.828944363890331,1.648,10.355863603196445,11.18088422719371,15.239950231871427,3.7250142640002095,audio_fake
train/id00012/yi_qz725MjE/00163/fake_video_fake_audio.mp4,fake_video_fake_audio,4.2985957793702285,-14.110635074251654,-4.94603839034893,1.646,2.6525957793702286,9.164596683902724,9.54075975734289,2.6508239475834934,both_fake
train/id00012/yi_qz725MjE/00163/real_video_fake_audio.mp4,real_video_fake_audio,3.30161090195124,-13.16740821979498,-4.94603839034893,1.646,1.6556109019512402,8.22136982944605,8.386415761884548,2.356211269962526,audio_fake
train/id00012/yi_qz725MjE/00164/fake_video_fake_audio.mp4,fake_video_fake_audio,3.2652310835541725,-16.751271691465412,-5.634705790055053,1.307,1.9582310835541725,11.11656590141036,11.287723703962516,3.1794348785197166,both_fake
train/id00012/yi_qz725MjE/00164/real.mp4,real,2.21029556018889,-16.58123266818326,-5.645415207255791,1.546,0.6642955601888898,10.93581746092747,10.955975179326249,3.1092291804026813,real
train/id00012/yi_qz725MjE/00164/real_video_fake_audio.mp4,real_video_fake_audio,2.255009529894356,-15.723939332980043,-5.634705790055053,1.307,0.9480095298943563,10.08923354292499,10.133674336214543,2.871749357223625,audio_fake
train/id00012/Z-G8-wqpxwU/00091/fake_video_fake_audio.mp4,fake_video_fake_audio,13.800029956780453,-18.00496360343151,-8.042609523167645,2.746,11.054029956780452,9.962354080263864,14.880862780966355,3.510589414729028,both_fake
train/id00012/Z-G8-wqpxwU/00091/real.mp4,real,8.26003183467511,-13.320273918873715,-8.368611575154924,2.568,5.6920318346751095,4.951662343718791,7.544414249837927,1.767135119500668,real
train/id00012/Z-G8-wqpxwU/00091/real_video_fake_audio.mp4,real_video_fake_audio,10.530204358305626,-12.784894795464243,-8.042609523167645,2.746,7.784204358305626,4.7422852722965985,9.114993532400641,1.9885817719307821,audio_fake
train/id00012/Z-G8-wqpxwU/00094/fake_video_fake_audio.mp4,fake_video_fake_audio,2.2870068164740456,-15.82875478491852,-10.41905648008846,2.554,0.26699318352595425,5.409698304830059,5.4162829606041205,1.5376431202096128,both_fake
train/id00012/Z-G8-wqpxwU/00094/real.mp4,real,7.174242269301229,-13.299529316566094,-10.334382530899246,2.639,4.535242269301229,2.965146785666848,5.418534663708169,1.1982491473077406,real
train/id00012/Z-G8-wqpxwU/00094/real_video_fake_audio.mp4,real_video_fake_audio,2.414109496620486,-16.98939025132676,-10.41905648008846,2.554,0.13989050337951392,6.5703337712383,6.5718228231146245,1.866730878198701,audio_fake
train/id00012/Z-G8-wqpxwU/00095/fake_video_fake_audio.mp4,fake_video_fake_audio,5.156125526907204,-16.251202512605285,-10.684980997919473,3.571,1.5851255269072042,5.566221514685813,5.787524936153974,1.6090978973855845,both_fake
train/id00012/Z-G8-wqpxwU/00095/real.mp4,real,2.7624710064776874,-17.744810627577873,-11.123687272902652,3.644,0.8815289935223127,6.6211233546752215,6.679548476075769,1.8882538432127585,real
train/id00012/Z-G8-wqpxwU/00095/real_video_fake_audio.mp4,real_video_fake_audio,7.979653863949327,-12.633285123598164,-10.684980997919473,3.571,4.408653863949327,1.9483041256786908,4.819970732094951,0.9962955039843762,audio_fake
train/id00012/Z-G8-wqpxwU/00096/fake_video_fake_audio.mp4,fake_video_fake_audio,2.664453481421244,-17.19963905273536,-11.773660252272515,2.669,0.004546518578755876,5.425978800462845,5.42598070526457,1.541449770569237,both_fake
train/id00012/Z-G8-wqpxwU/00096/real.mp4,real,3.5312063305086743,-15.3521682983491,-11.51051268785195,2.85,0.6812063305086742,3.841655610497151,3.9015842800571834,1.09884482472598,real
train/id00012/Z-G8-wqpxwU/00096/real_video_fake_audio.mp4,real_video_fake_audio,3.63347850156325,-18.17991053241606,-11.773660252272515,2.669,0.9644785015632498,6.406250280143544,6.478445911776753,1.8289330496815437,audio_fake
train/id00012/Z-G8-wqpxwU/00097/fake_video_fake_audio.mp4,fake_video_fake_audio,2.848791375896785,-15.917595873559945,-10.960926858951296,3.583,0.7342086241032151,4.956669014608648,5.0107514430561215,1.4148669984936377,both_fake
train/id00012/Z-G8-wqpxwU/00097/real.mp4,real,2.3113907386324444,-19.571788751728175,-10.762860075612068,3.135,0.8236092613675554,8.808928676116107,8.847347435040126,2.5072820683729122,real
train/id00012/Z-G8-wqpxwU/00097/real_video_fake_audio.mp4,real_video_fake_audio,2.379463245164339,-15.21826945019922,-10.960926858951296,3.583,1.2035367548356612,4.257342591247923,4.424191074026294,1.2304169563121712,audio_fake
train/id00012/Z-G8-wqpxwU/00098/fake_video_fake_audio.mp4,fake_video_fake_audio,2.279875328029623,-15.721983940132125,-10.896662777025156,2.094,0.18587532802962325,4.825321163106969,4.828899871057393,1.371255440432485,both_fake
train/id00012/Z-G8-wqpxwU/00098/real.mp4,real,2.902373506573889,-15.937206519416169,-10.97547481140534,2.619,0.2833735065738887,4.961731708010829,4.969817107953575,1.4105683774141962,real
train/id00012/Z-G8-wqpxwU/00098/real_video_fake_audio.mp4,real_video_fake_audio,1.996305609066629,-16.689714365717506,-10.896662777025156,2.094,0.09769439093337096,5.79305158869235,5.7938752923471535,1.645832485921887,audio_fake
train/id00012/Z-G8-wqpxwU/00100/fake_video_fake_audio.mp4,fake_video_fake_audio,2.2282119192749734,-19.32140971060038,-11.129750033911725,1.955,0.27321191927497335,8.191659676688657,8.19621455377547,2.327709456163856,both_fake
train/id00012/Z-G8-wqpxwU/00100/real_video_fake_audio.mp4,real_video_fake_audio,2.3303826654731417,-17.220228595972962,-11.129750033911725,1.955,0.3753826654731416,6.090478562061238,6.102035829169249,1.7316623907616189,audio_fake
train/id00012/Z-G8-wqpxwU/00101/fake_video_fake_audio.mp4,fake_video_fake_audio,2.435251547475904,-18.20443083077071,-12.189635455328354,2.808,0.3727484525240956,6.0147953754423575,6.026334276930038,1.7101595129521474,both_fake
train/id00012/Z-G8-wqpxwU/00101/real.mp4,real,3.3503541116597053,-18.20272045788127,-12.179986225187848,2.827,0.5233541116597054,6.022734232693422,6.045430271192311,1.7138037284170686,real
train/id00012/Z-G8-wqpxwU/00101/real_video_fake_audio.mp4,real_video_fake_audio,2.2350592632024453,-18.912409284134597,-12.189635455328354,2.808,0.5729407367975545,6.722773828806243,6.7471437691192175,1.912883953219782,audio_fake
train/id00012/Z-G8-wqpxwU/00102/fake_video_fake_audio.mp4,fake_video_fake_audio,3.393221704133528,-13.95103587368765,-9.416289645683364,3.061,0.33222170413352803,4.534746228004286,4.5468994505153155,1.289773644434891,both_fake
train/id00012/Z-G8-wqpxwU/00102/real.mp4,real,2.742686366410456,-17.88187636536401,-9.399411425081697,3.276,0.5333136335895436,8.482464940282314,8.49921378098534,2.4118400322086475,real
train/id00012/Z-G8-wqpxwU/00102/real_video_fake_audio.mp4,real_video_fake_audio,3.3632897562015347,-16.39215150376342,-9.416289645683364,3.061,0.30228975620153475,6.975861858080055,6.9824084497915555,1.9825648834250325,audio_fake
train/id00012/Z-G8-wqpxwU/00104/real.mp4,real,1.7192399140584491,-19.9459252456146,-9.171905676239987,2.172,0.45276008594155104,10.774019569374612,10.783528614358517,3.0619400299155943,real
train/id00012/Z-G8-wqpxwU/00104/real_video_fake_audio.mp4,real_video_fake_audio,5.169834914784311,-18.335125363177674,-8.700307445642029,1.737,3.432834914784311,9.634817917535646,10.228102065203892,2.8121059256436354,audio_fake
train/id00012/Z-G8-wqpxwU/00105/fake_video_fake_audio.mp4,fake_video_fake_audio,9.876894851449176,-16.943750163849835,-9.788447830784056,2.646,7.230894851449176,7.155302333065778,10.172718015864334,2.4450143254214107,both_fake
train/id00012/Z-G8-wqpxwU/00105/real.mp4,real,4.7016294366928815,-17.66858156436729,-9.786118328469474,2.514,2.1876294366928817,7.882463235897816,8.180400309127046,2.276721284010795,real
train/id00012/Z-G8-wqpxwU/00105/real_video_fake_audio.mp4,real_video_fake_audio,2.5968370021859584,-16.838004599827567,-9.788447830784056,2.646,0.04916299781404154,7.049556769043511,7.049728196201698,2.0027080830642143,audio_fake
train/id00012/Z-G8-wqpxwU/00106/fake_video_fake_audio.mp4,fake_video_fake_audio,2.288816075764709,-17.80706735126188,-11.007963222794304,3.03,0.7411839242352909,6.799104128467574,6.839383785056198,1.936550987237731,both_fake
train/id00012/Z-G8-wqpxwU/00106/real.mp4,real,2.864029116803969,-15.409519507595697,-11.170701832769394,4.061,1.1969708831960308,4.2388176748263025,4.404578819324152,1.22501718727742,real
train/id00012/Z-G8-wqpxwU/00106/real_video_fake_audio.mp4,real_video_fake_audio,2.5862178243915235,-15.625659781667627,-11.007963222794304,3.03,0.4437821756084763,4.617696558873323,4.638972313909442,1.314474834986112,audio_fake
train/id00012/Z-G8-wqpxwU/00107/fake_video_fake_audio.mp4,fake_video_fake_audio,4.238358303737802,-17.55089390047884,-9.134494308563015,2.834,1.4043583037378018,8.416399591915825,8.53276065151708,2.405506899996674,both_fake
train/id00012/Z-G8-wqpxwU/00107/real.mp4,real,2.4012899896040336,-17.269440440611895,-8.97898522472186,2.834,0.43271001039596646,8.290455215890034,8.301739916413617,2.356612847758915,real
train/id00012/Z-G8-wqpxwU/00107/real_video_fake_audio.mp4,real_video_fake_audio,2.5056970636840785,-15.13102899093683,-9.134494308563015,2.834,0.32830293631592156,5.996534682373815,6.0055150499274985,1.7046535952783466,audio_fake
train/id00012/Z-G8-wqpxwU/00108/fake_video_fake_audio.mp4,fake_video_fake_audio,2.2192869140409783,-20.26969761252502,-12.558821773658511,2.188,0.031286914040978164,7.71087583886651,7.710939312003792,2.1905667546980747,both_fake
train/id00012/Z-G8-wqpxwU/00108/real.mp4,real,3.861773499167732,-19.90663992360224,-13.261593723092474,2.321,1.5407734991677318,6.645046200509764,6.82133579166477,1.9098425901838445,real
train/id00012/Z-G8-wqpxwU/00108/real_video_fake_audio.mp4,real_video_fake_audio,2.26422580836216,-15.85855519033454,-12.558821773658511,2.188,0.07622580836215986,3.2997334166760286,3.3006137300491436,0.9375204786688258,audio_fake
train/id00012/Z-G8-wqpxwU/00109/fake_video_fake_audio.mp4,fake_video_fake_audio,2.4013266290447035,-18.98442175283949,-11.015807706086548,2.59,0.18867337095529635,7.968614046752943,7.970847349373588,2.264056506717071,both_fake
train/id00012/Z-G8-wqpxwU/00109/real.mp4,real,4.332804277293241,-19.41005506053255,-10.62983885834347,2.658,1.6748042772932412,8.780216202189079,8.938521461876308,2.514118613737124,real
train/id00012/Z-G8-wqpxwU/00109/real_video_fake_audio.mp4,real_video_fake_audio,2.5923897950481667,-17.263553417509495,-11.015807706086548,2.59,0.0023897950481668317,6.247745711422947,6.247746168477414,1.774902810485891,audio_fake
train/id00017/5MkXgwdrmJw/00002/fake_video_fake_audio.mp4,fake_video_fake_audio,1.849778287377904,-21.163947757238407,-7.602720710401369,1.748,0.10177828737790406,13.561227046837038,13.56160896927964,3.852614512329963,both_fake
train/id00017/5MkXgwdrmJw/00002/real.mp4,real,2.308220349079607,-18.880220266652707,-8.002164556201878,2.325,0.01677965092039324,10.878055710450829,10.878068651941708,3.090314807315313,real
train/id00017/5MkXgwdrmJw/00002/real_video_fake_audio.mp4,real_video_fake_audio,2.955972020796556,-20.637956740504045,-7.602720710401369,1.748,1.207972020796556,13.035236030102675,13.091087608121576,3.710089814574901,audio_fake
train/id00017/7t6lfzvVaTM/00003/fake_video_fake_audio.mp4,fake_video_fake_audio,2.938466510072808,-19.42900364910389,-8.145501560021742,1.999,0.9394665100728079,11.283502089082148,11.322544622030401,3.210352370640293,both_fake
train/id00017/7t6lfzvVaTM/00003/real.mp4,real,2.675808120548747,-18.1558208488094,-7.361774384806763,1.995,0.6808081205487468,10.794046464002639,10.815495308308954,3.0691145563549913,real
train/id00017/7t6lfzvVaTM/00003/real_video_fake_audio.mp4,real_video_fake_audio,2.4572042717746654,-15.828498141605843,-8.145501560021742,1.999,0.4582042717746653,7.682996581584101,7.696647817544046,2.18433624168568,audio_fake
train/id00017/7t6lfzvVaTM/00005/fake_video_fake_audio.mp4,fake_video_fake_audio,1.4774127165174638,-18.99349048966439,-6.976916851115215,0.98,0.49741271651746377,12.016573638549174,12.026864155765134,3.4150305128751874,both_fake
train/id00017/7t6lfzvVaTM/00005/real.mp4,real,2.2258337888929574,-19.49492959159446,-6.823193797487111,1.132,1.0938337888929575,12.671735794107349,12.718858454805813,3.6057370388371557,real
train/id00017/7t6lfzvVaTM/00005/real_video_fake_audio.mp4,real_video_fake_audio,1.897139830389436,-17.282230675835994,-6.976916851115215,0.98,0.917139830389436,10.305313824720779,10.346044582083916,2.932672617869201,audio_fake
train/id00017/7t6lfzvVaTM/00008/fake_video_fake_audio.mp4,fake_video_fake_audio,1.6926256805358575,-11.516481035030676,-5.94186947046512,2.108,0.4153743194641426,5.574611564565556,5.590065287727715,1.585596336654687,both_fake
train/id00017/7t6lfzvVaTM/00008/real.mp4,real,1.1553193886342277,-16.776057860445313,-5.694663720339706,2.041,0.8856806113657723,11.081394140105607,11.116731814419026,3.1524749041868256,real
train/id00017/7t6lfzvVaTM/00008/real_video_fake_audio.mp4,real_video_fake_audio,1.2915250263334428,-17.726010239847582,-5.94186947046512,2.108,0.8164749736665573,11.784140769382462,11.812392012426853,3.35123370598038,audio_fake
train/id00017/7t6lfzvVaTM/00009/fake_video_fake_audio.mp4,fake_video_fake_audio,1.534868104783101,-7.81469419602245,-5.495296228163131,1.704,0.16913189521689898,2.3193979678593193,2.325556391767269,0.659676572533017,both_fake
train/id00017/7t6lfzvVaTM/00009/real.mp4,real,1.5245168221390584,-16.488170521927206,-5.478470759446761,1.791,0.26648317786094156,11.009699762480444,11.01292432299636,3.1281123518700675,real
train/id00017/7t6lfzvVaTM/00009/real_video_fake_audio.mp4,real_video_fake_audio,36.06683658814313,-10.52118491634532,-5.495296228163131,1.704,34.36283658814313,5.025888688182189,34.72843353060178,6.612906623213494,audio_fake
train/id00017/7t6lfzvVaTM/00010/fake_video_fake_audio.mp4,fake_video_fake_audio,15.286220470204285,-17.890059979089724,-4.995210020270069,1.34,13.946220470204285,12.894849958819655,18.9940575144969,4.504084725142344,both_fake
train/id00017/7t6lfzvVaTM/00010/real.mp4,real,20.536028714734087,-19.192082633159377,-4.835991199134901,1.586,18.95002871473409,14.356091434024474,23.773955277810156,5.4140950756673165,real
train/id00017/7t6lfzvVaTM/00010/real_video_fake_audio.mp4,real_video_fake_audio,2.2222090730369986,-19.37874192404545,-4.995210020270069,1.34,0.8822090730369985,14.383531903775381,14.4105615045172,4.0895342686593565,audio_fake
train/id00017/8_a6O3vdlU0/00013/fake_video_fake_audio.mp4,fake_video_fake_audio,2.160151981044742,-16.163222278667455,-10.456891670972777,3.208,1.0478480189552584,5.706330607694678,5.80174064183686,1.6330073223793,both_fake
train/id00017/8_a6O3vdlU0/00013/real.mp4,real,1.426841784796341,-12.522288617603913,-10.226392634004428,2.766,1.339158215203659,2.2958959835994843,2.657909534362615,0.6990913754646675,real
train/id00017/8_a6O3vdlU0/00013/real_video_fake_audio.mp4,real_video_fake_audio,2.7936388649808244,-12.35146998214663,-10.456891670972777,3.208,0.4143611350191758,1.894578311173854,1.9393612678881549,0.5438274195011216,audio_fake
train/id00017/8_a6O3vdlU0/00015/fake_video_fake_audio.mp4,fake_video_fake_audio,7.377774777625023,-17.656413447045324,-1.6347056523924763,1.377,6.000774777625023,16.021707794652848,17.10860656479716,4.689146442155449,both_fake
train/id00017/8_a6O3vdlU0/00015/real.mp4,real,9.6911058784555,-16.390392708298627,-2.16839856514972,1.42,8.2711058784555,14.221994143148907,16.452243307840515,4.328897060013688,real
train/id00017/8_a6O3vdlU0/00015/real_video_fake_audio.mp4,real_video_fake_audio,13.086113241693257,-15.803926370191055,-1.6347056523924763,1.377,11.709113241693256,14.169220717798579,18.381244480624506,4.587354029838993,audio_fake
train/id00017/8_a6O3vdlU0/00018/fake_video_fake_audio.mp4,fake_video_fake_audio,2.634382284994897,-10.126997357936286,-7.994962369038204,3.814,1.179617715005103,2.1320349888980825,2.4366105859245355,0.6449676761659844,both_fake
train/id00017/8_a6O3vdlU0/00018/real.mp4,real,2.5928079134760247,-12.116609037459726,-6.833635037146941,3.353,0.7601920865239755,5.282974000312786,5.337387590984427,1.5076061052799992,real
train/id00017/8_a6O3vdlU0/00018/real_video_fake_audio.mp4,real_video_fake_audio,3.371366405068676,-12.25019068908411,-7.994962369038204,3.814,0.44263359493132404,4.255228320045907,4.278187999034467,1.2117125432441953,audio_fake
train/id00017/8_a6O3vdlU0/00020/fake_video_fake_audio.mp4,fake_video_fake_audio,2.225699548888264,-16.157941663888803,-4.268536690547825,2.058,0.167699548888264,11.889404973340977,11.890587612006502,3.3777712724701616,both_fake
train/id00017/8_a6O3vdlU0/00020/real.mp4,real,1.8936288028128336,-12.765722365360345,-4.290696961956208,2.668,0.7743711971871665,8.475025403404137,8.510329390768522,2.412036682696527,real
train/id00017/8_a6O3vdlU0/00020/real_video_fake_audio.mp4,real_video_fake_audio,2.201916407182541,-11.341508519247885,-4.268536690547825,2.058,0.14391640718254095,7.07297182870006,7.074435837707555,2.0095206554997027,audio_fake
train/id00017/8_a6O3vdlU0/00021/fake_video_fake_audio.mp4,fake_video_fake_audio,1.246702632586324,-11.66123667943127,-5.763453549292188,2.717,1.4702973674136761,5.897783130139081,6.0782908945506,1.6981081510510072,both_fake
train/id00017/8_a6O3vdlU0/00021/real.mp4,real,1.4438660115684236,-13.456935273441648,-6.441285172732711,2.604,1.1601339884315764,7.015650100708936,7.110925200470855,2.00494067964623,real
train/id00017/8_a6O3vdlU0/00021/real_video_fake_audio.mp4,real_video_fake_audio,1.2902344437579396,-8.06536311149802,-5.763453549292188,2.717,1.4267655562420605,2.3019095622058314,2.708218526089311,0.7067643759502904,audio_fake
train/id00017/ABlWCST1MPY/00022/real.mp4,real,2.40946072290325,-19.22399774932444,-11.200611557370546,2.472,0.06253927709675011,8.023386191953893,8.02362992332125,2.279369258107645,real
train/id00017/ABlWCST1MPY/00022/real_video_fake_audio.mp4,real_video_fake_audio,2.027094691895207,-16.77161080961527,-11.5913976808274,2.604,0.5769053081047932,5.180213128787871,5.212238271048793,1.4756179105028264,audio_fake
train/id00017/ABlWCST1MPY/00023/fake_video_fake_audio.mp4,fake_video_fake_audio,2.52088686425584,-13.168250821502436,-10.993692957973934,2.323,0.19788686425584023,2.174557863528502,2.1835432473112717,0.6188814720590514,both_fake
train/id00017/ABlWCST1MPY/00023/real.mp4,real,1.5829010536259354,-7.548480523728093,-10.08680781649012,2.668,1.0850989463740648,2.538327292762027,2.760533493475981,0.7493773147067946,real
train/id00017/ABlWCST1MPY/00023/real_video_fake_audio.mp4,real_video_fake_audio,2.208766392177281,-21.7258900010634,-10.993692957973934,2.323,0.11423360782271885,10.732197043089467,10.732804977677294,3.048952220322807,audio_fake
train/id00017/ABlWCST1MPY/00024/fake_video_fake_audio.mp4,fake_video_fake_audio,2.201995895171095,-13.183599977536552,-11.923783199086008,2.344,0.1420041048289047,1.2598167784505439,1.2677947314347717,0.3588907625345306,both_fake
train/id00017/ABlWCST1MPY/00024/real.mp4,real,1.9495068928011452,-18.76312558830104,-11.4531365586945,2.377,0.4274931071988546,7.309989029606541,7.322478403496354,2.0782251747077662,real
train/id00017/ABlWCST1MPY/00024/real_video_fake_audio.mp4,real_video_fake_audio,1.7042402465898894,-18.893005385589227,-11.923783199086008,2.344,0.6397597534101105,6.9692221865032185,6.9985248750670355,1.9835109932243593,audio_fake
train/id00017/AXAl9BX9-sQ/00025/fake_video_fake_audio.mp4,fake_video_fake_audio,2.4190024068659484,-16.65101676665459,-2.406663619952882,1.61,0.8090024068659483,14.244353146701707,14.26730813651495,4.0494885061491175,both_fake
train/id00017/AXAl9BX9-sQ/00025/real.mp4,real,2.9163927782699486,-14.51806488800712,-2.364963041883762,1.612,1.3043927782699485,12.153101846123358,12.22290166049984,3.4612262452348728,real
train/id00017/AXAl9BX9-sQ/00025/real_video_fake_audio.mp4,real_video_fake_audio,2.5400005748624856,-8.964710431698851,-2.406663619952882,1.61,0.9300005748624856,6.558046811745969,6.62366054793692,1.8712329644050996,audio_fake
train/id00017/AXAl9BX9-sQ/00026/fake_video_fake_audio.mp4,fake_video_fake_audio,3.023600438409231,-8.45309869770672,-2.4166009240010107,1.863,1.1606004384092312,6.036497773705709,6.147056104314461,1.7287010752682135,both_fake
train/id00017/AXAl9BX9-sQ/00026/real.mp4,real,2.3724420150498697,-19.101785054910643,-2.2988431959030367,1.979,0.39344201504986964,16.802941859007607,16.80754746345809,4.7740682353124955,real
train/id00017/AXAl9BX9-sQ/00026/real_video_fake_audio.mp4,real_video_fake_audio,2.919597955921678,-14.08166006853482,-2.4166009240010107,1.863,1.0565979559216778,11.66505914453381,11.712813670759461,3.319832621486603,audio_fake
train/id00017/b5TvWN3x0HA/00096/fake_video_fake_audio.mp4,fake_video_fake_audio,2.331630171863168,-14.033552509467173,-10.008743749001754,1.668,0.6636301718631679,4.024808760465419,4.079153167426582,1.1501752314015743,both_fake
train/id00017/b5TvWN3x0HA/00096/real.mp4,real,2.1155442708709216,-15.921769893617784,-9.24775384174399,2.245,0.12945572912907855,6.674016051873794,6.6752714586354776,1.8961566141845878,real
train/id00017/b5TvWN3x0HA/00096/real_video_fake_audio.mp4,real_video_fake_audio,2.8896089613824247,-13.94658212068488,-10.008743749001754,1.668,1.2216089613824248,3.9378383716831262,4.122972167748633,1.1419959847936674,audio_fake
train/id00017/b5TvWN3x0HA/00097/fake_video_fake_audio.mp4,fake_video_fake_audio,34.27084247584784,-10.432626202443751,-8.766664875181272,2.619,31.651842475847843,1.6659613272624796,31.695655211082478,5.966323609999226,both_fake
train/id00017/b5TvWN3x0HA/00097/real.mp4,real,25.783386918427336,-13.70582638366443,-8.210139989149113,2.561,23.222386918427336,5.495686394515317,23.863818284926783,4.634482666504662,real
train/id00017/b5TvWN3x0HA/00097/real_video_fake_audio.mp4,real_video_fake_audio,1.775008248477018,-11.34660028091466,-8.766664875181272,2.619,0.8439917515229822,2.579935405733389,2.714477624589221,0.7498873656792756,audio_fake
train/id00017/b5TvWN3x0HA/00098/fake_video_fake_audio.mp4,fake_video_fake_audio,1.9551155931162243,-7.26134675867523,-7.381065880377733,2.131,0.1758844068837755,0.1197191217025031,0.21276276151168053,0.04742352258220689,both_fake
train/id00017/b5TvWN3x0HA/00098/real.mp4,real,2.62233348060054,-13.314728877903264,-6.782259160148739,2.019,0.6033334806005399,6.532469717754524,6.560272242993688,1.859248715451415,real
train/id00017/b5TvWN3x0HA/00098/real_video_fake_audio.mp4,real_video_fake_audio,1.5375176861684,-8.278024230072957,-7.381065880377733,2.157325653215741,0.6198079670473413,0.8969583496952236,1.0902734506092209,0.2801682718805223,audio_fake
train/id00017/ddLPBVSzuPs/00101/fake_video_fake_audio.mp4,fake_video_fake_audio,15.117608784771974,-12.43455508734258,-3.351574996850138,1.181,13.936608784771973,9.082980090492443,16.6351913648165,3.676423912662382,both_fake
train/id00017/ddLPBVSzuPs/00101/real.mp4,real,15.960786778543389,-13.494196208794005,-3.462928209769054,1.231,14.729786778543389,10.031267999024951,17.821137904455306,3.972626664893287,real
train/id00017/ddLPBVSzuPs/00101/real_video_fake_audio.mp4,real_video_fake_audio,7.334929451860275,-12.112318775925797,-3.351574996850138,1.7937026895968429,5.541226762263433,8.760743779075659,10.36609017872396,2.6978380044822554,audio_fake
train/id00017/ddLPBVSzuPs/00103/fake_video_fake_audio.mp4,fake_video_fake_audio,1.893681331582937,-12.102835070466991,-10.34531383554226,3.375,1.481318668417063,1.757521234924731,2.298518194100767,0.571634493299002,both_fake
train/id00017/ddLPBVSzuPs/00103/real.mp4,real,1.6766299336973265,-8.599040499162017,-10.42778602182861,3.529,1.8523700663026734,1.8287455226665923,2.602995399382657,0.6253443470189353,real
train/id00017/ddLPBVSzuPs/00103/real_video_fake_audio.mp4,real_video_fake_audio,1.3882491175255665,-8.163361222855851,-10.34531383554226,1.695425242356525,0.3071761248309586,2.181952612686409,2.2034687144761578,0.6225457082677281,audio_fake
train/id00017/E6aqL_Nc410/00028/fake_video_fake_audio.mp4,fake_video_fake_audio,2.186958399367955,-21.220855426653923,-9.54265773337696,1.643,0.5439583993679549,11.678197693276964,11.69085933982196,3.3191972076729335,both_fake
train/id00017/E6aqL_Nc410/00028/real.mp4,real,1.7985709500773346,-14.868235447193882,-9.59124803334113,1.218,0.5805709500773346,5.276987413852753,5.308828382424324,1.5030871237032142,real
train/id00017/E6aqL_Nc410/00028/real_video_fake_audio.mp4,real_video_fake_audio,2.058539213649963,-13.7066462726742,-9.54265773337696,1.643,0.41553921364996316,4.163988539297241,4.18467124078817,1.185508782300208,audio_fake
train/id00017/gjYcaCzo7UU/00106/fake_video_fake_audio.mp4,fake_video_fake_audio,3.167834017760264,-15.036633293738292,-7.189755549504183,1.486,1.681834017760264,7.846877744234109,8.025089158149722,2.251484533969498,both_fake
train/id00017/gjYcaCzo7UU/00106/real.mp4,real,2.7553754384963915,-15.077775458123742,-7.338656299704473,1.512,1.2433754384963915,7.739119158419269,7.838363848997332,2.2109614105201705,real
train/id00017/gjYcaCzo7UU/00106/real_video_fake_audio.mp4,real_video_fake_audio,2.1358123867524754,-14.674204151074392,-7.189755549504183,2.036696697576307,0.09911568917616842,7.484448601570208,7.485104861615976,2.126315418477897,audio_fake
train/id00017/gjYcaCzo7UU/00107/fake_video_fake_audio.mp4,fake_video_fake_audio,4.497446203929368,-10.370001378013203,-6.804018534331063,1.425,3.072446203929368,3.56598284368214,4.707032963287525,1.1660077562743254,both_fake
train/id00017/gjYcaCzo7UU/00107/real.mp4,real,3.351882608165116,-12.014210423882894,-6.791345873143298,1.538,1.8138826081651158,5.222864550739596,5.528877302995266,1.522391562917505,real
train/id00017/gjYcaCzo7UU/00107/real_video_fake_audio.mp4,real_video_fake_audio,1.804737233540371,-15.44343705398417,-6.804018534331063,1.454362295265965,0.35037493827440613,8.639418519653105,8.646520395806387,2.4552285532445084,audio_fake
train/id00017/gjYcaCzo7UU/00108/fake_video_fake_audio.mp4,fake_video_fake_audio,2.4476624545381265,-17.143983015444046,-7.331802848451462,1.358,1.0896624545381264,9.812180166992585,9.872499374239164,2.795021686292162,both_fake
train/id00017/gjYcaCzo7UU/00108/real.mp4,real,2.091149306161933,-14.583762313832548,-7.172215221915613,1.167,0.9241493061619328,7.411547091916935,7.4689411723337304,2.1126722653321424,real
train/id00017/gjYcaCzo7UU/00108/real_video_fake_audio.mp4,real_video_fake_audio,2.653948441466483,-14.81438186140472,-7.331802848451462,1.4179452409677546,1.2360032004987285,7.4825790129532574,7.5839760414133455,2.1383527278233716,audio_fake
train/id00017/gjYcaCzo7UU/00110/real.mp4,real,1.9356988829739736,-16.506073099280023,-6.728727073890289,1.621,0.31469888297397364,9.777346025389734,9.782409247580551,2.7782453695508122,real
train/id00017/gjYcaCzo7UU/00110/real_video_fake_audio.mp4,real_video_fake_audio,2.659395671592211,-14.69649287980259,-6.47156753671471,1.7204539467967457,0.9389417247954654,8.224925343087879,8.278345756365287,2.343245114950868,audio_fake
train/id00017/gjYcaCzo7UU/00111/fake_video_fake_audio.mp4,fake_video_fake_audio,2.5701083645003107,-15.73977841793463,-8.560439067089522,1.35,1.2201083645003106,7.179339350845108,7.282278347860419,2.0524014798119676,both_fake
train/id00017/gjYcaCzo7UU/00111/real.mp4,real,2.830985170593448,-20.9047534034299,-8.059182039136974,1.456,1.374985170593448,12.845571364292926,12.918950727303448,3.6583932951533362,real
train/id00017/gjYcaCzo7UU/00111/real_video_fake_audio.mp4,real_video_fake_audio,2.6869816597990823,-17.265236445337436,-8.560439067089522,1.545552244996502,1.1414294148025803,8.704797378247914,8.779314238898635,2.4822025958621348,audio_fake
train/id00017/gjYcaCzo7UU/00112/fake_video_fake_audio.mp4,fake_video_fake_audio,2.3227126501515047,-17.91717037251534,-7.092969577316204,1.789,0.5337126501515048,10.824200795199136,10.837350785488184,3.0766486433730256,both_fake
train/id00017/gjYcaCzo7UU/00112/real.mp4,real,2.5411567424572272,-18.707976552841757,-7.04253501659173,1.737,0.8041567424572271,11.665441536250027,11.693125942283647,3.317442287146623,real
train/id00017/gjYcaCzo7UU/00112/real_video_fake_audio.mp4,real_video_fake_audio,2.353629414338372,-18.717983501374185,-7.092969577316204,1.9771226625479448,0.37650675179042703,11.625013924057981,11.631109408336151,3.3032719437139493,audio_fake
train/id00017/gjYcaCzo7UU/00113/fake_video_fake_audio.mp4,fake_video_fake_audio,15.793610907897314,-16.53966291281511,-7.964135959045428,1.605,14.188610907897313,8.575526953769682,16.578791935196392,3.611530564418484,both_fake
train/id00017/gjYcaCzo7UU/00113/real_video_fake_audio.mp4,real_video_fake_audio,1.3552719496987793,-15.477884960353034,-7.964135959045428,1.5471393781940348,0.1918674284952555,7.513749001307606,7.516198318616163,2.134862156620699,audio_fake
train/id00017/gjYcaCzo7UU/00115/fake_video_fake_audio.mp4,fake_video_fake_audio,1.2472995153170954,-16.101364651110025,-11.005363751577857,1.55,0.30270048468290467,5.096000899532168,5.104983129400129,1.4488240530823002,both_fake
train/id00017/gjYcaCzo7UU/00115/real.mp4,real,2.02270830986839,-19.14119369049747,-9.952139011655603,1.917,0.10570830986838975,9.189054678841867,9.18966267811397,2.61056568754132,real
train/id00017/gjYcaCzo7UU/00115/real_video_fake_audio.mp4,real_video_fake_audio,2.4436241086278416,-21.26482096342563,-11.005363751577857,2.2719913983616693,0.17163271026617233,10.259457211847774,10.26089275204495,2.9147558897349675,audio_fake
train/id00017/hcr4tT9y3xs/00117/fake_video_fake_audio.mp4,fake_video_fake_audio,3.2616445625210884,-16.223372557622163,-9.75084302393386,1.798,1.4636445625210883,6.472529533688302,6.635954638924596,1.8592150419230948,both_fake
train/id00017/hcr4tT9y3xs/00117/real.mp4,real,15.064405991755091,-13.590454550806026,-9.548522240128994,1.967,13.09740599175509,4.041932310677032,13.70690557773552,2.7157545793985856,real
train/id00017/hcr4tT9y3xs/00117/real_video_fake_audio.mp4,real_video_fake_audio,2.2665397598741137,-20.92688507258593,-9.75084302393386,1.7636188943852398,0.5029208654888739,11.176042048652068,11.187352022269756,3.1763732897963703,audio_fake
train/id00017/iJOjkDq6rW8/00118/fake_video_fake_audio.mp4,fake_video_fake_audio,1.7790265679945083,-13.780752477693474,-6.810501481053297,1.639,0.1400265679945083,6.970250996640177,6.971657363633679,1.9803318472731748,both_fake
train/id00017/iJOjkDq6rW8/00118/real.mp4,real,2.146899012615571,-15.751624101532682,-7.017542680159197,1.933,0.2138990126155711,8.734081421373485,8.73670023880752,2.481563685184316,real
train/id00017/iJOjkDq6rW8/00118/real_video_fake_audio.mp4,real_video_fake_audio,2.520051147673278,-19.347875272693543,-6.810501481053297,1.5841522474944962,0.9358989001787819,12.537373791640245,12.572257090223042,3.5660426420684743,audio_fake
train/id00017/iJOjkDq6rW8/00123/fake_video_fake_audio.mp4,fake_video_fake_audio,2.562295870596358,-18.525200478940015,-6.263798544307963,1.485,1.0772958705963578,12.261401934632051,12.308636959281989,3.4891807616986896,both_fake
train/id00017/iJOjkDq6rW8/00123/real_video_fake_audio.mp4,real_video_fake_audio,2.065768546367321,-17.138379950614777,-6.263798544307963,2.5383734536091875,0.47260490724186655,10.874581406306813,10.884846170743202,3.0906023019263227,audio_fake
train/id00017/iJOjkDq6rW8/00124/fake_video_fake_audio.mp4,fake_video_fake_audio,1.7285417766720528,-18.349482853928823,-6.802345042383512,1.481,0.24754177667205268,11.547137811545312,11.549790845293149,3.2807204202215754,both_fake
train/id00017/iJOjkDq6rW8/00124/real.mp4,real,1.3842517547555284,-19.550045891357176,-6.541038216553028,1.426,0.041748245244471516,13.009007674804147,13.009074663445292,3.6956970767524284,real
train/id00017/iJOjkDq6rW8/00124/real_video_fake_audio.mp4,real_video_fake_audio,1.2228220859737515,-20.710922101892315,-6.802345042383512,1.9319523435674648,0.7091302575937133,13.908577059508804,13.926642866912669,3.953490785739722,audio_fake
train/id00017/iJOjkDq6rW8/00126/fake_video_fake_audio.mp4,fake_video_fake_audio,1.6552309768484406,-14.104260277010455,-5.688649568494123,2.151,0.49576902315155924,8.415610708516333,8.430201096154908,2.3925790828529316,both_fake
train/id00017/iJOjkDq6rW8/00126/real.mp4,real,2.9264333577479373,-14.569832615344092,-5.377500141053887,2.089,0.8374333577479374,9.192332474290204,9.230399284243301,2.6161579795749725,real
train/id00017/iJOjkDq6rW8/00126/real_video_fake_audio.mp4,real_video_fake_audio,19.74276212517718,-15.751954609344663,-5.688649568494123,1.6151300611954116,18.127632063981768,10.06330504085054,20.733575489825864,4.446984340267433,audio_fake
train/id00017/iJOjkDq6rW8/00128/fake_video_fake_audio.mp4,fake_video_fake_audio,3.981361868213066,-14.627314460438257,-5.943661673371374,2.699,1.2823618682130662,8.683652787066883,8.77782875700941,2.4786523694982434,both_fake
train/id00017/iJOjkDq6rW8/00128/real.mp4,real,1.8529603171526765,-17.106359988288485,-5.935696600538005,3.486,1.6330396828473237,11.17066338775048,11.289399413971637,3.1882403738657557,real
train/id00017/iJOjkDq6rW8/00128/real_video_fake_audio.mp4,real_video_fake_audio,2.198202213615149,-16.898524866135524,-5.943661673371374,1.4495142857897108,0.7486879278254381,10.95486319276415,10.9804171680975,3.1153112876232165,audio_fake
train/id00017/iJOjkDq6rW8/00129/fake_video_fake_audio.mp4,fake_video_fake_audio,1.3721282234501455,-13.599508736266168,-6.185393595931245,1.617,0.24487177654985448,7.414115140334923,7.418157823954289,2.1067555638588678,both_fake
train/id00017/iJOjkDq6rW8/00129/real.mp4,real,1.644019496749407,-14.62560715983465,-6.040156245028697,1.912,0.26798050325059286,8.585450914805953,8.589632178426783,2.4395339385776507,real
train/id00017/iJOjkDq6rW8/00129/real_video_fake_audio.mp4,real_video_fake_audio,2.66575933657408,-14.541351476693528,-6.185393595931245,1.8941082295418483,0.7716511070322318,8.355957880762283,8.391512231776664,2.378242422233242,audio_fake
train/id00017/kN2iEvnTHc4/00131/fake_video_fake_audio.mp4,fake_video_fake_audio,1.6706523945588183,-12.737852559870031,-4.165421737234899,1.782,0.11134760544118172,8.572430822635132,8.573153941117722,2.435405232025705,both_fake
train/id00017/kN2iEvnTHc4/00131/real.mp4,real,1.2666489666620335,-18.069473573426382,-2.899506028813168,1.818,0.5513510333379665,15.169967544613215,15.179983638547872,4.310834249736144,real
train/id00017/kN2iEvnTHc4/00133/fake_video_fake_audio.mp4,fake_video_fake_audio,1.7972773104050366,-13.151433500672944,-11.131871876584752,1.512,0.28527731040503657,2.019561624088192,2.0396108200638836,0.5762297812180999,both_fake
train/id00017/kN2iEvnTHc4/00133/real.mp4,real,0.6947159001706902,-18.456182092661656,-11.279927673621636,1.531,0.8362840998293097,7.176254419040021,7.224818238711528,2.044727188361635,real
train/id00017/kN2iEvnTHc4/00135/fake_video_fake_audio.mp4,fake_video_fake_audio,1.8584285492197044,-17.866078058405805,-11.00516277308881,1.629,0.22942854921970435,6.860915285316995,6.864750251210414,1.9495729096242458,both_fake
train/id00017/kN2iEvnTHc4/00135/real.mp4,real,1.6857567499552084,-14.325934964907622,-8.955918881929914,1.791,0.10524325004479151,5.370016082977708,5.371047278987519,1.5256794289026265,real
train/id00017/KtadqxztRBk/00031/real.mp4,real,1.5233586976064006,-20.047122818720432,-9.401589175990717,1.94,0.4166413023935993,10.645533642729715,10.653683706275048,3.0252698825528546,real
train/id00017/KtadqxztRBk/00031/real_video_fake_audio.mp4,real_video_fake_audio,2.1577796140726138,-17.966676830450115,-8.816266527918074,1.785,0.37277961407261384,9.150410302532041,9.158000510228891,2.600455337136557,audio_fake
train/id00017/lvX8diWgriA/00169/fake_video_fake_audio.mp4,fake_video_fake_audio,2.47934966747636,-15.557060035450752,-8.138457254214623,1.858,0.6213496674763599,7.418602781236128,7.444578069644874,2.110759461848711,both_fake
train/id00017/lvX8diWgriA/00169/real.mp4,real,1.1561587608454578,-13.066733714402307,-7.850554069169789,2.001,0.8448412391545421,5.216179645232518,5.284154313673497,1.4903274442300938,real
train/id00017/lvX8diWgriA/00169/real_video_fake_audio.mp4,real_video_fake_audio,2.0874574116651816,-14.470053273695704,-8.138457254214623,1.30147257034746,0.7859848413177217,6.331596019481081,6.380194379851598,1.804776630596516,audio_fake
train/id00017/lvX8diWgriA/00170/fake_video_fake_audio.mp4,fake_video_fake_audio,1.6893267721074636,-18.73192422093684,-8.275445433523817,1.982,0.29267322789253636,10.456478787413023,10.460573896777536,2.971057736555461,both_fake
train/id00017/lvX8diWgriA/00170/real.mp4,real,1.5698227589267202,-11.093585099816448,-8.147043443450997,1.969,0.3991772410732799,2.9465416563654507,2.9734576174022944,0.8404277485186609,real
train/id00017/lvX8diWgriA/00171/fake_video_fake_audio.mp4,fake_video_fake_audio,2.9943373975370786,-14.63135141437357,-6.536343184643414,1.691,1.3033373975370786,8.095008229730157,8.199258906219372,2.312689439339806,both_fake
train/id00017/lvX8diWgriA/00171/real.mp4,real,1.79758833170194,-19.14467000131759,-6.489970678225143,1.813,0.015411668298059844,12.654699323092446,12.654708707725996,3.595035553661974,real
train/id00017/lvX8diWgriA/00171/real_video_fake_audio.mp4,real_video_fake_audio,2.194164229356081,-12.112481797697912,-6.536343184643414,1.5536212636351798,0.6405429657209012,5.576138613054498,5.612808309833133,1.5886739139988455,audio_fake
train/id00017/lvX8diWgriA/00173/fake_video_fake_audio.mp4,fake_video_fake_audio,2.3620624054453008,-11.193943694137324,-7.683486252084784,1.442,0.9200624054453008,3.51045744205254,3.6290255279311356,1.0121493166734692,both_fake
train/id00017/lvX8diWgriA/00173/real.mp4,real,2.290163519567501,-16.09690769202202,-7.511463903018525,1.325,0.9651635195675012,8.585443789003497,8.6395246208135,2.445745547434222,real
train/id00017/lvX8diWgriA/00173/real_video_fake_audio.mp4,real_video_fake_audio,1.9923906856154876,-14.305475116737444,-7.683486252084784,1.7869257568224683,0.20546492879301925,6.62198886465266,6.625175647524203,1.8816164602869159,audio_fake
train/id00017/lvX8diWgriA/00174/fake_video_fake_audio.mp4,fake_video_fake_audio,2.9245268442386934,-12.324830178801712,-7.69234214967784,1.332,1.5925268442386933,4.632488029123872,4.898580109541624,1.3496218587139934,both_fake
train/id00017/lvX8diWgriA/00174/real.mp4,real,2.210862210616612,-17.008189764142557,-7.426510857677253,1.421,0.7898622106166118,9.581678906465303,9.614179787083362,2.7260727822432633,real
train/id00017/lvX8diWgriA/00174/real_video_fake_audio.mp4,real_video_fake_audio,2.6647240703068844,-15.431606772510138,-7.69234214967784,2.4117835088507658,0.25294056145611865,7.739264622832298,7.743396918010421,2.199137412145973,audio_fake
train/id00017/lvX8diWgriA/00175/fake_video_fake_audio.mp4,fake_video_fake_audio,1.1375931258342538,-16.764445205011803,-7.753438654301778,1.213,0.07540687416574632,9.011006550710025,9.011322059143732,2.5599481919551446,both_fake
train/id00017/lvX8diWgriA/00175/real_video_fake_audio.mp4,real_video_fake_audio,1.699226718786692,-11.68463138397817,-7.753438654301778,1.307088715960116,0.39213800282657596,3.9311927296763916,3.9507022782185617,1.1192285279161847,audio_fake
train/id00017/lvX8diWgriA/00176/fake_video_fake_audio.mp4,fake_video_fake_audio,12.619491810855656,-13.53696973479085,-8.735218223384283,1.507,11.112491810855657,4.801751511406566,12.105547977007454,2.494176372322104,both_fake
train/id00017/lvX8diWgriA/00176/real.mp4,real,9.903556931880786,-13.106591156153144,-8.682327726477912,1.175,8.728556931880785,4.424263429675232,9.785796493298118,2.0663440862247406,real
train/id00017/lvX8diWgriA/00176/real_video_fake_audio.mp4,real_video_fake_audio,14.549004745922318,-11.997790121134951,-8.735218223384283,1.6462771986617777,12.90272754726054,3.262571897750668,13.308822395194413,2.5956044228195836,audio_fake
train/id00017/lvX8diWgriA/00177/fake_video_fake_audio.mp4,fake_video_fake_audio,2.199922594701049,-12.150136413297297,-8.162249741667955,0.929,1.2709225947010487,3.987886671629342,4.185508851678682,1.1578031243350582,both_fake
train/id00017/lvX8diWgriA/00177/real.mp4,real,3.244193077185192,-10.140217112776268,-6.81843544323775,1.086,2.1581930771851923,3.3217816695385185,3.9613168036010697,1.027122108603,real
train/id00017/lvX8diWgriA/00177/real_video_fake_audio.mp4,real_video_fake_audio,2.3688923734951906,-13.828639306716504,-8.162249741667955,1.6483925725405828,0.7204998009546077,5.666389565048549,5.712012838401775,1.6154302242562082,audio_fake
train/id00017/lvX8diWgriA/00178/fake_video_fake_audio.mp4,fake_video_fake_audio,2.9144592871779658,-12.943699694124096,-6.972937538273012,1.37,1.5444592871779657,5.970762155851084,6.167281022581487,1.7208628156191434,both_fake
train/id00017/lvX8diWgriA/00178/real.mp4,real,2.070061938114162,-15.114521712836387,-6.959755865348443,1.337,0.7330619381141619,8.154765847487944,8.187648370104048,2.320753676689944,real
train/id00017/lvX8diWgriA/00178/real_video_fake_audio.mp4,real_video_fake_audio,2.327847058086957,-15.845543618566778,-6.972937538273012,3.0025732214305223,0.6747261633435655,8.872606080293766,8.898224207760009,2.523777779389606,audio_fake
train/id00017/lvX8diWgriA/00179/fake_video_fake_audio.mp4,fake_video_fake_audio,2.700962797941984,-13.041047592290326,-7.63301028599214,2.062,0.6389627979419843,5.408037306298186,5.4456534009673065,1.5410368708262896,both_fake
train/id00017/lvX8diWgriA/00179/real.mp4,real,2.536088624916736,-10.849876435504235,-7.502537029847238,2.108,0.42808862491673594,3.3473394056569976,3.3746023421208085,0.9543314395243035,real
train/id00017/lvX8diWgriA/00179/real_video_fake_audio.mp4,real_video_fake_audio,2.205345808616722,-15.07866904179641,-7.63301028599214,1.488548250341866,0.7167975582748558,7.44565875580427,7.480082422502681,2.1194981047287444,audio_fake
train/id00017/lvX8diWgriA/00180/fake_video_fake_audio.mp4,fake_video_fake_audio,2.6410496852772694,-15.06956379109756,-7.474185746424594,1.231,1.4100496852772693,7.595378044672965,7.7251542221790395,2.1739537800979463,both_fake
train/id00017/lvX8diWgriA/00180/real.mp4,real,2.005836338181056,-18.852128331215773,-7.037532355407462,1.433,0.572836338181056,11.814595975808311,11.828474945736945,3.358097560365491,real
train/id00017/lvX8diWgriA/00181/fake_video_fake_audio.mp4,fake_video_fake_audio,3.015324297302234,-20.8656952552449,-7.9206572011341825,1.706,1.309324297302234,12.945038054110718,13.011085286703818,3.6857363337645146,both_fake
train/id00017/lvX8diWgriA/00181/real.mp4,real,1.9650941475277652,-17.67707684660585,-7.7019130174190575,1.729,0.23609414752776514,9.975163829186792,9.977957399468758,2.834160666785186,real
train/id00017/lvX8diWgriA/00181/real_video_fake_audio.mp4,real_video_fake_audio,2.650186396774453,-17.691176981481366,-7.9206572011341825,1.069848534845703,1.58033786192875,9.770519780347183,9.897500923768641,2.7915161100001056,audio_fake
train/id00017/lvX8diWgriA/00182/fake_video_fake_audio.mp4,fake_video_fake_audio,2.358519849757396,-17.52970066516927,-7.529480133946542,1.68,0.6785198497573959,10.000220531222727,10.023213050694041,2.8437912176325604,both_fake
train/id00017/lvX8diWgriA/00182/real.mp4,real,1.557033762843939,-16.549760375981354,-7.459795859418142,1.778,0.220966237156061,9.089964516563212,9.092649833263193,2.58267367810652,real
train/id00017/lvX8diWgriA/00183/fake_video_fake_audio.mp4,fake_video_fake_audio,2.503398028216113,-16.759800359251706,-7.412228515947584,1.791,0.7123980282161129,9.347571843304122,9.374679211383087,2.6588945879723345,both_fake
train/id00017/lvX8diWgriA/00183/real.mp4,real,2.1320228060793003,-16.0268730420492,-6.665184950635384,1.739,0.3930228060793002,9.361688091413816,9.369934409963482,2.6605581700110323,real
train/id00017/lvX8diWgriA/00183/real_video_fake_audio.mp4,real_video_fake_audio,2.4385817875147997,-14.649350413765136,-7.412228515947584,1.2196776178417834,1.2189041696730163,7.237121897817552,7.33905039761389,2.068689756467018,audio_fake
train/id00017/lvX8diWgriA/00184/fake_video_fake_audio.mp4,fake_video_fake_audio,14.279785230160888,-14.24044568582951,-6.889030166546929,1.886,12.393785230160889,7.351415519282581,14.410038947501251,3.1281171084277037,both_fake
train/id00017/lvX8diWgriA/00184/real.mp4,real,2.0059000892827563,-13.070492669292191,-6.733030084127528,1.849,0.15690008928275634,6.337462585164663,6.339404519067931,1.800631519262393,real
train/id00017/lvX8diWgriA/00184/real_video_fake_audio.mp4,real_video_fake_audio,1.876256879419006,-11.17085241638027,-6.889030166546929,1.0743071418091104,0.8019497376098956,4.281822249833342,4.35627422929508,1.2257079041602625,audio_fake
train/id00017/lvX8diWgriA/00185/fake_video_fake_audio.mp4,fake_video_fake_audio,3.3146253774835395,-17.15835212104316,-8.566269718891363,1.982,1.3326253774835395,8.592082402151796,8.694812844568865,2.453708803654697,both_fake
train/id00017/lvX8diWgriA/00185/real.mp4,real,2.6093749233186334,-19.39728619814234,-8.498449211636306,1.898,0.7113749233186335,10.898836986506033,10.922028288736415,3.0991009701144057,real
train/id00017/lvX8diWgriA/00185/real_video_fake_audio.mp4,real_video_fake_audio,2.178783816346585,-19.244462872843457,-8.566269718891363,1.2485123527734563,0.9302714635731288,10.678193153952094,10.718638627598557,3.0385670248263654,audio_fake
train/id00017/lvX8diWgriA/00186/fake_video_fake_audio.mp4,fake_video_fake_audio,11.65263722779472,-16.83193113957232,-7.446964501967537,1.708,9.94463722779472,9.384966637604782,13.673822010739919,3.255788280928805,both_fake
train/id00017/lvX8diWgriA/00186/real.mp4,real,13.31480897138116,-16.024078641085335,-7.590462354493921,1.614,11.700808971381159,8.433616286591414,14.423412018458523,3.251804660418375,real
train/id00017/lvX8diWgriA/00186/real_video_fake_audio.mp4,real_video_fake_audio,2.329066351310837,-16.00245597699356,-7.446964501967537,1.159434284155243,1.169632067155594,8.555491475026022,8.635072295688184,2.4404196798679503,audio_fake
train/id00017/lvX8diWgriA/00187/fake_video_fake_audio.mp4,fake_video_fake_audio,2.111344353809612,-19.895274965270648,-6.940854265588749,1.808,0.3033443538096121,12.954420699681899,12.957971811257154,3.6806226943373237,both_fake
train/id00017/lvX8diWgriA/00187/real.mp4,real,17.786279217031257,-17.858890117920694,-6.921249156916702,1.814,15.972279217031257,10.937640961003993,19.35834944355125,4.320014061951135,real
train/id00017/lvX8diWgriA/00187/real_video_fake_audio.mp4,real_video_fake_audio,2.487102087952892,-18.26334014490299,-6.940854265588749,1.5039226485454014,0.9831794394074904,11.322485879314241,11.365092533602356,3.2218710063040543,audio_fake
train/id00017/lvX8diWgriA/00188/real.mp4,real,18.23542895188182,-12.460514451492728,-8.256110074384095,1.216,17.019428951881817,4.204404377108633,17.531057526983453,3.413796310469617,real
train/id00017/lZf1RB6l5Gs/00140/fake_video_fake_audio.mp4,fake_video_fake_audio,1.736079213161695,-17.806271531120274,-9.079012295410532,1.664,0.07207921316169497,8.727259235709742,8.727556884962194,2.479337075240144,both_fake
train/id00017/lZf1RB6l5Gs/00140/real.mp4,real,1.913550172761831,-18.261389375900222,-9.35181062507604,1.718,0.19555017276183095,8.909578750824183,8.91172449008636,2.5313613721784054,real
train/id00017/lZf1RB6l5Gs/00140/real_video_fake_audio.mp4,real_video_fake_audio,1.3507134319525904,-20.77965102967036,-9.079012295410532,1.2029279470090168,0.14778548494357358,11.70063873425983,11.701572002907193,3.3241142607316667,audio_fake
train/id00017/lZf1RB6l5Gs/00141/fake_video_fake_audio.mp4,fake_video_fake_audio,2.501267766823929,-20.449755412362567,-11.82254676932983,1.979,0.5222677668239291,8.627208643032738,8.643002521732944,2.452840989255306,both_fake
train/id00017/lZf1RB6l5Gs/00141/real.mp4,real,2.138859050555332,-20.17734008688473,-12.433345467847488,2.1,0.0388590505553319,7.743994619037242,7.744092114992423,2.1999795951062806,real
train/id00017/lZf1RB6l5Gs/00141/real_video_fake_audio.mp4,real_video_fake_audio,2.141366470312076,-20.240724227037944,-11.82254676932983,0.8027306505521309,1.3386358197599453,8.418177457708115,8.523946126496192,2.404685782408051,audio_fake
train/id00017/lZf1RB6l5Gs/00143/fake_video_fake_audio.mp4,fake_video_fake_audio,1.7581375162917754,-19.57688948380936,-9.692643337341222,2.152,0.39386248370822474,9.884246146468138,9.892090251309025,2.8089600455861112,both_fake
train/id00017/lZf1RB6l5Gs/00143/real.mp4,real,1.7865337385082891,-19.83510321227681,-9.549384981019983,1.795,0.008466261491710814,10.285718231256826,10.285721715581882,2.9220383096687756,real
train/id00017/lZf1RB6l5Gs/00143/real_video_fake_audio.mp4,real_video_fake_audio,1.8796583860269809,-18.01327174590088,-9.692643337341222,1.5367955980446086,0.34286278798237224,8.320628408559658,8.327689475761755,2.3646593900586526,audio_fake
train/id00017/lZf1RB6l5Gs/00145/fake_video_fake_audio.mp4,fake_video_fake_audio,1.5213829439475195,-17.964990440284627,-6.207756023008871,2.653,1.1316170560524805,11.757234417275756,11.811567140067504,3.3468379263641546,both_fake
train/id00017/lZf1RB6l5Gs/00145/real.mp4,real,1.2803055959600238,-19.06451989453057,-6.563846794536335,2.876,1.595694404039976,12.500673099994234,12.602105720235961,3.563912899761536,real
train/id00017/lZf1RB6l5Gs/00145/real_video_fake_audio.mp4,real_video_fake_audio,2.444044579223112,-18.972613608064066,-6.207756023008871,1.2316269735756062,1.2124176056475058,12.764857585055195,12.822306563845101,3.6334780440623273,audio_fake
train/id00017/lZf1RB6l5Gs/00146/fake_video_fake_audio.mp4,fake_video_fake_audio,1.954832690026057,-19.790175972731134,-11.319648691434352,1.829,0.12583269002605713,8.470527281296782,8.471461874379902,2.406482055026222,both_fake
train/id00017/lZf1RB6l5Gs/00146/real.mp4,real,1.585270690879776,-16.818608772666977,-11.719411225341776,1.916,0.3307293091202239,5.0991975473252005,5.109911692246597,1.4499476652539913,real
train/id00017/lZf1RB6l5Gs/00146/real_video_fake_audio.mp4,real_video_fake_audio,1.30440809670052,-18.172508645519184,-11.319648691434352,2.8781998048753525,1.5737917081748325,6.852859954084831,7.031252370027647,1.9691400036202913,audio_fake
train/id00017/lZf1RB6l5Gs/00149/fake_video_fake_audio.mp4,fake_video_fake_audio,1.85767022239828,-17.530550305596314,-4.187443253154041,1.637,0.22067022239827994,13.343107052442274,13.344931665617029,3.7908287927400415,both_fake
train/id00017/lZf1RB6l5Gs/00149/real_video_fake_audio.mp4,real_video_fake_audio,2.16512102457854,-21.24909360852604,-4.187443253154041,1.4355156167735743,0.7296054078049659,17.061650355372,17.077243246498064,4.848929954016883,audio_fake
train/id00017/lZf1RB6l5Gs/00151/fake_video_fake_audio.mp4,fake_video_fake_audio,1.5226608559649135,-12.48343833843695,-7.811704278808422,1.543,0.02033914403508641,4.671734059628527,4.671778334282708,1.3271839811731794,both_fake
train/id00017/lZf1RB6l5Gs/00151/real.mp4,real,2.0623598298296613,-20.123163070576634,-6.857408321058808,2.196,0.1336401701703389,13.265754749517825,13.266427882796405,3.7687108956506523,real
train/id00017/lZf1RB6l5Gs/00151/real_video_fake_audio.mp4,real_video_fake_audio,2.37930313038308,-18.523508338909583,-7.811704278808422,1.2672356114534855,1.1120675189295945,10.71180406010116,10.769375115978546,3.0502493615834805,audio_fake
train/id00017/lZf1RB6l5Gs/00152/fake_video_fake_audio.mp4,fake_video_fake_audio,1.264320123217337,-16.136723985225323,-7.001379099900187,1.672,0.4076798767826628,9.135344885325136,9.144437055159253,2.5963622187486988,both_fake
train/id00017/lZf1RB6l5Gs/00152/real.mp4,real,2.029532344797057,-18.926959672265347,-7.034397032219162,1.797,0.23253234479705687,11.892562640046187,11.894835746608658,3.3788038654501293,real
train/id00017/lZf1RB6l5Gs/00152/real_video_fake_audio.mp4,real_video_fake_audio,1.343024567977488,-18.761271356897904,-7.001379099900187,1.5225710159867558,0.1795464480092679,11.759892256997716,11.761262807334406,3.34100176179551,audio_fake
train/id00017/lZf1RB6l5Gs/00155/fake_video_fake_audio.mp4,fake_video_fake_audio,1.38488919264184,-22.462982130285138,-9.47241316710835,1.795,0.41011080735815986,12.990568963176788,12.997040927125067,3.6912550430785895,both_fake
train/id00017/lZf1RB6l5Gs/00155/real.mp4,real,1.2683152555099255,-18.008292673667743,-9.38833237529517,1.638,0.3696847444900744,8.619960298372574,8.627884002223725,2.449802919718731,real
train/id00017/lZf1RB6l5Gs/00155/real_video_fake_audio.mp4,real_video_fake_audio,1.482554321654639,-16.65203955733048,-9.47241316710835,1.403653197607501,0.078901124047138,7.179626390222129,7.180059922490197,2.0396917362386,audio_fake
train/id00017/lZf1RB6l5Gs/00157/real.mp4,real,1.63584264817293,-18.29462029269717,-7.109533861864597,2.272,0.6361573518270698,11.185086430832573,11.20316270708761,3.179784259107635,real
train/id00017/lZf1RB6l5Gs/00157/real_video_fake_audio.mp4,real_video_fake_audio,2.7486894076134587,-14.29358750449536,-7.80916690562799,1.3704896631907475,1.3781997444227112,6.48442059886737,6.629264290895505,1.8602530645205069,audio_fake
train/id00017/lZf1RB6l5Gs/00159/fake_video_fake_audio.mp4,fake_video_fake_audio,2.063658331707597,-19.34825955050679,-4.330312824846764,2.039,0.024658331707597014,15.017946725660025,15.01796696920343,4.266404547892771,both_fake
train/id00017/lZf1RB6l5Gs/00159/real.mp4,real,1.629268271680193,-16.92578591746356,-4.876084009311737,1.379,0.25026827168019294,12.049701908151825,12.052300622002734,3.423485546968303,real
train/id00017/lZf1RB6l5Gs/00159/real_video_fake_audio.mp4,real_video_fake_audio,2.329381401407019,-13.093690435662548,-4.330312824846764,1.474663175890079,0.8547182255169399,8.763377610815784,8.804960556117113,2.4947359089600067,audio_fake
train/id00017/lZf1RB6l5Gs/00160/fake_video_fake_audio.mp4,fake_video_fake_audio,2.099933109994056,-20.119013509127655,-5.293381755745894,1.762,0.3379331099940561,14.82563175338176,14.829482650238065,4.212246514685925,both_fake
train/id00017/lZf1RB6l5Gs/00160/real.mp4,real,1.85070038744848,-20.7861115195095,-4.879652176312196,1.92,0.06929961255151995,15.906459343197305,15.906610301163747,4.518835595120062,real
train/id00017/lZf1RB6l5Gs/00160/real_video_fake_audio.mp4,real_video_fake_audio,2.1773708664456453,-21.60333183349164,-5.293381755745894,1.692762449308625,0.4846084171370202,16.309950077745746,16.317147938794896,4.634337973774982,audio_fake
train/id00017/lZf1RB6l5Gs/00161/fake_video_fake_audio.mp4,fake_video_fake_audio,2.0039329219418267,-19.654281650573022,-9.82938159063777,1.582,0.42193292194182663,9.824900059935253,9.83395589670475,2.7922512751507473,both_fake
train/id00017/lZf1RB6l5Gs/00161/real.mp4,real,1.7373673119477198,-17.867693063318953,-8.820376306550845,1.738,0.0006326880522802281,9.047316756768108,9.047316778890368,2.5702242350908056,real
train/id00017/lZf1RB6l5Gs/00161/real_video_fake_audio.mp4,real_video_fake_audio,1.021793577299407,-18.451725253791263,-9.82938159063777,1.3143044464637486,0.29251086916434166,8.622343663153494,8.627303915714485,2.4501115314896103,audio_fake
train/id00017/lZf1RB6l5Gs/00163/fake_video_fake_audio.mp4,fake_video_fake_audio,1.7723328732563963,-20.422847144143734,-8.444293712864539,1.421,0.3513328732563963,11.978553431279195,11.98370464813954,3.4035904950443516,both_fake
train/id00017/lZf1RB6l5Gs/00163/real.mp4,real,2.5940531401448443,-17.886995902813712,-8.046222088877823,1.288,1.3060531401448443,9.84077381393589,9.92706422170868,2.806386050678988,real
train/id00017/lZf1RB6l5Gs/00163/real_video_fake_audio.mp4,real_video_fake_audio,2.018978590394076,-18.747828807699097,-8.444293712864539,1.3178299276491665,0.7011486627449095,10.303535094834558,10.327363889093691,2.9300629295856653,audio_fake
train/id00017/lZf1RB6l5Gs/00164/fake_video_fake_audio.mp4,fake_video_fake_audio,1.1359209575437088,-20.359496422629057,-9.533210916184222,2.34,1.204079042456291,10.826285506444835,10.89303741880748,3.0839166531637607,both_fake
train/id00017/lZf1RB6l5Gs/00164/real.mp4,real,1.716041003109468,-14.344086439462789,-9.658242494297935,1.988,0.27195899689053205,4.685843945164853,4.693729346098667,1.3321674223947106,real
train/id00017/lZf1RB6l5Gs/00164/real_video_fake_audio.mp4,real_video_fake_audio,0.8996379372782917,-18.83215295227301,-9.533210916184222,1.4651259563532857,0.565488019074994,9.298942036088787,9.316120420553636,2.6438438245902582,audio_fake
train/id00017/M6PYYNz3pac/00032/fake_video_fake_audio.mp4,fake_video_fake_audio,2.290783104561746,-20.81528026345168,-5.622454666722416,1.32,0.9707831045617461,15.192825596729264,15.223809294941082,4.319935883132357,both_fake
train/id00017/M6PYYNz3pac/00032/real.mp4,real,2.179196929591146,-19.853408761042918,-5.452442969908447,1.205,0.9741969295911459,14.400965791134471,14.433879429143438,4.095219165395454,real
train/id00017/M6PYYNz3pac/00032/real_video_fake_audio.mp4,real_video_fake_audio,1.766732332177814,-20.75709310707145,-5.622454666722416,1.32,0.44673233217781383,15.134638440349036,15.141230151368275,4.300371979392313,audio_fake
train/id00017/M6PYYNz3pac/00033/fake_video_fake_audio.mp4,fake_video_fake_audio,2.895647156594349,-16.46231948132091,-9.72832122815327,1.314,1.5816471565943488,6.733998253167641,6.917249467933612,1.9359885949393933,both_fake
train/id00017/M6PYYNz3pac/00033/real.mp4,real,1.666973159015852,-18.36086021817148,-9.623618292065231,1.606,0.060973159015851985,8.73724192610625,8.737454675214586,2.4821624747843023,real
train/id00017/M6PYYNz3pac/00033/real_video_fake_audio.mp4,real_video_fake_audio,2.2891248838568474,-16.074234666840482,-9.72832122815327,1.314,0.9751248838568474,6.345913438687212,6.420396086724541,1.8120784892846131,audio_fake
train/id00017/MuKhvYeekXU/00034/fake_video_fake_audio.mp4,fake_video_fake_audio,1.8748672564695368,-16.08677939152936,-6.413217683137389,1.722,0.1528672564695368,9.673561708391972,9.674769481706939,2.7482823384093655,both_fake
train/id00017/MuKhvYeekXU/00034/real_video_fake_audio.mp4,real_video_fake_audio,1.2584590071184696,-19.39807697944248,-6.413217683137389,1.722,0.4635409928815304,12.984859296305089,12.993130538747092,3.6898566984455257,audio_fake
train/id00017/MuKhvYeekXU/00035/real.mp4,real,1.4528758580984915,-16.11764809242104,-6.725706657330919,1.368,0.08487585809849141,9.39194143509012,9.392324942816375,2.66817525649054,real
train/id00017/MuKhvYeekXU/00035/real_video_fake_audio.mp4,real_video_fake_audio,1.1761765770633783,-16.159603327908503,-6.46387022682529,1.328,0.15182342293662177,9.695733101083214,9.696921713574515,2.7545785591746146,audio_fake
train/id00017/Nd3m-TBtp6A/00038/fake_video_fake_audio.mp4,fake_video_fake_audio,1.9889726245564183,-18.578350705808013,-9.85772143595612,1.678,0.3109726245564184,8.720629269851893,8.726172060842089,2.478105610374595,both_fake
train/id00017/Nd3m-TBtp6A/00038/real.mp4,real,21.78662350709905,-12.41586997825789,-10.19875661118923,1.563,20.223623507099052,2.2171133670686594,20.344791457258143,3.851953373030409,real
train/id00017/Nd3m-TBtp6A/00038/real_video_fake_audio.mp4,real_video_fake_audio,1.34811892098531,-11.385231104387712,-9.85772143595612,1.678,0.32988107901469,1.5275096684315912,1.5627243241992126,0.43835028730684406,audio_fake
train/id00017/OLguY5ofUrY/00039/fake_video_fake_audio.mp4,fake_video_fake_audio,2.3513450225257704,-18.893609626161528,-9.785208895417153,2.99,0.6386549774742298,9.108400730744375,9.130763607282649,2.5903587042744647,both_fake
train/id00017/OLguY5ofUrY/00039/real.mp4,real,16.41015324473456,-16.34371713627248,-9.508523043762375,3.052,13.35815324473456,6.835194092510106,15.00533693030908,3.173472807585601,real
train/id00017/OLguY5ofUrY/00039/real_video_fake_audio.mp4,real_video_fake_audio,11.045441563487168,-17.845088826462902,-9.785208895417153,2.99,8.055441563487168,8.05987993104575,11.395253541963454,2.7447954431493873,audio_fake
train/id00017/OLguY5ofUrY/00041/fake_video_fake_audio.mp4,fake_video_fake_audio,12.640582899402656,-20.06499981019836,-9.831377418765372,2.749,9.891582899402655,10.233622391432986,14.232724247528779,3.4506082776342737,both_fake
train/id00017/OLguY5ofUrY/00041/real.mp4,real,9.899414319462618,-13.647708627951554,-9.65080654286056,2.939,6.960414319462618,3.996902085090994,8.026368654403123,1.7320134340034623,real
train/id00017/OLguY5ofUrY/00041/real_video_fake_audio.mp4,real_video_fake_audio,12.259765445186256,-14.908722045485876,-9.831377418765372,2.749,9.510765445186255,5.077344626720503,10.781191391114271,2.2965886698171865,audio_fake
train/id00017/OLguY5ofUrY/00043/fake_video_fake_audio.mp4,fake_video_fake_audio,10.00087711224774,-18.238578268659648,-10.546603815399118,2.771,7.229877112247739,7.69197445326053,10.556400619899584,2.5730614936934026,both_fake
train/id00017/OLguY5ofUrY/00043/real.mp4,real,15.70280818481362,-17.31075436119015,-9.644587414009685,2.594,13.10880818481362,7.666166947180464,15.185880537139715,3.2879227659625228,real
train/id00017/OLguY5ofUrY/00043/real_video_fake_audio.mp4,real_video_fake_audio,12.973090272092207,-15.407518524307871,-10.546603815399118,2.771,10.202090272092207,4.860914708908753,11.300935258959937,2.362605668624466,audio_fake
train/id00017/OLguY5ofUrY/00044/fake_video_fake_audio.mp4,fake_video_fake_audio,20.84795206095484,-15.021373146235334,-7.74509394487257,2.747,18.10095206095484,7.2762792013627635,19.508682798414902,3.9801236764208534,both_fake
train/id00017/OLguY5ofUrY/00044/real_video_fake_audio.mp4,real_video_fake_audio,10.772610838926386,-23.02738140241756,-7.74509394487257,2.747,8.025610838926386,15.28228745754499,17.26148137538982,4.595956059618545,audio_fake
train/id00017/OLguY5ofUrY/00046/fake_video_fake_audio.mp4,fake_video_fake_audio,4.783634545061705,-17.92669960634197,-11.212376907289007,1.609,3.1746345450617053,6.714322699052962,7.427007055450869,1.998553384115092,both_fake
train/id00017/OLguY5ofUrY/00046/real.mp4,real,18.3974616231068,-15.27831549700563,-11.608675145886984,2.647,15.7504616231068,3.6696403511186464,16.172300443892276,3.1378218334278682,real
train/id00017/OLguY5ofUrY/00046/real_video_fake_audio.mp4,real_video_fake_audio,18.36597202020621,-18.319244055388545,-11.212376907289007,1.609,16.756972020206213,7.106867148099537,18.20174914525278,3.7404017932771474,audio_fake
train/id00017/OLguY5ofUrY/00047/fake_video_fake_audio.mp4,fake_video_fake_audio,12.826525223413531,-14.489517036205754,-8.291102068460571,2.591,10.235525223413532,6.198414967745183,11.96604883457786,2.6076454688694746,both_fake
train/id00017/OLguY5ofUrY/00047/real.mp4,real,15.09978521993042,-17.283016535405178,-8.532625058327131,3.41,11.68978521993042,8.750391477078047,14.602069356437937,3.317295032583298,real
train/id00017/OLguY5ofUrY/00047/real_video_fake_audio.mp4,real_video_fake_audio,13.231981841922323,-14.67380095391226,-8.291102068460571,2.591,10.640981841922322,6.382698885451688,12.40843824268255,2.699221369767347,audio_fake
train/id00017/OLguY5ofUrY/00049/real.mp4,real,14.608261004947025,-14.731338982045578,-11.014315938534684,3.045,11.563261004947025,3.7170230435108937,12.14599791596061,2.415793016797975,real
train/id00017/OLguY5ofUrY/00049/real_video_fake_audio.mp4,real_video_fake_audio,17.94379476414405,-14.122579832655129,-10.818809709139456,3.253,14.690794764144051,3.3037701235156725,15.057700615672934,2.915658287939428,audio_fake
train/id00017/OLguY5ofUrY/00051/fake_video_fake_audio.mp4,fake_video_fake_audio,13.682750046369762,-17.566541037373327,-11.053141605824315,2.38,11.302750046369763,6.513399431549011,13.045172699723627,2.816834979691651,both_fake
train/id00017/OLguY5ofUrY/00051/real.mp4,real,14.313570168665647,-18.205029985920238,-9.998366330583856,2.471,11.842570168665647,8.206663655336381,14.408185054044406,3.222931480671353,real
train/id00017/OLguY5ofUrY/00051/real_video_fake_audio.mp4,real_video_fake_audio,13.125967536584897,-14.645892526910522,-11.053141605824315,2.38,10.745967536584896,3.592750921086207,11.33065212061081,2.2625127764869406,audio_fake
train/id00017/SFR_KWObD3o/00054/fake_video_fake_audio.mp4,fake_video_fake_audio,2.211039220520356,-17.6390400498399,-11.046797616361085,1.661,0.5500392205203561,6.592242433478814,6.615149540703469,1.8756195779706941,both_fake
train/id00017/SFR_KWObD3o/00054/real.mp4,real,2.379305907014337,-17.090995932288997,-11.120448824854538,1.604,0.7753059070143369,5.970547107434459,6.020675378356262,1.7023991713706323,real
train/id00017/SFR_KWObD3o/00054/real_video_fake_audio.mp4,real_video_fake_audio,4.936949488700298,-17.547450215982344,-11.046797616361085,1.661,3.2759494887002982,6.50065259962126,7.2794456707553215,1.946640073143273,audio_fake
train/id00017/tIpW24N_Ysk/00194/fake_video_fake_audio.mp4,fake_video_fake_audio,2.038002325373263,-16.80783366747868,-9.335037480342034,1.58,0.458002325373263,7.472796187136645,7.48681834857313,2.1246672345145887,both_fake
train/id00017/tIpW24N_Ysk/00194/real.mp4,real,1.5616084955867489,-20.49727711369939,-9.24010626492618,1.657,0.09539150441325117,11.25717084877321,11.257575007859534,3.1980650777502375,real
train/id00017/tIpW24N_Ysk/00194/real_video_fake_audio.mp4,real_video_fake_audio,2.906785325365881,-19.141487732606077,-9.335037480342034,2.0464171016585087,0.8603682237073724,9.806450252264042,9.844120073957594,2.790571008582477,audio_fake
train/id00017/tIpW24N_Ysk/00195/fake_video_fake_audio.mp4,fake_video_fake_audio,2.056200256088547,-17.564547444768696,-9.938161238964945,1.786,0.2702002560885468,7.626386205803751,7.631171256004157,2.167151288075584,both_fake
train/id00017/tIpW24N_Ysk/00195/real.mp4,real,2.008000509001391,-17.82300320249948,-11.05120794072927,1.495,0.5130005090013907,6.771795261770208,6.791198759392125,1.9261918979598263,real
train/id00017/tIpW24N_Ysk/00195/real_video_fake_audio.mp4,real_video_fake_audio,25.170253535796164,-18.50332862873192,-9.938161238964945,2.1218896060039203,23.048363929792245,8.565167389766977,24.588395072775203,4.967628008656159,audio_fake
train/id00017/tIpW24N_Ysk/00197/fake_video_fake_audio.mp4,fake_video_fake_audio,2.046741270405296,-20.455064993346184,-8.684231805999257,1.467,0.5797412704052958,11.770833187346927,11.785101351492866,3.3457135312618287,both_fake
train/id00017/tIpW24N_Ysk/00197/real.mp4,real,1.5546846344882106,-17.85492144821149,-8.732647379875111,1.498,0.056684634488210595,9.122274068336377,9.122450182140179,2.5915405117661234,real
train/id00017/tIpW24N_Ysk/00197/real_video_fake_audio.mp4,real_video_fake_audio,2.0941136628540598,-18.81074516973109,-8.684231805999257,1.5268489462864252,0.5672647165676346,10.126513363731831,10.142389371568315,2.8787838967891486,audio_fake
train/id00017/U7PMtQkYWo8/00060/fake_video_fake_audio.mp4,fake_video_fake_audio,3.1316983675746446,-12.397146694559629,-5.424729772506488,1.348,1.7836983675746445,6.9724169220531405,7.196956134465559,2.0089287278973074,both_fake
train/id00017/U7PMtQkYWo8/00060/real.mp4,real,2.0683292270574136,-13.404003683519232,-4.53024811714599,1.569,0.49932922705741367,8.87375556637324,8.887793175402644,2.5226632277673047,real
train/id00017/U7PMtQkYWo8/00060/real_video_fake_audio.mp4,real_video_fake_audio,2.0534939212322865,-16.65415867425122,-5.424729772506488,1.348,0.7054939212322864,11.229428901744733,11.251568563193116,3.192886901375829,audio_fake
train/id00017/U7PMtQkYWo8/00064/fake_video_fake_audio.mp4,fake_video_fake_audio,2.184209304134732,-14.064138661929142,-3.2885076808152336,1.65,0.5342093041347322,10.77563098111391,10.788864751296405,3.062861017491265,both_fake
train/id00017/U7PMtQkYWo8/00064/real.mp4,real,1.803034029285434,-13.2094944401538,-2.7464119292343723,1.723,0.08003402928543402,10.463082510919428,10.463388603896524,2.9724627896564053,real
train/id00017/U7PMtQkYWo8/00064/real_video_fake_audio.mp4,real_video_fake_audio,2.106280305716826,-15.572194253581747,-3.2885076808152336,1.65,0.4562803057168261,12.283686572766513,12.292157969020304,3.4906876046780058,audio_fake
train/id00017/U7PMtQkYWo8/00065/fake_video_fake_audio.mp4,fake_video_fake_audio,1.858775043415305,-11.386197433587231,-2.87136105368698,1.483,0.3757750434153049,8.51483637990025,8.52312416075975,2.4199838680015677,both_fake
train/id00017/U7PMtQkYWo8/00065/real_video_fake_audio.mp4,real_video_fake_audio,1.9612536778774496,-13.525316354976608,-2.87136105368698,1.483,0.47825367787744955,10.653955301289628,10.664684249535036,3.0279830448050395,audio_fake
train/id00017/U7PMtQkYWo8/00066/fake_video_fake_audio.mp4,fake_video_fake_audio,2.259647963037739,-11.027051761434912,-3.425774258609537,1.65,0.6096479630377392,7.601277502825375,7.625686219206455,2.162459816774356,both_fake
train/id00017/U7PMtQkYWo8/00066/real.mp4,real,2.1833700470806208,-11.569030466771304,-2.377281537059496,1.697,0.4863700470806207,9.191748929711808,9.204607770543804,2.61285432681972,real
train/id00017/U7PMtQkYWo8/00066/real_video_fake_audio.mp4,real_video_fake_audio,1.3705294877943357,-19.24346051665932,-3.425774258609537,1.65,0.2794705122056642,15.817686258049783,15.820154939989981,4.493904398533822,audio_fake
train/id00017/U7PMtQkYWo8/00068/fake_video_fake_audio.mp4,fake_video_fake_audio,1.5429672436372297,-20.62276934499559,-9.95086657323066,3.12,1.5770327563627704,10.671902771764929,10.787795932656731,3.046195557418659,both_fake
train/id00017/U7PMtQkYWo8/00068/real.mp4,real,1.3513462593564698,-10.635219697552758,-9.829934252596884,3.045,1.6936537406435301,0.8052854449558744,1.8753526711137836,0.3919389510748816,real
train/id00017/U7PMtQkYWo8/00068/real_video_fake_audio.mp4,real_video_fake_audio,1.3331904532357453,-12.519271417287127,-9.95086657323066,3.12,1.7868095467642549,2.5684048440564666,3.1288003770423902,0.8031918337698357,audio_fake
train/id00017/UGu7qDKCDd8/00070/fake_video_fake_audio.mp4,fake_video_fake_audio,2.189125384898342,-11.390764858203289,-11.314031923394342,1.582,0.6071253848983418,0.0767329348089465,0.6119552077336655,0.11614557200388427,both_fake
train/id00017/UGu7qDKCDd8/00070/real_video_fake_audio.mp4,real_video_fake_audio,1.8887921511616332,-13.970667220786003,-11.314031923394342,1.582,0.30679215116163316,2.656635297391661,2.674291032659247,0.7569137586056333,audio_fake
train/id00017/UGu7qDKCDd8/00071/fake_video_fake_audio.mp4,fake_video_fake_audio,1.2385770587666776,-10.292126019907831,-9.994869059363788,1.431,0.1924229412333225,0.2972569605440434,0.3541020882524779,0.09186186304201785,both_fake
train/id00017/UGu7qDKCDd8/00071/real.mp4,real,1.0096471496647823,-11.963557852636653,-9.624135923194643,1.757,0.7473528503352176,2.3394219294420093,2.455897238660109,0.6792737779302239,real
train/id00017/UGu7qDKCDd8/00071/real_video_fake_audio.mp4,real_video_fake_audio,1.2161621080924856,-10.276221224059434,-9.994869059363788,1.431,0.21483789190751446,0.2813521646956456,0.3539976841424115,0.08954449095870065,audio_fake
train/id00017/UGu7qDKCDd8/00073/fake_video_fake_audio.mp4,fake_video_fake_audio,1.7404656262617006,-13.25927748663375,-2.7377469828242957,1.814,0.07353437373829941,10.521530503809453,10.521787464433688,2.989060992597338,both_fake
train/id00017/UGu7qDKCDd8/00073/real.mp4,real,0.9394959501499112,-12.930682014050689,-2.5477348100707324,1.412,0.47250404985008876,10.382947203979956,10.39369292974157,2.950995288995893,real
train/id00017/UGu7qDKCDd8/00073/real_video_fake_audio.mp4,real_video_fake_audio,1.8038798845711852,-13.170595898154131,-2.7377469828242957,1.814,0.010120115428814858,10.432848915329835,10.432853823706877,2.963836387593689,audio_fake
train/id00017/wrB-yyERH2s/00199/fake_video_fake_audio.mp4,fake_video_fake_audio,2.6390134683565605,-21.59510693499961,-7.598419873905558,1.318,1.3210134683565604,13.99668706109405,14.058887767877552,3.984015867457178,both_fake
train/id00017/wrB-yyERH2s/00199/real.mp4,real,2.7177532098279573,-18.533806055905558,-7.665838089292371,1.356,1.3617532098279572,10.867967966613186,10.952949352928055,3.0980325677892195,real
train/id00017/wrB-yyERH2s/00199/real_video_fake_audio.mp4,real_video_fake_audio,2.4656902300453822,-19.2708244010649,-7.598419873905558,1.619166909347719,0.8465233206976632,11.67240452715934,11.703060675658094,3.3197902453396586,audio_fake
train/id00017/wrB-yyERH2s/00200/fake_video_fake_audio.mp4,fake_video_fake_audio,3.157066446492535,-13.06647588666952,-7.096760968740052,1.283,1.874066446492535,5.969714917929468,6.256965817967906,1.7320923080615869,both_fake
train/id00017/wrB-yyERH2s/00200/real_video_fake_audio.mp4,real_video_fake_audio,2.653415183465245,-19.417490591540552,-7.096760968740052,2.334494330137499,0.3189208533277461,12.3207296228005,12.324856548813907,3.5006709365279023,audio_fake
train/id00017/wrB-yyERH2s/00201/fake_video_fake_audio.mp4,fake_video_fake_audio,2.057031815990092,-18.038680933792254,-7.58587628672728,0.869,1.1880318159900922,10.452804647064973,10.520101928475208,2.9778841676174927,both_fake
train/id00017/wrB-yyERH2s/00201/real.mp4,real,1.924110977432527,-16.38160007640224,-7.387564259672898,1.093,0.8311109774325269,8.994035816729342,9.032354384623043,2.5598559811233796,real
train/id00017/wrB-yyERH2s/00201/real_video_fake_audio.mp4,real_video_fake_audio,1.7454485360771688,-18.35589445552776,-7.58587628672728,1.540003919108753,0.20544461696841587,10.77001816880048,10.771977480803315,3.059864675790962,audio_fake
train/id00017/wrB-yyERH2s/00202/fake_video_fake_audio.mp4,fake_video_fake_audio,2.167726680058717,-20.637087909483824,-6.6575113402239054,1.544,0.6237266800587169,13.979576569259919,13.993484056060447,3.973143658513865,both_fake
train/id00017/wrB-yyERH2s/00202/real.mp4,real,2.9242262406806434,-13.032423560893893,-6.490696218330424,1.555,1.3692262406806435,6.541727342563469,6.68348540228906,1.8761440286389104,real
train/id00017/wrB-yyERH2s/00202/real_video_fake_audio.mp4,real_video_fake_audio,2.095939403201105,-17.5772729232007,-6.6575113402239054,1.5051762796884012,0.5907631235127038,10.919761582976793,10.935730158391726,3.104146780907792,audio_fake
train/id00017/wrB-yyERH2s/00203/fake_video_fake_audio.mp4,fake_video_fake_audio,3.058442452443759,-17.01511478074154,-6.508630326537364,1.445,1.6134424524437587,10.506484454204177,10.629647789733287,3.000112387289835,both_fake
train/id00017/wrB-yyERH2s/00203/real.mp4,real,2.4792578451612783,-19.564196321417555,-6.348316611694803,1.493,0.9862578451612782,13.215879709722753,13.252629212311183,3.7590294122261847,real
train/id00017/wrB-yyERH2s/00203/real_video_fake_audio.mp4,real_video_fake_audio,2.264411712094084,-20.617208193906748,-6.508630326537364,1.2002678323083624,1.0641438797857217,14.108577867369384,14.14865264385661,4.01304696260745,audio_fake
train/id00017/X9M79aB1RS4/00092/fake_video_fake_audio.mp4,fake_video_fake_audio,10.422905892640603,-13.716715206183869,-3.792283409618329,1.054,9.368905892640603,9.924431796565539,13.648104048175956,3.3238892314489386,both_fake
train/id00017/X9M79aB1RS4/00092/real.mp4,real,5.84702951685899,-13.95184643169711,-3.667813751521592,1.043,4.80402951685899,10.284032680175518,11.350772122008726,3.057837793825714,real
train/id00017/X9M79aB1RS4/00092/real_video_fake_audio.mp4,real_video_fake_audio,6.201494361677336,-13.577465689306468,-3.792283409618329,1.054,5.147494361677336,9.78518227968814,11.056513485282002,2.943309405482942,audio_fake
train/id00017/X9M79aB1RS4/00093/real.mp4,real,1.3737024199144905,-17.685478753755678,-10.472172166635756,3.242,1.8682975800855095,7.213306587119922,7.4513306038278175,2.079059691859769,real
train/id00017/X9M79aB1RS4/00093/real_video_fake_audio.mp4,real_video_fake_audio,19.944580590900443,-16.80269994640674,-10.40734215174696,3.233,16.711580590900443,6.39535779465978,17.893505167179402,3.6278964739903996,audio_fake
train/id00018/5BVBfpfzjIk/00009/fake_video_fake_audio.mp4,fake_video_fake_audio,2.452582866908698,-11.808540611391,-4.271980567884281,1.646,0.8065828669086983,7.53656004350672,7.579598486105492,2.1463956862056874,both_fake
train/id00018/5BVBfpfzjIk/00009/real.mp4,real,20.82702738956341,-12.578375505258636,-4.424346069670512,1.754,19.073027389563407,8.154029435588125,20.742916136345766,4.267358014919196,real
train/id00018/5BVBfpfzjIk/00013/fake_video_fake_audio.mp4,fake_video_fake_audio,1.9987661408624413,-17.725923389924358,-5.477405901864374,1.544,0.45476614086244127,12.248517488059983,12.256956918345848,3.480692554302968,both_fake
train/id00018/tZStiZYpjhI/00190/real.mp4,real,1.837667196323628,-20.39482353356529,-8.163318645118432,2.683,0.8453328036763719,12.231504888446858,12.260681032678027,3.4784390124058637,real
train/id00018/tZStiZYpjhI/00192/real.mp4,real,16.762837252705307,-18.71055954611421,-6.526112517346183,2.497,14.265837252705307,12.184447028768028,18.760993095183647,4.378044570540317,real
