relative_file,raw_wav,direct_wav,sample_rate,num_samples_aligned,lag_samples,lag_ms,direct_gain,active_ratio,raw_energy_aligned,drr_all_db,direct_energy_all,reverb_energy_all,drr_active_db,direct_energy_active,reverb_energy_active,window_count,drr_win_mean_db,drr_win_median_db,drr_win_std_db,drr_win_min_db,drr_win_max_db,error
train/id00012/21Uxsk56VDQ/00001/fake_video_fake_audio.wav,AVDeepfake1M_local/wavs_subset_600/train/id00012/21Uxsk56VDQ/00001/fake_video_fake_audio.wav,AVDeepfake1M_local/direct_wavs_subset_600/train/id00012/21Uxsk56VDQ/00001/fake_video_fake_audio.wav,16000,152562,14,0.875,0.029506651228358903,0.9926456129311362,22.551260316744447,-5.874131896563073,4.633172509629472,17.9180878071148,-5.874131658230837,4.633172395354092,17.918086381862977,18,-5.911308947334608,-5.961028818453016,0.656915227218385,-7.008418353153806,-4.54965931378267,
train/id00012/21Uxsk56VDQ/00001/real.wav,AVDeepfake1M_local/wavs_subset_600/train/id00012/21Uxsk56VDQ/00001/real.wav,AVDeepfake1M_local/direct_wavs_subset_600/train/id00012/21Uxsk56VDQ/00001/real.wav,16000,151538,14,0.875,0.029576177925359208,0.9982974567435231,22.67897204402834,-5.8162518391932485,4.708944388453179,17.970027655574988,-5.816251650794449,4.708944288736995,17.97002649549586,17,-5.781803416274374,-5.753065134590902,0.6529837641241554,-6.986907350972622,-4.525546197220588,
train/id00012/21Uxsk56VDQ/00001/real_video_fake_audio.wav,AVDeepfake1M_local/wavs_subset_600/train/id00012/21Uxsk56VDQ/00001/real_video_fake_audio.wav,AVDeepfake1M_local/direct_wavs_subset_600/train/id00012/21Uxsk56VDQ/00001/real_video_fake_audio.wav,16000,152562,14,0.875,0.029506651228358903,0.9926456129311362,22.551260316744447,-5.874131896563073,4.633172509629472,17.9180878071148,-5.874131658230837,4.633172395354092,17.918086381862977,18,-5.911308947334608,-5.961028818453016,0.656915227218385,-7.008418353153806,-4.54965931378267,
train/id00012/21Uxsk56VDQ/00002/fake_video_fake_audio.wav,AVDeepfake1M_local/wavs_subset_600/train/id00012/21Uxsk56VDQ/00002/fake_video_fake_audio.wav,AVDeepfake1M_local/direct_wavs_subset_600/train/id00012/21Uxsk56VDQ/00002/fake_video_fake_audio.wav,16000,240625,15,0.9375,0.031066709263078134,0.9957402597402597,35.96988761331886,-6.029720379380659,7.181898880908742,28.787988732409925,-6.029720379380659,7.181898880908742,28.787988732409925,29,-5.931198485335254,-5.980284397281896,1.0599005735920308,-8.3707162487718,-4.124562255328813,
train/id00012/21Uxsk56VDQ/00002/real_video_fake_audio.wav,AVDeepfake1M_local/wavs_subset_600/train/id00012/21Uxsk56VDQ/00002/real_video_fake_audio.wav,AVDeepfake1M_local/direct_wavs_subset_600/train/id00012/21Uxsk56VDQ/00002/real_video_fake_audio.wav,16000,240625,15,0.9375,0.031066709263078134,0.9957402597402597,35.96988761331886,-6.029720379380659,7.181898880908742,28.787988732409925,-6.029720379380659,7.181898880908742,28.787988732409925,29,-5.931198485335254,-5.980284397281896,1.0599005735920308,-8.3707162487718,-4.124562255328813,
train/id00012/21Uxsk56VDQ/00003/fake_video_fake_audio.wav,AVDeepfake1M_local/wavs_subset_600/train/id00012/21Uxsk56VDQ/00003/fake_video_fake_audio.wav,AVDeepfake1M_local/direct_wavs_subset_600/train/id00012/21Uxsk56VDQ/00003/fake_video_fake_audio.wav,16000,160753,15,0.9375,0.0342281829378731,0.9958134529371147,72.60883811395615,-6.163152694813769,14.144189711477946,58.46464840247797,-6.163152645482862,14.144189701684159,58.46464769790379,19,-5.973751072654695,-5.438433988123611,1.2561476460587508,-8.557481597832208,-3.9903440187168315,
train/id00012/21Uxsk56VDQ/00003/real.wav,AVDeepfake1M_local/wavs_subset_600/train/id00012/21Uxsk56VDQ/00003/real.wav,AVDeepfake1M_local/direct_wavs_subset_600/train/id00012/21Uxsk56VDQ/00003/real.wav,16000,159729,15,0.9375,0.033501494498547814,0.9991923820971771,76.13390599004924,-6.312278889117499,14.425111356931719,61.7087946331173,-6.312278873977103,14.425111351437778,61.70879439448541,18,-6.090321337270854,-5.605258778905105,1.1182563912768195,-7.830501221228876,-4.32609074772122,
train/id00012/21Uxsk56VDQ/00003/real_video_fake_audio.wav,AVDeepfake1M_local/wavs_subset_600/train/id00012/21Uxsk56VDQ/00003/real_video_fake_audio.wav,AVDeepfake1M_local/direct_wavs_subset_600/train/id00012/21Uxsk56VDQ/00003/real_video_fake_audio.wav,16000,160753,15,0.9375,0.0342281829378731,0.9958134529371147,72.60883811395615,-6.163152694813769,14.144189711477946,58.46464840247797,-6.163152645482862,14.144189701684159,58.46464769790379,19,-5.973751072654695,-5.438433988123611,1.2561476460587508,-8.557481597832208,-3.9903440187168315,
train/id00012/21Uxsk56VDQ/00004/fake_video_fake_audio.wav,AVDeepfake1M_local/wavs_subset_600/train/id00012/21Uxsk56VDQ/00004/fake_video_fake_audio.wav,AVDeepfake1M_local/direct_wavs_subset_600/train/id00012/21Uxsk56VDQ/00004/fake_video_fake_audio.wav,16000,81904,16,1.0,0.031834228648397384,0.9855440515725727,51.284835767932236,-6.367712662560345,9.616821191594688,41.66801457633734,-6.367712662560345,9.616821191594688,41.66801457633734,9,-6.402657302982895,-6.403947560925337,1.0509623507563683,-8.402983438848784,-5.189731825388889,
train/id00012/21Uxsk56VDQ/00004/real.wav,AVDeepfake1M_local/wavs_subset_600/train/id00012/21Uxsk56VDQ/00004/real.wav,AVDeepfake1M_local/direct_wavs_subset_600/train/id00012/21Uxsk56VDQ/00004/real.wav,16000,81904,16,1.0,0.031273036306588654,0.9953115842938074,53.3788395030424,-6.449600359812,9.857045347925624,43.52179415511659,-6.449600359812001,9.85704534792562,43.52179415511658,9,-6.445852400023951,-6.546891726148925,0.9874794848624255,-8.217425625318068,-5.220476699461447,
train/id00012/21Uxsk56VDQ/00004/real_video_fake_audio.wav,AVDeepfake1M_local/wavs_subset_600/train/id00012/21Uxsk56VDQ/00004/real_video_fake_audio.wav,AVDeepfake1M_local/direct_wavs_subset_600/train/id00012/21Uxsk56VDQ/00004/real_video_fake_audio.wav,16000,81904,16,1.0,0.031834228648397384,0.9855440515725727,51.284835767932236,-6.367712662560345,9.616821191594688,41.66801457633734,-6.367712662560345,9.616821191594688,41.66801457633734,9,-6.402657302982895,-6.403947560925337,1.0509623507563683,-8.402983438848784,-5.189731825388889,
train/id00012/21Uxsk56VDQ/00006/fake_video_fake_audio.wav,AVDeepfake1M_local/wavs_subset_600/train/id00012/21Uxsk56VDQ/00006/fake_video_fake_audio.wav,AVDeepfake1M_local/direct_wavs_subset_600/train/id00012/21Uxsk56VDQ/00006/fake_video_fake_audio.wav,16000,91120,16,1.0,0.04050300851601828,0.9912203687445127,35.85657227784395,-3.615274335027914,10.869122800949958,24.987449476893666,-3.615274335027915,10.869122800949956,24.987449476893666,10,-3.521144688725234,-3.1356374280857118,1.096454471653132,-5.403684908354304,-2.062416906759887,
train/id00012/21Uxsk56VDQ/00006/real.wav,AVDeepfake1M_local/wavs_subset_600/train/id00012/21Uxsk56VDQ/00006/real.wav,AVDeepfake1M_local/direct_wavs_subset_600/train/id00012/21Uxsk56VDQ/00006/real.wav,16000,88048,16,1.0,0.04127189404426587,0.9985462475013629,34.79782041255385,-3.2285401706562338,11.213992829730808,23.583827582822696,-3.2285401706562333,11.21399282973081,23.583827582822696,10,-3.0501637263378414,-2.5710115669918174,1.0796318988198066,-5.473367844625125,-2.187238872911278,
train/id00012/21Uxsk56VDQ/00006/real_video_fake_audio.wav,AVDeepfake1M_local/wavs_subset_600/train/id00012/21Uxsk56VDQ/00006/real_video_fake_audio.wav,AVDeepfake1M_local/direct_wavs_subset_600/train/id00012/21Uxsk56VDQ/00006/real_video_fake_audio.wav,16000,91120,16,1.0,0.04050300851601828,0.9912203687445127,35.85657227784395,-3.615274335027914,10.869122800949958,24.987449476893666,-3.615274335027915,10.869122800949956,24.987449476893666,10,-3.521144688725234,-3.1356374280857118,1.096454471653132,-5.403684908354304,-2.062416906759887,
train/id00012/21Uxsk56VDQ/00007/fake_video_fake_audio.wav,AVDeepfake1M_local/wavs_subset_600/train/id00012/21Uxsk56VDQ/00007/fake_video_fake_audio.wav,AVDeepfake1M_local/direct_wavs_subset_600/train/id00012/21Uxsk56VDQ/00007/fake_video_fake_audio.wav,16000,167921,15,0.9375,0.03646377391280486,0.9928478272521007,162.6987068168819,-6.426682932876031,30.17375511349855,132.52495170338307,-6.426682229055578,30.17375503159539,132.52492986658166,19,-6.163092869800478,-6.512954126808353,1.3114199316564878,-8.014130318714043,-3.8329249845413162,
train/id00012/21Uxsk56VDQ/00007/real.wav,AVDeepfake1M_local/wavs_subset_600/train/id00012/21Uxsk56VDQ/00007/real.wav,AVDeepfake1M_local/direct_wavs_subset_600/train/id00012/21Uxsk56VDQ/00007/real.wav,16000,167921,15,0.9375,0.035605727939417436,0.9961827287831778,169.86649143975228,-6.56576287610415,30.68957779939428,139.17691364035775,-6.5657628761041495,30.689577799394282,139.17691364035772,19,-6.059890143365478,-6.059625224013951,1.3552504822688105,-8.08663079043007,-3.498703049044718,
train/id00012/21Uxsk56VDQ/00007/real_video_fake_audio.wav,AVDeepfake1M_local/wavs_subset_600/train/id00012/21Uxsk56VDQ/00007/real_video_fake_audio.wav,AVDeepfake1M_local/direct_wavs_subset_600/train/id00012/21Uxsk56VDQ/00007/real_video_fake_audio.wav,16000,167921,15,0.9375,0.03646377391280486,0.9928478272521007,162.6987068168819,-6.426682932876031,30.17375511349855,132.52495170338307,-6.426682229055578,30.17375503159539,132.52492986658166,19,-6.163092869800478,-6.512954126808353,1.3114199316564878,-8.014130318714043,-3.8329249845413162,
train/id00012/21Uxsk56VDQ/00009/real.wav,AVDeepfake1M_local/wavs_subset_600/train/id00012/21Uxsk56VDQ/00009/real.wav,AVDeepfake1M_local/direct_wavs_subset_600/train/id00012/21Uxsk56VDQ/00009/real.wav,16000,152560,16,1.0,0.04073984743981092,0.9958049292081804,178.0378476427868,-5.705794922118503,37.717380950944104,140.3204666918424,-5.705794922118502,37.717380950944104,140.32046669184237,18,-5.3487017461634165,-5.362751809535418,1.3011416847868902,-8.038184792444497,-3.3294127076163638,
train/id00012/21Uxsk56VDQ/00009/real_video_fake_audio.wav,AVDeepfake1M_local/wavs_subset_600/train/id00012/21Uxsk56VDQ/00009/real_video_fake_audio.wav,AVDeepfake1M_local/direct_wavs_subset_600/train/id00012/21Uxsk56VDQ/00009/real_video_fake_audio.wav,16000,154608,16,1.0,0.040313065273052624,0.9919279726792921,174.81417138967663,-5.951455471772931,35.41027928436271,139.4038921053136,-5.951455471772931,35.410279284362716,139.40389210531362,18,-5.849533216367794,-5.5158594144829936,1.556541970935993,-9.944381830011697,-3.9899022935746062,
train/id00012/21Uxsk56VDQ/00010/fake_video_fake_audio.wav,AVDeepfake1M_local/wavs_subset_600/train/id00012/21Uxsk56VDQ/00010/fake_video_fake_audio.wav,AVDeepfake1M_local/direct_wavs_subset_600/train/id00012/21Uxsk56VDQ/00010/fake_video_fake_audio.wav,16000,103407,17,1.0625,0.03624574319522266,0.9848462870018471,75.78720417432487,-6.477041662229831,13.923063882970126,61.86414029135449,-6.477041662229829,13.92306388297013,61.86414029135448,11,-6.51721993631798,-5.693677094249011,1.4720834808290841,-10.180470108902892,-5.158745838939053,
train/id00012/21Uxsk56VDQ/00010/real.wav,AVDeepfake1M_local/wavs_subset_600/train/id00012/21Uxsk56VDQ/00010/real.wav,AVDeepfake1M_local/direct_wavs_subset_600/train/id00012/21Uxsk56VDQ/00010/real.wav,16000,104431,17,1.0625,0.0365595239147242,0.9951068169413296,77.09220255818218,-6.2430387128234965,14.79636835591536,62.29583420226655,-6.243038712823497,14.796368355915359,62.29583420226656,12,-6.057172589079257,-5.569354352048491,1.5905707795016555,-10.147066168762265,-3.8776077404173788,
train/id00012/21Uxsk56VDQ/00010/real_video_fake_audio.wav,AVDeepfake1M_local/wavs_subset_600/train/id00012/21Uxsk56VDQ/00010/real_video_fake_audio.wav,AVDeepfake1M_local/direct_wavs_subset_600/train/id00012/21Uxsk56VDQ/00010/real_video_fake_audio.wav,16000,103407,17,1.0625,0.03624574319522266,0.9848462870018471,75.78720417432487,-6.477041662229831,13.923063882970126,61.86414029135449,-6.477041662229829,13.92306388297013,61.86414029135448,11,-6.51721993631798,-5.693677094249011,1.4720834808290841,-10.180470108902892,-5.158745838939053,
train/id00012/21Uxsk56VDQ/00012/fake_video_fake_audio.wav,AVDeepfake1M_local/wavs_subset_600/train/id00012/21Uxsk56VDQ/00012/fake_video_fake_audio.wav,AVDeepfake1M_local/direct_wavs_subset_600/train/id00012/21Uxsk56VDQ/00012/fake_video_fake_audio.wav,16000,91120,16,1.0,0.04064105738731954,0.9947322212467077,39.3934850692749,-4.640929042527347,10.071608867788107,29.32187620148646,-4.640924688562954,10.071608160501693,29.321844746076053,10,-4.6346320547777005,-4.272313766227719,1.412454107928029,-7.419791756122525,-2.9824359235536084,
train/id00012/21Uxsk56VDQ/00012/real.wav,AVDeepfake1M_local/wavs_subset_600/train/id00012/21Uxsk56VDQ/00012/real.wav,AVDeepfake1M_local/direct_wavs_subset_600/train/id00012/21Uxsk56VDQ/00012/real.wav,16000,88048,16,1.0,0.041076124330209775,0.9985462475013629,40.30194340739399,-4.189985762366665,11.120201111634767,29.18174229575889,-4.1899832207404355,11.120200829180622,29.181724476483172,10,-4.134719943258487,-4.186467007515947,0.3956085668420288,-4.724726494446737,-3.3812744262116934,
train/id00012/21Uxsk56VDQ/00012/real_video_fake_audio.wav,AVDeepfake1M_local/wavs_subset_600/train/id00012/21Uxsk56VDQ/00012/real_video_fake_audio.wav,AVDeepfake1M_local/direct_wavs_subset_600/train/id00012/21Uxsk56VDQ/00012/real_video_fake_audio.wav,16000,91120,16,1.0,0.04064105738731954,0.9947322212467077,39.3934850692749,-4.640929042527347,10.071608867788107,29.32187620148646,-4.640924688562954,10.071608160501693,29.321844746076053,10,-4.6346320547777005,-4.272313766227719,1.412454107928029,-7.419791756122525,-2.9824359235536084,
train/id00012/21Uxsk56VDQ/00014/fake_video_fake_audio.wav,AVDeepfake1M_local/wavs_subset_600/train/id00012/21Uxsk56VDQ/00014/fake_video_fake_audio.wav,AVDeepfake1M_local/direct_wavs_subset_600/train/id00012/21Uxsk56VDQ/00014/fake_video_fake_audio.wav,16000,143343,17,1.0625,0.03237899547234764,0.9939794758027947,247.03319837525487,-8.169576763639627,32.672834259341165,214.3603641159135,-8.169576763725651,32.67283425857762,214.36036411514996,16,-8.07483324479367,-7.9409935674914545,1.0089809583372829,-10.236985135899433,-6.152248599661606,
train/id00012/21Uxsk56VDQ/00014/real.wav,AVDeepfake1M_local/wavs_subset_600/train/id00012/21Uxsk56VDQ/00014/real.wav,AVDeepfake1M_local/direct_wavs_subset_600/train/id00012/21Uxsk56VDQ/00014/real.wav,16000,140271,17,1.0625,0.03247752945942324,0.9963570517070528,245.03340360801667,-8.090067903370846,32.92666045608139,212.10674315193506,-8.090067903370846,32.92666045608139,212.1067431519351,16,-7.970166561625887,-7.894615946702196,0.9740998320125388,-10.034290675487753,-6.159966270189568,
train/id00012/21Uxsk56VDQ/00014/real_video_fake_audio.wav,AVDeepfake1M_local/wavs_subset_600/train/id00012/21Uxsk56VDQ/00014/real_video_fake_audio.wav,AVDeepfake1M_local/direct_wavs_subset_600/train/id00012/21Uxsk56VDQ/00014/real_video_fake_audio.wav,16000,143343,17,1.0625,0.03237899547234764,0.9939794758027947,247.03319837525487,-8.169576763639627,32.672834259341165,214.3603641159135,-8.169576763725651,32.67283425857762,214.36036411514996,16,-8.07483324479367,-7.9409935674914545,1.0089809583372829,-10.236985135899433,-6.152248599661606,
train/id00012/2DLq_Kkc1r8/00017/fake_video_fake_audio.wav,AVDeepfake1M_local/wavs_subset_600/train/id00012/2DLq_Kkc1r8/00017/fake_video_fake_audio.wav,AVDeepfake1M_local/direct_wavs_subset_600/train/id00012/2DLq_Kkc1r8/00017/fake_video_fake_audio.wav,16000,154610,14,0.875,0.04262890236726744,0.9919151413233297,69.99296062253416,-3.790612858436009,20.62466315773097,49.36829746480282,-3.7906127394438305,20.62466310567718,49.36829598756401,18,-3.5054294540380244,-3.5123257611775442,1.6639179531678812,-7.209757971855993,-0.85544106894003,
train/id00012/2DLq_Kkc1r8/00017/real.wav,AVDeepfake1M_local/wavs_subset_600/train/id00012/2DLq_Kkc1r8/00017/real.wav,AVDeepfake1M_local/direct_wavs_subset_600/train/id00012/2DLq_Kkc1r8/00017/real.wav,16000,152562,14,0.875,0.04256123296027841,0.9947431208295644,69.94703475013375,-3.6444263862541204,21.103837911527197,48.8431968386062,-3.644426293356328,21.10383786107927,48.843195677067634,18,-3.4753750070278016,-3.591146438727077,1.670741309468536,-7.269400638856532,-0.6845820455313978,
train/id00012/2DLq_Kkc1r8/00017/real_video_fake_audio.wav,AVDeepfake1M_local/wavs_subset_600/train/id00012/2DLq_Kkc1r8/00017/real_video_fake_audio.wav,AVDeepfake1M_local/direct_wavs_subset_600/train/id00012/2DLq_Kkc1r8/00017/real_video_fake_audio.wav,16000,154610,14,0.875,0.04262890236726744,0.9919151413233297,69.99296062253416,-3.790612858436009,20.62466315773097,49.36829746480282,-3.7906127394438305,20.62466310567718,49.36829598756401,18,-3.5054294540380244,-3.5123257611775442,1.6639179531678812,-7.209757971855993,-0.85544106894003,
train/id00012/2DLq_Kkc1r8/00018/fake_video_fake_audio.wav,AVDeepfake1M_local/wavs_subset_600/train/id00012/2DLq_Kkc1r8/00018/fake_video_fake_audio.wav,AVDeepfake1M_local/direct_wavs_subset_600/train/id00012/2DLq_Kkc1r8/00018/fake_video_fake_audio.wav,16000,113649,15,0.9375,0.04554391811515098,0.9890100220855441,52.30339701194316,-2.8417639876241543,17.888395661097142,34.4150013508456,-2.8417639876252823,17.88839566108748,34.415001350835944,13,-2.704016014898294,-2.9109517085163845,0.9943942491134529,-4.341369862749984,-1.0997392675266293,
train/id00012/2DLq_Kkc1r8/00018/real.wav,AVDeepfake1M_local/wavs_subset_600/train/id00012/2DLq_Kkc1r8/00018/real.wav,AVDeepfake1M_local/direct_wavs_subset_600/train/id00012/2DLq_Kkc1r8/00018/real.wav,16000,116721,15,0.9375,0.0457645087327432,0.9945082718619614,54.49243259616196,-2.60857591771407,19.300986919276077,35.191445676885465,-2.6085759177140733,19.30098691927607,35.19144567688547,13,-2.510820122889243,-2.875491094109888,1.0148880575452321,-4.337370406095426,-1.042695943201129,
train/id00012/2DLq_Kkc1r8/00018/real_video_fake_audio.wav,AVDeepfake1M_local/wavs_subset_600/train/id00012/2DLq_Kkc1r8/00018/real_video_fake_audio.wav,AVDeepfake1M_local/direct_wavs_subset_600/train/id00012/2DLq_Kkc1r8/00018/real_video_fake_audio.wav,16000,113649,15,0.9375,0.04554391811515098,0.9890100220855441,52.30339701194316,-2.8417639876241543,17.888395661097142,34.4150013508456,-2.8417639876252823,17.88839566108748,34.415001350835944,13,-2.704016014898294,-2.9109517085163845,0.9943942491134529,-4.341369862749984,-1.0997392675266293,
train/id00012/C_FAL9gv8bo/00020/fake_video_fake_audio.wav,AVDeepfake1M_local/wavs_subset_600/train/id00012/C_FAL9gv8bo/00020/fake_video_fake_audio.wav,AVDeepfake1M_local/direct_wavs_subset_600/train/id00012/C_FAL9gv8bo/00020/fake_video_fake_audio.wav,16000,85997,19,1.1875,0.0636695771452397,0.9460795144016652,582.6303451666608,-7.7505178000794315,83.74336204670507,498.88698311995495,-7.750478964266543,83.74334321117966,498.8824097461457,9,-7.520864170267174,-7.032484999090405,1.2110582729362696,-9.492875801750847,-5.571708267252941,
train/id00012/C_FAL9gv8bo/00020/real.wav,AVDeepfake1M_local/wavs_subset_600/train/id00012/C_FAL9gv8bo/00020/real.wav,AVDeepfake1M_local/direct_wavs_subset_600/train/id00012/C_FAL9gv8bo/00020/real.wav,16000,84972,20,1.25,0.05552302458416363,0.9574918796780115,603.301665824838,-8.865038562035698,69.34316340964884,533.9585024151886,-8.86500267592075,69.34315045927185,533.953990569722,9,-8.63833692896973,-8.192959938266535,1.195716862167408,-10.400723263558682,-6.521444892483882,
train/id00012/C_FAL9gv8bo/00020/real_video_fake_audio.wav,AVDeepfake1M_local/wavs_subset_600/train/id00012/C_FAL9gv8bo/00020/real_video_fake_audio.wav,AVDeepfake1M_local/direct_wavs_subset_600/train/id00012/C_FAL9gv8bo/00020/real_video_fake_audio.wav,16000,85997,19,1.1875,0.0636695771452397,0.9460795144016652,582.6303451666608,-7.7505178000794315,83.74336204670507,498.88698311995495,-7.750478964266543,83.74334321117966,498.8824097461457,9,-7.520864170267174,-7.032484999090405,1.2110582729362696,-9.492875801750847,-5.571708267252941,
train/id00012/C_FAL9gv8bo/00023/fake_video_fake_audio.wav,AVDeepfake1M_local/wavs_subset_600/train/id00012/C_FAL9gv8bo/00023/fake_video_fake_audio.wav,AVDeepfake1M_local/direct_wavs_subset_600/train/id00012/C_FAL9gv8bo/00023/fake_video_fake_audio.wav,16000,121838,18,1.125,0.04589030330916582,0.950770695513715,486.4764900309965,-9.016204594505615,54.21573482287151,432.2607552081246,-9.016163820067433,54.21572623368685,432.2566283966081,14,-9.051801161750824,-9.067818284738742,1.1194351314135582,-10.63719451718758,-6.855608743816215,
train/id00012/C_FAL9gv8bo/00023/real.wav,AVDeepfake1M_local/wavs_subset_600/train/id00012/C_FAL9gv8bo/00023/real.wav,AVDeepfake1M_local/direct_wavs_subset_600/train/id00012/C_FAL9gv8bo/00023/real.wav,16000,118763,21,1.3125,0.04614190249173439,0.9524852016200331,490.4411418782547,-8.550798065408072,60.08283100525132,430.358310873003,-8.55075693010596,60.08282353178268,430.3541811144553,13,-8.585125907605088,-8.493392031677834,1.0263053345757696,-10.449018140950685,-6.200011109440521,
train/id00012/C_FAL9gv8bo/00023/real_video_fake_audio.wav,AVDeepfake1M_local/wavs_subset_600/train/id00012/C_FAL9gv8bo/00023/real_video_fake_audio.wav,AVDeepfake1M_local/direct_wavs_subset_600/train/id00012/C_FAL9gv8bo/00023/real_video_fake_audio.wav,16000,121838,18,1.125,0.04589030330916582,0.950770695513715,486.4764900309965,-9.016204594505615,54.21573482287151,432.2607552081246,-9.016163820067433,54.21572623368685,432.2566283966081,14,-9.051801161750824,-9.067818284738742,1.1194351314135582,-10.63719451718758,-6.855608743816215,
train/id00012/C_FAL9gv8bo/00024/fake_video_fake_audio.wav,AVDeepfake1M_local/wavs_subset_600/train/id00012/C_FAL9gv8bo/00024/fake_video_fake_audio.wav,AVDeepfake1M_local/direct_wavs_subset_600/train/id00012/C_FAL9gv8bo/00024/fake_video_fake_audio.wav,16000,94184,24,1.5,0.0597556457170754,0.9963475749596534,532.6025864537805,-6.7721815078515535,92.53415519411337,440.06843125966645,-6.7721814702976975,92.53413005564612,440.0683079023267,10,-6.833879773203556,-6.8280641310070465,0.7798872963361518,-8.32596394270192,-5.5753357246439395,
train/id00012/C_FAL9gv8bo/00024/real.wav,AVDeepfake1M_local/wavs_subset_600/train/id00012/C_FAL9gv8bo/00024/real.wav,AVDeepfake1M_local/direct_wavs_subset_600/train/id00012/C_FAL9gv8bo/00024/real.wav,16000,91112,24,1.5,0.05849546424619597,0.9983317235929405,502.54875184129924,-6.774043729677389,87.28168425437698,415.2670675869216,-6.77406452150628,87.2811503433967,415.26651543766656,10,-6.783437366828727,-7.010496918600119,0.8099967775570208,-8.014794202005257,-5.32699295838202,
train/id00012/C_FAL9gv8bo/00024/real_video_fake_audio.wav,AVDeepfake1M_local/wavs_subset_600/train/id00012/C_FAL9gv8bo/00024/real_video_fake_audio.wav,AVDeepfake1M_local/direct_wavs_subset_600/train/id00012/C_FAL9gv8bo/00024/real_video_fake_audio.wav,16000,94184,24,1.5,0.0597556457170754,0.9963475749596534,532.6025864537805,-6.7721815078515535,92.53415519411337,440.06843125966645,-6.7721814702976975,92.53413005564612,440.0683079023267,10,-6.833879773203556,-6.8280641310070465,0.7798872963361518,-8.32596394270192,-5.5753357246439395,
train/id00012/C_FAL9gv8bo/00030/real.wav,AVDeepfake1M_local/wavs_subset_600/train/id00012/C_FAL9gv8bo/00030/real.wav,AVDeepfake1M_local/direct_wavs_subset_600/train/id00012/C_FAL9gv8bo/00030/real.wav,16000,108524,20,1.25,0.05819759939797175,0.9988573955991301,789.769917409867,-8.544094984578619,96.88403427576819,692.8858831340982,-8.54409540424321,96.88402095901787,692.8858548511364,12,-8.505903083464629,-8.298995270583692,1.0422832339241643,-10.269443903139031,-6.442969487934955,
train/id00012/C_FAL9gv8bo/00030/real_video_fake_audio.wav,AVDeepfake1M_local/wavs_subset_600/train/id00012/C_FAL9gv8bo/00030/real_video_fake_audio.wav,AVDeepfake1M_local/direct_wavs_subset_600/train/id00012/C_FAL9gv8bo/00030/real_video_fake_audio.wav,16000,109551,17,1.0625,0.061233440403133395,0.9967960128159488,780.749579558149,-8.14547856629804,103.76086268468207,676.9887168734663,-8.145481736493112,103.76075191672413,676.9884883442005,12,-8.163566116526018,-8.327651515883774,1.133382492440901,-9.996762463774578,-6.44005257779476,
train/id00012/Gf-KDRnkBw8/00033/fake_video_fake_audio.wav,AVDeepfake1M_local/wavs_subset_600/train/id00012/Gf-KDRnkBw8/00033/fake_video_fake_audio.wav,AVDeepfake1M_local/direct_wavs_subset_600/train/id00012/Gf-KDRnkBw8/00033/fake_video_fake_audio.wav,16000,90096,16,1.0,0.0492535395294249,0.9953827028946901,890.7920647049323,-8.80047127867712,103.74212974938615,787.0499349555456,-8.800471080132674,103.7421243818155,787.0498582527364,10,-8.796466833881148,-8.661743532748137,0.627211654328359,-9.95951917990286,-7.801531910804909,
train/id00012/Gf-KDRnkBw8/00033/real.wav,AVDeepfake1M_local/wavs_subset_600/train/id00012/Gf-KDRnkBw8/00033/real.wav,AVDeepfake1M_local/direct_wavs_subset_600/train/id00012/Gf-KDRnkBw8/00033/real.wav,16000,95216,16,1.0,0.04976289629508511,0.9973113762392876,933.5721032954752,-8.463893160029503,116.39325201321886,817.1788512822559,-8.46389307490685,116.39325083596603,817.1788270000663,10,-8.395409274127548,-8.464474066162179,0.8730617845747674,-9.992453123365346,-6.765815851471357,
train/id00012/Gf-KDRnkBw8/00033/real_video_fake_audio.wav,AVDeepfake1M_local/wavs_subset_600/train/id00012/Gf-KDRnkBw8/00033/real_video_fake_audio.wav,AVDeepfake1M_local/direct_wavs_subset_600/train/id00012/Gf-KDRnkBw8/00033/real_video_fake_audio.wav,16000,90096,16,1.0,0.0492535395294249,0.9953827028946901,890.7920647049323,-8.80047127867712,103.74212974938615,787.0499349555456,-8.800471080132674,103.7421243818155,787.0498582527364,10,-8.796466833881148,-8.661743532748137,0.627211654328359,-9.95951917990286,-7.801531910804909,
train/id00012/Gf-KDRnkBw8/00034/real.wav,AVDeepfake1M_local/wavs_subset_600/train/id00012/Gf-KDRnkBw8/00034/real.wav,AVDeepfake1M_local/direct_wavs_subset_600/train/id00012/Gf-KDRnkBw8/00034/real.wav,16000,198640,16,1.0,0.05144659023351142,0.9967780910189287,1552.6280207615346,-8.15329328387122,206.0210226974028,1346.6069980641314,-8.15329328387122,206.0210226974028,1346.6069980641312,23,-8.176663126110638,-7.85237853835846,1.4362995592239651,-12.524326261177965,-6.154941341427266,
train/id00012/Gf-KDRnkBw8/00034/real_video_fake_audio.wav,AVDeepfake1M_local/wavs_subset_600/train/id00012/Gf-KDRnkBw8/00034/real_video_fake_audio.wav,AVDeepfake1M_local/direct_wavs_subset_600/train/id00012/Gf-KDRnkBw8/00034/real_video_fake_audio.wav,16000,193520,16,1.0,0.05412407186860875,0.9925589086399339,1492.8103090142831,-7.725041340346261,215.64652361194024,1277.1637854023422,-7.725041340346262,215.6465236119402,1277.1637854023422,23,-7.731634621856601,-7.662562475091706,1.21982289217363,-10.359396152716894,-5.78798344931458,
train/id00012/Gf-KDRnkBw8/00035/fake_video_fake_audio.wav,AVDeepfake1M_local/wavs_subset_600/train/id00012/Gf-KDRnkBw8/00035/fake_video_fake_audio.wav,AVDeepfake1M_local/direct_wavs_subset_600/train/id00012/Gf-KDRnkBw8/00035/fake_video_fake_audio.wav,16000,197616,16,1.0,0.05681717547091487,0.9930370010525463,1476.826856936328,-6.9815319790717645,246.52382445930522,1230.303032477022,-6.981529703468215,246.52381875284755,1230.302359347938,23,-6.8986041754237295,-7.036078146805012,0.6457465533092547,-7.890432840364698,-5.2719735209652505,
train/id00012/Gf-KDRnkBw8/00035/real.wav,AVDeepfake1M_local/wavs_subset_600/train/id00012/Gf-KDRnkBw8/00035/real.wav,AVDeepfake1M_local/direct_wavs_subset_600/train/id00012/Gf-KDRnkBw8/00035/real.wav,16000,192496,16,1.0,0.05898445206365503,0.9986701022358906,1566.599351586774,-6.662942126463585,277.8836040022906,1288.7157475844826,-6.662942023078598,277.8836030903615,1288.7157126770812,23,-6.626927286136872,-6.5548454771576505,0.6660069897531059,-8.221979135684283,-5.289226429965321,
train/id00012/Gf-KDRnkBw8/00035/real_video_fake_audio.wav,AVDeepfake1M_local/wavs_subset_600/train/id00012/Gf-KDRnkBw8/00035/real_video_fake_audio.wav,AVDeepfake1M_local/direct_wavs_subset_600/train/id00012/Gf-KDRnkBw8/00035/real_video_fake_audio.wav,16000,197616,16,1.0,0.05681717547091487,0.9930370010525463,1476.826856936328,-6.9815319790717645,246.52382445930522,1230.303032477022,-6.981529703468215,246.52381875284755,1230.302359347938,23,-6.8986041754237295,-7.036078146805012,0.6457465533092547,-7.890432840364698,-5.2719735209652505,
train/id00012/Gf-KDRnkBw8/00037/fake_video_fake_audio.wav,AVDeepfake1M_local/wavs_subset_600/train/id00012/Gf-KDRnkBw8/00037/fake_video_fake_audio.wav,AVDeepfake1M_local/direct_wavs_subset_600/train/id00012/Gf-KDRnkBw8/00037/fake_video_fake_audio.wav,16000,281584,16,1.0,0.04916218462854673,0.9980680720495483,2569.5358211537823,-8.957232629715374,289.83722846654473,2279.698592687237,-8.957234919401492,289.8370340095979,2279.698265098489,34,-8.893274231301463,-8.93529641726458,0.8885666226514283,-12.003212591079727,-7.006743825230829,
train/id00012/Gf-KDRnkBw8/00037/real.wav,AVDeepfake1M_local/wavs_subset_600/train/id00012/Gf-KDRnkBw8/00037/real.wav,AVDeepfake1M_local/direct_wavs_subset_600/train/id00012/Gf-KDRnkBw8/00037/real.wav,16000,279536,16,1.0,0.049853905840594896,0.9990841966687654,2624.072622030042,-8.848888141371024,302.60359273403475,2321.4690292960067,-8.84889021055269,302.6034164899004,2321.4687832684363,33,-8.837922576714373,-8.732268573713926,0.864630743639076,-11.915847158042187,-7.320240395447942,
train/id00012/Gf-KDRnkBw8/00037/real_video_fake_audio.wav,AVDeepfake1M_local/wavs_subset_600/train/id00012/Gf-KDRnkBw8/00037/real_video_fake_audio.wav,AVDeepfake1M_local/direct_wavs_subset_600/train/id00012/Gf-KDRnkBw8/00037/real_video_fake_audio.wav,16000,281584,16,1.0,0.04916218462854673,0.9980680720495483,2569.5358211537823,-8.957232629715374,289.83722846654473,2279.698592687237,-8.957234919401492,289.8370340095979,2279.698265098489,34,-8.893274231301463,-8.93529641726458,0.8885666226514283,-12.003212591079727,-7.006743825230829,
train/id00012/Gf-KDRnkBw8/00038/fake_video_fake_audio.wav,AVDeepfake1M_local/wavs_subset_600/train/id00012/Gf-KDRnkBw8/00038/fake_video_fake_audio.wav,AVDeepfake1M_local/direct_wavs_subset_600/train/id00012/Gf-KDRnkBw8/00038/fake_video_fake_audio.wav,16000,111600,16,1.0,0.04754118636092319,0.992831541218638,939.0979503318667,-8.423788543602647,118.03186260896152,821.0660877229047,-8.42378854360265,118.0318626089615,821.0660877229049,12,-8.206817868245727,-7.950803686427518,0.6219246664121559,-9.313482666106964,-7.31041670631376,
train/id00012/Gf-KDRnkBw8/00038/real.wav,AVDeepfake1M_local/wavs_subset_600/train/id00012/Gf-KDRnkBw8/00038/real.wav,AVDeepfake1M_local/direct_wavs_subset_600/train/id00012/Gf-KDRnkBw8/00038/real.wav,16000,112623,17,1.0625,0.046647693200426076,0.9994406115979863,959.615466424264,-8.629294229366762,115.70847316101683,843.9069932632467,-8.630466996744627,115.6404296187945,843.6385102956833,13,-8.472280401483541,-8.250254081985528,0.7046356426906798,-9.479944360455871,-7.4871112160299855,
train/id00012/Gf-KDRnkBw8/00038/real_video_fake_audio.wav,AVDeepfake1M_local/wavs_subset_600/train/id00012/Gf-KDRnkBw8/00038/real_video_fake_audio.wav,AVDeepfake1M_local/direct_wavs_subset_600/train/id00012/Gf-KDRnkBw8/00038/real_video_fake_audio.wav,16000,111600,16,1.0,0.04754118636092319,0.992831541218638,939.0979503318667,-8.423788543602647,118.03186260896152,821.0660877229047,-8.42378854360265,118.0318626089615,821.0660877229049,12,-8.206817868245727,-7.950803686427518,0.6219246664121559,-9.313482666106964,-7.31041670631376,
train/id00012/Gf-KDRnkBw8/00039/fake_video_fake_audio.wav,AVDeepfake1M_local/wavs_subset_600/train/id00012/Gf-KDRnkBw8/00039/fake_video_fake_audio.wav,AVDeepfake1M_local/direct_wavs_subset_600/train/id00012/Gf-KDRnkBw8/00039/fake_video_fake_audio.wav,16000,122864,16,1.0,0.050507074030032156,0.9929678343534314,1003.5981472646818,-8.533062326794251,123.3897974617451,880.2083498029361,-8.53306157609704,123.3897924578039,880.2081619591434,14,-8.32102984322493,-8.644844303937903,0.9865530504608468,-9.944735310049342,-6.675090358920777,
train/id00012/Gf-KDRnkBw8/00039/real.wav,AVDeepfake1M_local/wavs_subset_600/train/id00012/Gf-KDRnkBw8/00039/real.wav,AVDeepfake1M_local/direct_wavs_subset_600/train/id00012/Gf-KDRnkBw8/00039/real.wav,16000,115696,16,1.0,0.054210908943174846,0.9977873046604896,956.1395107936114,-7.678646748814981,139.38796844888242,816.7515423447285,-7.678645914323966,139.38796253552115,816.7513507573694,13,-7.594922809058399,-8.049785928104065,0.8905333289598673,-8.58307396299453,-6.107810653379294,
train/id00012/Gf-KDRnkBw8/00039/real_video_fake_audio.wav,AVDeepfake1M_local/wavs_subset_600/train/id00012/Gf-KDRnkBw8/00039/real_video_fake_audio.wav,AVDeepfake1M_local/direct_wavs_subset_600/train/id00012/Gf-KDRnkBw8/00039/real_video_fake_audio.wav,16000,122864,16,1.0,0.050507074030032156,0.9929678343534314,1003.5981472646818,-8.533062326794251,123.3897974617451,880.2083498029361,-8.53306157609704,123.3897924578039,880.2081619591434,14,-8.32102984322493,-8.644844303937903,0.9865530504608468,-9.944735310049342,-6.675090358920777,
train/id00012/Gf-KDRnkBw8/00041/fake_video_fake_audio.wav,AVDeepfake1M_local/wavs_subset_600/train/id00012/Gf-KDRnkBw8/00041/fake_video_fake_audio.wav,AVDeepfake1M_local/direct_wavs_subset_600/train/id00012/Gf-KDRnkBw8/00041/fake_video_fake_audio.wav,16000,87024,16,1.0,0.05512237224824355,0.9937488508917081,568.4741454618052,-7.564236124361459,84.7557200906569,483.71842537114765,-7.564236152758822,84.75570618472506,483.7183491700243,9,-7.910597395603081,-6.8504322037982,2.4674342884197134,-13.454738002698177,-5.9310465811563855,
train/id00012/Gf-KDRnkBw8/00041/real.wav,AVDeepfake1M_local/wavs_subset_600/train/id00012/Gf-KDRnkBw8/00041/real.wav,AVDeepfake1M_local/direct_wavs_subset_600/train/id00012/Gf-KDRnkBw8/00041/real.wav,16000,87024,16,1.0,0.05488066993692728,0.9955874241588527,582.1053349142894,-7.463696600729671,88.51156321310975,493.593771701179,-7.463696600729671,88.51156321310975,493.593771701179,9,-7.7868034809797955,-6.63517346317613,2.5288779722853105,-13.30698345232127,-5.276206806776806,
train/id00012/IYaT706uSpQ/00042/fake_video_fake_audio.wav,AVDeepfake1M_local/wavs_subset_600/train/id00012/IYaT706uSpQ/00042/fake_video_fake_audio.wav,AVDeepfake1M_local/direct_wavs_subset_600/train/id00012/IYaT706uSpQ/00042/fake_video_fake_audio.wav,16000,94191,17,1.0625,0.027201040728592144,0.9826841205635358,351.5271181743592,-11.930443391054077,21.18001043366167,330.3471077406974,-11.930443391063466,21.18001043361275,330.3471077406484,10,-11.954245903982835,-12.024713066465484,0.48885593586697723,-12.689186217419177,-10.783107206560006,
train/id00012/IYaT706uSpQ/00042/real.wav,AVDeepfake1M_local/wavs_subset_600/train/id00012/IYaT706uSpQ/00042/real.wav,AVDeepfake1M_local/direct_wavs_subset_600/train/id00012/IYaT706uSpQ/00042/real.wav,16000,96239,17,1.0625,0.023772024238768782,0.9933602801359116,388.4514407142997,-13.340608232443172,17.202985828423984,371.2484548858756,-13.340608232443172,17.202985828423984,371.2484548858756,11,-13.21041531070626,-13.250851306145075,0.8808548287242005,-14.715283911445717,-11.843866187337026,
train/id00012/IYaT706uSpQ/00042/real_video_fake_audio.wav,AVDeepfake1M_local/wavs_subset_600/train/id00012/IYaT706uSpQ/00042/real_video_fake_audio.wav,AVDeepfake1M_local/direct_wavs_subset_600/train/id00012/IYaT706uSpQ/00042/real_video_fake_audio.wav,16000,94191,17,1.0625,0.027201040728592144,0.9826841205635358,351.5271181743592,-11.930443391054077,21.18001043366167,330.3471077406974,-11.930443391063466,21.18001043361275,330.3471077406484,10,-11.954245903982835,-12.024713066465484,0.48885593586697723,-12.689186217419177,-10.783107206560006,
train/id00012/IYaT706uSpQ/00043/fake_video_fake_audio.wav,AVDeepfake1M_local/wavs_subset_600/train/id00012/IYaT706uSpQ/00043/fake_video_fake_audio.wav,AVDeepfake1M_local/direct_wavs_subset_600/train/id00012/IYaT706uSpQ/00043/fake_video_fake_audio.wav,16000,284657,15,0.9375,0.041298347904892764,0.9962867591522429,2321.0913100326434,-10.603229872686871,185.83480895882911,2135.256501073814,-10.603229872686871,185.83480895882911,2135.256501073814,34,-10.277394371061128,-10.468698968730463,1.4154843401734187,-12.767787967649555,-7.391440068838562,
train/id00012/IYaT706uSpQ/00043/real.wav,AVDeepfake1M_local/wavs_subset_600/train/id00012/IYaT706uSpQ/00043/real.wav,AVDeepfake1M_local/direct_wavs_subset_600/train/id00012/IYaT706uSpQ/00043/real.wav,16000,302065,15,0.9375,0.03982299919259715,0.9987254398887656,2420.6637063156813,-10.878806858815773,182.79095521692778,2237.8727510987537,-10.878806858815773,182.79095521692778,2237.8727510987533,36,-10.515737955255165,-10.651126219608336,1.4937751844436178,-13.257964193315544,-7.474167566119231,
train/id00012/IYaT706uSpQ/00043/real_video_fake_audio.wav,AVDeepfake1M_local/wavs_subset_600/train/id00012/IYaT706uSpQ/00043/real_video_fake_audio.wav,AVDeepfake1M_local/direct_wavs_subset_600/train/id00012/IYaT706uSpQ/00043/real_video_fake_audio.wav,16000,284657,15,0.9375,0.041298347904892764,0.9962867591522429,2321.0913100326434,-10.603229872686871,185.83480895882911,2135.256501073814,-10.603229872686871,185.83480895882911,2135.256501073814,34,-10.277394371061128,-10.468698968730463,1.4154843401734187,-12.767787967649555,-7.391440068838562,
train/id00012/IYaT706uSpQ/00049/fake_video_fake_audio.wav,AVDeepfake1M_local/wavs_subset_600/train/id00012/IYaT706uSpQ/00049/fake_video_fake_audio.wav,AVDeepfake1M_local/direct_wavs_subset_600/train/id00012/IYaT706uSpQ/00049/fake_video_fake_audio.wav,16000,90097,15,0.9375,0.028455351309152593,0.995371654994062,103.61589175555855,-8.924389635984891,11.7662603618801,91.8496313936783,-8.924388259566973,11.766259314617619,91.84959410847682,10,-9.006480758483933,-9.029250687371954,0.8759579749164061,-10.575648495591217,-7.635381336116241,
train/id00012/IYaT706uSpQ/00049/real.wav,AVDeepfake1M_local/wavs_subset_600/train/id00012/IYaT706uSpQ/00049/real.wav,AVDeepfake1M_local/direct_wavs_subset_600/train/id00012/IYaT706uSpQ/00049/real.wav,16000,91121,15,0.9375,0.027818864450505965,0.9999890255813698,106.92050867434591,-9.207982475296987,11.456251756137537,95.4642569182082,-9.207982475216246,11.456251754112976,95.4642568995629,10,-9.263541456919802,-9.186086952360219,1.0186933527591824,-11.081917482680241,-7.744086012192408,
train/id00012/IYaT706uSpQ/00049/real_video_fake_audio.wav,AVDeepfake1M_local/wavs_subset_600/train/id00012/IYaT706uSpQ/00049/real_video_fake_audio.wav,AVDeepfake1M_local/direct_wavs_subset_600/train/id00012/IYaT706uSpQ/00049/real_video_fake_audio.wav,16000,90097,15,0.9375,0.028455351309152593,0.995371654994062,103.61589175555855,-8.924389635984891,11.7662603618801,91.8496313936783,-8.924388259566973,11.766259314617619,91.84959410847682,10,-9.006480758483933,-9.029250687371954,0.8759579749164061,-10.575648495591217,-7.635381336116241,
train/id00012/IYaT706uSpQ/00051/fake_video_fake_audio.wav,AVDeepfake1M_local/wavs_subset_600/train/id00012/IYaT706uSpQ/00051/fake_video_fake_audio.wav,AVDeepfake1M_local/direct_wavs_subset_600/train/id00012/IYaT706uSpQ/00051/fake_video_fake_audio.wav,16000,115696,16,1.0,0.03064243976289164,0.9881067625501314,162.1738093830645,-8.61079956488412,19.627938365589742,142.54587101747455,-8.610799564884955,19.627938365585372,142.5458710174702,13,-8.711266837990921,-8.633624258494555,0.964924167589681,-11.58859062689583,-7.715554871541091,
train/id00012/IYaT706uSpQ/00051/real.wav,AVDeepfake1M_local/wavs_subset_600/train/id00012/IYaT706uSpQ/00051/real.wav,AVDeepfake1M_local/direct_wavs_subset_600/train/id00012/IYaT706uSpQ/00051/real.wav,16000,114672,16,1.0,0.03129124376710404,0.9955350913910981,172.05664024222642,-8.487762797254359,21.348201402572695,150.70843883965355,-8.487762797254359,21.348201402572695,150.70843883965352,13,-8.608605177342394,-8.478108526019536,0.9803092495326902,-11.513846104374279,-7.585300430608626,
train/id00012/IYaT706uSpQ/00051/real_video_fake_audio.wav,AVDeepfake1M_local/wavs_subset_600/train/id00012/IYaT706uSpQ/00051/real_video_fake_audio.wav,AVDeepfake1M_local/direct_wavs_subset_600/train/id00012/IYaT706uSpQ/00051/real_video_fake_audio.wav,16000,115696,16,1.0,0.03064243976289164,0.9881067625501314,162.1738093830645,-8.61079956488412,19.627938365589742,142.54587101747455,-8.610799564884955,19.627938365585372,142.5458710174702,13,-8.711266837990921,-8.633624258494555,0.964924167589681,-11.58859062689583,-7.715554871541091,
train/id00012/IYaT706uSpQ/00052/fake_video_fake_audio.wav,AVDeepfake1M_local/wavs_subset_600/train/id00012/IYaT706uSpQ/00052/fake_video_fake_audio.wav,AVDeepfake1M_local/direct_wavs_subset_600/train/id00012/IYaT706uSpQ/00052/fake_video_fake_audio.wav,16000,81903,17,1.0625,0.0234176755481533,0.9894631454281284,119.60051649808884,-11.968632212911432,7.146783955289587,112.45373254279914,-11.968626051139182,7.146783775462052,112.45357016394186,9,-11.451661688472992,-11.091725701867707,0.9889040059540298,-14.057655844510329,-10.453987706932608,
train/id00012/IYaT706uSpQ/00052/real.wav,AVDeepfake1M_local/wavs_subset_600/train/id00012/IYaT706uSpQ/00052/real.wav,AVDeepfake1M_local/direct_wavs_subset_600/train/id00012/IYaT706uSpQ/00052/real.wav,16000,80879,17,1.0625,0.021555838519043125,0.9980341003227042,124.79850383289158,-12.842966266231182,6.164698410402838,118.63380542248865,-12.842966547539836,6.164696372397452,118.63377388734712,9,-12.28911648998663,-12.155465702166612,1.0659142585331625,-15.102429106948406,-11.242551636553305,
train/id00012/IYaT706uSpQ/00052/real_video_fake_audio.wav,AVDeepfake1M_local/wavs_subset_600/train/id00012/IYaT706uSpQ/00052/real_video_fake_audio.wav,AVDeepfake1M_local/direct_wavs_subset_600/train/id00012/IYaT706uSpQ/00052/real_video_fake_audio.wav,16000,81903,17,1.0625,0.0234176755481533,0.9894631454281284,119.60051649808884,-11.968632212911432,7.146783955289587,112.45373254279914,-11.968626051139182,7.146783775462052,112.45357016394186,9,-11.451661688472992,-11.091725701867707,0.9889040059540298,-14.057655844510329,-10.453987706932608,
train/id00012/IYaT706uSpQ/00053/fake_video_fake_audio.wav,AVDeepfake1M_local/wavs_subset_600/train/id00012/IYaT706uSpQ/00053/fake_video_fake_audio.wav,AVDeepfake1M_local/direct_wavs_subset_600/train/id00012/IYaT706uSpQ/00053/fake_video_fake_audio.wav,16000,88048,16,1.0,0.028438854435762197,0.9894602943848809,125.28225057758391,-10.204651071237583,10.910706589446665,114.37154398813709,-10.204651071237583,10.910706589446665,114.37154398813709,10,-10.207228748894181,-10.177337023939462,0.5191178278981127,-11.241128928221276,-9.489809876177114,
train/id00012/IYaT706uSpQ/00053/real.wav,AVDeepfake1M_local/wavs_subset_600/train/id00012/IYaT706uSpQ/00053/real.wav,AVDeepfake1M_local/direct_wavs_subset_600/train/id00012/IYaT706uSpQ/00053/real.wav,16000,87024,16,1.0,0.026191358287447522,0.9955874241588527,130.6832862580195,-10.842432240964747,9.94493643919061,120.73834981882877,-10.842432240964747,9.94493643919061,120.73834981882875,9,-10.827606669584984,-10.783884283972686,0.6171824252968615,-12.300798228436848,-10.184890087731613,
train/id00012/IYaT706uSpQ/00053/real_video_fake_audio.wav,AVDeepfake1M_local/wavs_subset_600/train/id00012/IYaT706uSpQ/00053/real_video_fake_audio.wav,AVDeepfake1M_local/direct_wavs_subset_600/train/id00012/IYaT706uSpQ/00053/real_video_fake_audio.wav,16000,88048,16,1.0,0.028438854435762197,0.9894602943848809,125.28225057758391,-10.204651071237583,10.910706589446665,114.37154398813709,-10.204651071237583,10.910706589446665,114.37154398813709,10,-10.207228748894181,-10.177337023939462,0.5191178278981127,-11.241128928221276,-9.489809876177114,
train/id00012/IYaT706uSpQ/00055/fake_video_fake_audio.wav,AVDeepfake1M_local/wavs_subset_600/train/id00012/IYaT706uSpQ/00055/fake_video_fake_audio.wav,AVDeepfake1M_local/direct_wavs_subset_600/train/id00012/IYaT706uSpQ/00055/fake_video_fake_audio.wav,16000,133105,15,0.9375,0.025715014389224192,0.9959054881484543,187.65577283594757,-10.169058334863745,16.465442148560975,171.19033068738645,-10.169057002074723,16.465442126173663,171.19027791871673,15,-10.121611952429253,-10.23952955486391,0.6115122921693149,-11.343653896286936,-9.00014990018989,
train/id00012/IYaT706uSpQ/00055/real.wav,AVDeepfake1M_local/wavs_subset_600/train/id00012/IYaT706uSpQ/00055/real.wav,AVDeepfake1M_local/direct_wavs_subset_600/train/id00012/IYaT706uSpQ/00055/real.wav,16000,132081,15,0.9375,0.025467777384723892,0.9999924288883337,189.62469701096416,-10.171276208112552,16.630451364644024,172.99424564632,-10.171276214358638,16.630451339995837,172.99424563872606,15,-10.088317788379705,-10.006811381493081,0.5746522063584456,-11.305026555985908,-9.077160690500287,
train/id00012/IYaT706uSpQ/00055/real_video_fake_audio.wav,AVDeepfake1M_local/wavs_subset_600/train/id00012/IYaT706uSpQ/00055/real_video_fake_audio.wav,AVDeepfake1M_local/direct_wavs_subset_600/train/id00012/IYaT706uSpQ/00055/real_video_fake_audio.wav,16000,133105,15,0.9375,0.025715014389224192,0.9959054881484543,187.65577283594757,-10.169058334863745,16.465442148560975,171.19033068738645,-10.169057002074723,16.465442126173663,171.19027791871673,15,-10.121611952429253,-10.23952955486391,0.6115122921693149,-11.343653896286936,-9.00014990018989,
train/id00012/JEBlkjLkhmY/00056/fake_video_fake_audio.wav,AVDeepfake1M_local/wavs_subset_600/train/id00012/JEBlkjLkhmY/00056/fake_video_fake_audio.wav,AVDeepfake1M_local/direct_wavs_subset_600/train/id00012/JEBlkjLkhmY/00056/fake_video_fake_audio.wav,16000,116721,15,0.9375,0.04054699511420216,0.9931374816871,205.8704090025276,-13.41444360443828,8.97019388544927,196.90021511707798,-13.414443603777118,8.97019388478475,196.90021507251572,13,-13.568568132507568,-12.664276081468719,3.209525163456269,-19.648945485575368,-9.61720018285826,
train/id00012/JEBlkjLkhmY/00056/real_video_fake_audio.wav,AVDeepfake1M_local/wavs_subset_600/train/id00012/JEBlkjLkhmY/00056/real_video_fake_audio.wav,AVDeepfake1M_local/direct_wavs_subset_600/train/id00012/JEBlkjLkhmY/00056/real_video_fake_audio.wav,16000,116721,15,0.9375,0.04054699511420216,0.9931374816871,205.8704090025276,-13.41444360443828,8.97019388544927,196.90021511707798,-13.414443603777118,8.97019388478475,196.90021507251572,13,-13.568568132507568,-12.664276081468719,3.209525163456269,-19.648945485575368,-9.61720018285826,
train/id00012/L5fo1OvuXIg/00057/fake_video_fake_audio.wav,AVDeepfake1M_local/wavs_subset_600/train/id00012/L5fo1OvuXIg/00057/fake_video_fake_audio.wav,AVDeepfake1M_local/direct_wavs_subset_600/train/id00012/L5fo1OvuXIg/00057/fake_video_fake_audio.wav,16000,129010,14,0.875,0.09682513231179381,0.9977521122393613,644.2080199541524,-2.3246125837034697,237.89989440737685,406.3081255467737,-2.3246124427292796,237.8998918178109,406.30810793509863,15,-1.355125680641286,-1.8215913025325579,2.385476113715493,-5.25756638342898,3.0850934677688664,
train/id00012/L5fo1OvuXIg/00057/real.wav,AVDeepfake1M_local/wavs_subset_600/train/id00012/L5fo1OvuXIg/00057/real.wav,AVDeepfake1M_local/direct_wavs_subset_600/train/id00012/L5fo1OvuXIg/00057/real.wav,16000,129010,14,0.875,0.09918697326254168,0.9989923261762654,648.3395240865648,-2.063971796716839,248.5572214443847,399.78230264217814,-2.063971689970228,248.5572199707404,399.7822904455764,15,-0.7597713100427882,0.530545304693908,2.493643661469452,-5.097234513404567,3.089171426408097,
train/id00012/L5fo1OvuXIg/00057/real_video_fake_audio.wav,AVDeepfake1M_local/wavs_subset_600/train/id00012/L5fo1OvuXIg/00057/real_video_fake_audio.wav,AVDeepfake1M_local/direct_wavs_subset_600/train/id00012/L5fo1OvuXIg/00057/real_video_fake_audio.wav,16000,129010,14,0.875,0.09682513231179381,0.9977521122393613,644.2080199541524,-2.3246125837034697,237.89989440737685,406.3081255467737,-2.3246124427292796,237.8998918178109,406.30810793509863,15,-1.355125680641286,-1.8215913025325579,2.385476113715493,-5.25756638342898,3.0850934677688664,
train/id00012/L5fo1OvuXIg/00058/fake_video_fake_audio.wav,AVDeepfake1M_local/wavs_subset_600/train/id00012/L5fo1OvuXIg/00058/fake_video_fake_audio.wav,AVDeepfake1M_local/direct_wavs_subset_600/train/id00012/L5fo1OvuXIg/00058/fake_video_fake_audio.wav,16000,167922,14,0.875,0.09293455870274132,0.928526339610057,867.9681227104738,-3.242045223038888,279.1234079791703,588.8447147313018,-3.2412261368017354,279.1207373945764,588.7280353022757,19,-2.0887341179447216,-1.1577963600058419,2.7601340063545114,-7.757048231268327,1.118776348125489,
train/id00012/L5fo1OvuXIg/00058/real.wav,AVDeepfake1M_local/wavs_subset_600/train/id00012/L5fo1OvuXIg/00058/real.wav,AVDeepfake1M_local/direct_wavs_subset_600/train/id00012/L5fo1OvuXIg/00058/real.wav,16000,163826,14,0.875,0.09476108728625071,0.930255270836131,885.7831229204312,-3.148429709132591,289.0339485443278,596.7491743761017,-3.147591679243782,289.0315505610578,596.6290846669624,19,-1.9929851726967196,-0.8613465196199246,2.64014276949912,-7.251008711903059,1.608025925244285,
train/id00012/L5fo1OvuXIg/00058/real_video_fake_audio.wav,AVDeepfake1M_local/wavs_subset_600/train/id00012/L5fo1OvuXIg/00058/real_video_fake_audio.wav,AVDeepfake1M_local/direct_wavs_subset_600/train/id00012/L5fo1OvuXIg/00058/real_video_fake_audio.wav,16000,167922,14,0.875,0.09293455870274132,0.928526339610057,867.9681227104738,-3.242045223038888,279.1234079791703,588.8447147313018,-3.2412261368017354,279.1207373945764,588.7280353022757,19,-2.0887341179447216,-1.1577963600058419,2.7601340063545114,-7.757048231268327,1.118776348125489,
train/id00012/L5fo1OvuXIg/00060/fake_video_fake_audio.wav,AVDeepfake1M_local/wavs_subset_600/train/id00012/L5fo1OvuXIg/00060/fake_video_fake_audio.wav,AVDeepfake1M_local/direct_wavs_subset_600/train/id00012/L5fo1OvuXIg/00060/fake_video_fake_audio.wav,16000,118770,14,0.875,0.1391349243515633,0.9160562431590469,2103.525902303867,-3.6961564033095224,629.3920766758641,1474.1338256279994,-3.6955635274736416,629.3823962204677,1473.9099283850794,13,-1.8956493616950791,-2.0114748838339627,2.9203244515133964,-7.34778839510438,3.1737740727376442,
train/id00012/L5fo1OvuXIg/00060/real.wav,AVDeepfake1M_local/wavs_subset_600/train/id00012/L5fo1OvuXIg/00060/real.wav,AVDeepfake1M_local/direct_wavs_subset_600/train/id00012/L5fo1OvuXIg/00060/real.wav,16000,116722,14,0.875,0.1314881329596519,0.9232192731447371,2049.499852304347,-3.826091021551576,600.4474346229242,1449.0524176814192,-3.8254787652232647,600.4373327719004,1448.823773448818,13,-1.865282618147597,-1.9598576353861765,3.0940560316309624,-7.696926637247675,3.405794296088136,
train/id00012/L5fo1OvuXIg/00060/real_video_fake_audio.wav,AVDeepfake1M_local/wavs_subset_600/train/id00012/L5fo1OvuXIg/00060/real_video_fake_audio.wav,AVDeepfake1M_local/direct_wavs_subset_600/train/id00012/L5fo1OvuXIg/00060/real_video_fake_audio.wav,16000,118770,14,0.875,0.1391349243515633,0.9160562431590469,2103.525902303867,-3.6961564033095224,629.3920766758641,1474.1338256279994,-3.6955635274736416,629.3823962204677,1473.9099283850794,13,-1.8956493616950791,-2.0114748838339627,2.9203244515133964,-7.34778839510438,3.1737740727376442,
train/id00012/L5fo1OvuXIg/00063/fake_video_fake_audio.wav,AVDeepfake1M_local/wavs_subset_600/train/id00012/L5fo1OvuXIg/00063/fake_video_fake_audio.wav,AVDeepfake1M_local/direct_wavs_subset_600/train/id00012/L5fo1OvuXIg/00063/fake_video_fake_audio.wav,16000,208881,15,0.9375,0.10178043001060649,0.9961652807100694,867.8450380982831,-1.098818320621411,379.3196328892955,488.52540520898543,-1.0988168621783163,379.31961080878943,488.52521271547886,25,-0.06069131121778766,-0.0784679385614789,1.993730426228796,-3.762598800551606,3.8082102686991752,
train/id00012/L5fo1OvuXIg/00063/real.wav,AVDeepfake1M_local/wavs_subset_600/train/id00012/L5fo1OvuXIg/00063/real.wav,AVDeepfake1M_local/direct_wavs_subset_600/train/id00012/L5fo1OvuXIg/00063/real.wav,16000,211953,15,0.9375,0.10164872402246453,0.9998443051053771,905.6986974449828,-1.0120551272710698,400.32212476453515,505.3765726804454,-1.0120551784909533,400.3221146030012,505.37656581259023,25,-0.04764466154032932,-0.5017156419476511,1.9508098984703703,-3.524985139537325,3.115404430440996,
train/id00012/L5fo1OvuXIg/00063/real_video_fake_audio.wav,AVDeepfake1M_local/wavs_subset_600/train/id00012/L5fo1OvuXIg/00063/real_video_fake_audio.wav,AVDeepfake1M_local/direct_wavs_subset_600/train/id00012/L5fo1OvuXIg/00063/real_video_fake_audio.wav,16000,208881,15,0.9375,0.10178043001060649,0.9961652807100694,867.8450380982831,-1.098818320621411,379.3196328892955,488.52540520898543,-1.0988168621783163,379.31961080878943,488.52521271547886,25,-0.06069131121778766,-0.0784679385614789,1.993730426228796,-3.762598800551606,3.8082102686991752,
train/id00012/L5fo1OvuXIg/00064/fake_video_fake_audio.wav,AVDeepfake1M_local/wavs_subset_600/train/id00012/L5fo1OvuXIg/00064/fake_video_fake_audio.wav,AVDeepfake1M_local/direct_wavs_subset_600/train/id00012/L5fo1OvuXIg/00064/fake_video_fake_audio.wav,16000,137200,16,1.0,0.08279840930340941,0.9935860058309038,447.51161149237305,-2.7983318103038486,154.06312269334924,293.44848879902247,-2.7983186349858675,154.06312157571097,293.447596428368,16,-2.3783378587961987,-2.572211878037608,1.8458573808565977,-5.408004422812185,0.7317865395330176,
train/id00012/L5fo1OvuXIg/00064/real.wav,AVDeepfake1M_local/wavs_subset_600/train/id00012/L5fo1OvuXIg/00064/real.wav,AVDeepfake1M_local/direct_wavs_subset_600/train/id00012/L5fo1OvuXIg/00064/real.wav,16000,135152,16,1.0,0.08134962253638212,0.9979874511660944,445.82693077158183,-2.887105080090005,151.43249764175613,294.3944331298244,-2.8870925942506793,151.43249678066718,294.3935850816497,15,-2.4853900363144423,-2.4988947901551444,1.875831445216323,-5.5980959303348445,0.09679576925694186,
train/id00012/L5fo1OvuXIg/00064/real_video_fake_audio.wav,AVDeepfake1M_local/wavs_subset_600/train/id00012/L5fo1OvuXIg/00064/real_video_fake_audio.wav,AVDeepfake1M_local/direct_wavs_subset_600/train/id00012/L5fo1OvuXIg/00064/real_video_fake_audio.wav,16000,137200,16,1.0,0.08279840930340941,0.9935860058309038,447.51161149237305,-2.7983318103038486,154.06312269334924,293.44848879902247,-2.7983186349858675,154.06312157571097,293.447596428368,16,-2.3783378587961987,-2.572211878037608,1.8458573808565977,-5.408004422812185,0.7317865395330176,
train/id00012/L5fo1OvuXIg/00065/fake_video_fake_audio.wav,AVDeepfake1M_local/wavs_subset_600/train/id00012/L5fo1OvuXIg/00065/fake_video_fake_audio.wav,AVDeepfake1M_local/direct_wavs_subset_600/train/id00012/L5fo1OvuXIg/00065/fake_video_fake_audio.wav,16000,154608,16,1.0,0.08863322236538912,0.9929628479768188,443.8082908159122,-1.201575975455996,191.40102390730908,252.40726690860157,-1.201562154921047,191.40101932789463,252.40645763628473,18,0.4167839067134018,0.4739377990193579,2.0863228968956444,-4.646829720723474,3.4517307685045413,
train/id00012/L5fo1OvuXIg/00065/real.wav,AVDeepfake1M_local/wavs_subset_600/train/id00012/L5fo1OvuXIg/00065/real.wav,AVDeepfake1M_local/direct_wavs_subset_600/train/id00012/L5fo1OvuXIg/00065/real.wav,16000,151536,16,1.0,0.08917723029179955,0.9977827050997783,475.1014103041962,-1.3676799057805125,200.45207645802336,274.64933384617126,-1.3676753707770022,200.45207585976272,274.6490462314233,17,0.3854134611377854,0.17468978986240813,2.1377185425687433,-4.692207031900406,3.3043252620009844,
train/id00012/L5fo1OvuXIg/00065/real_video_fake_audio.wav,AVDeepfake1M_local/wavs_subset_600/train/id00012/L5fo1OvuXIg/00065/real_video_fake_audio.wav,AVDeepfake1M_local/direct_wavs_subset_600/train/id00012/L5fo1OvuXIg/00065/real_video_fake_audio.wav,16000,154608,16,1.0,0.08863322236538912,0.9929628479768188,443.8082908159122,-1.201575975455996,191.40102390730908,252.40726690860157,-1.201562154921047,191.40101932789463,252.40645763628473,18,0.4167839067134018,0.4739377990193579,2.0863228968956444,-4.646829720723474,3.4517307685045413,
train/id00012/L5fo1OvuXIg/00066/fake_video_fake_audio.wav,AVDeepfake1M_local/wavs_subset_600/train/id00012/L5fo1OvuXIg/00066/fake_video_fake_audio.wav,AVDeepfake1M_local/direct_wavs_subset_600/train/id00012/L5fo1OvuXIg/00066/fake_video_fake_audio.wav,16000,160752,16,1.0,0.07341628753851531,0.9908430377227033,251.76795511879027,-3.4069019390891677,78.89342603306645,172.87452908572277,-3.4069003120368455,78.89342344853563,172.8744586562362,19,-2.813650335126471,-2.088867362356092,2.5483334440029464,-6.790669854224899,1.1515297715792256,
train/id00012/L5fo1OvuXIg/00066/real.wav,AVDeepfake1M_local/wavs_subset_600/train/id00012/L5fo1OvuXIg/00066/real.wav,AVDeepfake1M_local/direct_wavs_subset_600/train/id00012/L5fo1OvuXIg/00066/real.wav,16000,166896,16,1.0,0.07255536775086384,0.9984661106317707,319.18725740816444,-3.9289687678926777,91.95466196392596,227.23259544423746,-3.92896841310973,91.95466129021048,227.23257521635685,19,-2.998774018996095,-3.3282276621423397,2.6014468880141557,-6.54574758966053,0.9176391814385986,
train/id00012/L5fo1OvuXIg/00066/real_video_fake_audio.wav,AVDeepfake1M_local/wavs_subset_600/train/id00012/L5fo1OvuXIg/00066/real_video_fake_audio.wav,AVDeepfake1M_local/direct_wavs_subset_600/train/id00012/L5fo1OvuXIg/00066/real_video_fake_audio.wav,16000,160752,16,1.0,0.07341628753851531,0.9908430377227033,251.76795511879027,-3.4069019390891677,78.89342603306645,172.87452908572277,-3.4069003120368455,78.89342344853563,172.8744586562362,19,-2.813650335126471,-2.088867362356092,2.5483334440029464,-6.790669854224899,1.1515297715792256,
train/id00012/O2jVZ--4vCk/00067/fake_video_fake_audio.wav,AVDeepfake1M_local/wavs_subset_600/train/id00012/O2jVZ--4vCk/00067/fake_video_fake_audio.wav,AVDeepfake1M_local/direct_wavs_subset_600/train/id00012/O2jVZ--4vCk/00067/fake_video_fake_audio.wav,16000,92144,16,1.0,0.03769723877424993,0.9871505469699601,120.8738979222253,-9.874817960623588,11.279893511052617,109.59400441117239,-9.874817960623588,11.279893511052617,109.59400441117239,10,-10.49991019506734,-9.7754591662114,1.8951857408509227,-14.123733091702562,-8.189948637263967,
train/id00012/O2jVZ--4vCk/00067/real.wav,AVDeepfake1M_local/wavs_subset_600/train/id00012/O2jVZ--4vCk/00067/real.wav,AVDeepfake1M_local/direct_wavs_subset_600/train/id00012/O2jVZ--4vCk/00067/real.wav,16000,91121,15,0.9375,0.0339785178178401,0.992965397658059,120.21809706371278,-10.980498029133392,8.883428622815016,111.33466844089753,-10.980498029133392,8.883428622815016,111.33466844089752,10,-11.415177255743131,-11.093491811260117,1.1007903116065068,-13.280736121249364,-10.012062415621557,
train/id00012/O2jVZ--4vCk/00067/real_video_fake_audio.wav,AVDeepfake1M_local/wavs_subset_600/train/id00012/O2jVZ--4vCk/00067/real_video_fake_audio.wav,AVDeepfake1M_local/direct_wavs_subset_600/train/id00012/O2jVZ--4vCk/00067/real_video_fake_audio.wav,16000,92144,16,1.0,0.03769723877424993,0.9871505469699601,120.8738979222253,-9.874817960623588,11.279893511052617,109.59400441117239,-9.874817960623588,11.279893511052617,109.59400441117239,10,-10.49991019506734,-9.7754591662114,1.8951857408509227,-14.123733091702562,-8.189948637263967,
train/id00012/OuYBFCAc6GE/00068/fake_video_fake_audio.wav,AVDeepfake1M_local/wavs_subset_600/train/id00012/OuYBFCAc6GE/00068/fake_video_fake_audio.wav,AVDeepfake1M_local/direct_wavs_subset_600/train/id00012/OuYBFCAc6GE/00068/fake_video_fake_audio.wav,16000,111599,17,1.0625,0.036760025228041206,0.9899730284321544,215.37969683017582,-7.750736491953071,30.955892345599615,184.42380448457592,-7.750736106262568,30.95589234205695,184.42378808506555,12,-7.661726280926046,-7.186200516508495,1.3919949352628602,-11.126084874587065,-6.184789977219775,
train/id00012/OuYBFCAc6GE/00068/real.wav,AVDeepfake1M_local/wavs_subset_600/train/id00012/OuYBFCAc6GE/00068/real.wav,AVDeepfake1M_local/direct_wavs_subset_600/train/id00012/OuYBFCAc6GE/00068/real.wav,16000,113646,18,1.125,0.03368518952231973,0.9988912940182673,234.07256672531366,-8.652232518539448,28.093157633338006,205.97940909197544,-8.652232457494069,28.093157632160768,205.9794061880525,13,-8.450319967166305,-8.16736530623361,1.234322447816786,-11.287815844541385,-6.822694878346463,
train/id00012/OuYBFCAc6GE/00068/real_video_fake_audio.wav,AVDeepfake1M_local/wavs_subset_600/train/id00012/OuYBFCAc6GE/00068/real_video_fake_audio.wav,AVDeepfake1M_local/direct_wavs_subset_600/train/id00012/OuYBFCAc6GE/00068/real_video_fake_audio.wav,16000,111599,17,1.0625,0.036760025228041206,0.9899730284321544,215.37969683017582,-7.750736491953071,30.955892345599615,184.42380448457592,-7.750736106262568,30.95589234205695,184.42378808506555,12,-7.661726280926046,-7.186200516508495,1.3919949352628602,-11.126084874587065,-6.184789977219775,
train/id00012/OuYBFCAc6GE/00069/real.wav,AVDeepfake1M_local/wavs_subset_600/train/id00012/OuYBFCAc6GE/00069/real.wav,AVDeepfake1M_local/direct_wavs_subset_600/train/id00012/OuYBFCAc6GE/00069/real.wav,16000,117738,22,1.375,0.03626662478454443,0.9995073807946457,414.27942544966936,-9.468968279339254,42.06286617527488,372.2165592743942,-9.466938965524642,42.02008542702184,371.66428318695927,13,-8.703174982999156,-8.613530139120996,1.906935955150796,-11.125152152284393,-5.859282962746972,
train/id00012/OuYBFCAc6GE/00069/real_video_fake_audio.wav,AVDeepfake1M_local/wavs_subset_600/train/id00012/OuYBFCAc6GE/00069/real_video_fake_audio.wav,AVDeepfake1M_local/direct_wavs_subset_600/train/id00012/OuYBFCAc6GE/00069/real_video_fake_audio.wav,16000,114666,22,1.375,0.037215628425323354,0.998377897545916,398.42487396113575,-9.241373679704177,42.39800371187611,356.0268702492594,-9.241372739369453,42.39799428910043,356.0267140368665,13,-8.472753201041911,-8.15666757392591,2.0626530409450488,-10.835490179463923,-4.990558894832886,
train/id00012/OuYBFCAc6GE/00072/fake_video_fake_audio.wav,AVDeepfake1M_local/wavs_subset_600/train/id00012/OuYBFCAc6GE/00072/fake_video_fake_audio.wav,AVDeepfake1M_local/direct_wavs_subset_600/train/id00012/OuYBFCAc6GE/00072/fake_video_fake_audio.wav,16000,121834,-22,-1.375,0.036685286149192496,0.9934829357978889,199.92849688604474,-7.573129706359943,29.756107917801756,170.17238896824273,-7.573129706359943,29.756107917801756,170.17238896824273,14,-7.4014853278709785,-7.129495161732244,1.2502372770196093,-10.027263906897266,-5.8015343449822705,
train/id00012/OuYBFCAc6GE/00072/real.wav,AVDeepfake1M_local/wavs_subset_600/train/id00012/OuYBFCAc6GE/00072/real.wav,AVDeepfake1M_local/direct_wavs_subset_600/train/id00012/OuYBFCAc6GE/00072/real.wav,16000,119786,-22,-1.375,0.03793414375155226,0.9957758001769823,201.84240033756942,-7.167475039652626,32.50846715491532,169.33393318265382,-7.167475039652626,32.50846715491532,169.33393318265382,13,-7.018904078251124,-6.8077161654491345,1.004068642180299,-9.160014303247234,-5.582964428669992,
train/id00012/OuYBFCAc6GE/00072/real_video_fake_audio.wav,AVDeepfake1M_local/wavs_subset_600/train/id00012/OuYBFCAc6GE/00072/real_video_fake_audio.wav,AVDeepfake1M_local/direct_wavs_subset_600/train/id00012/OuYBFCAc6GE/00072/real_video_fake_audio.wav,16000,121834,-22,-1.375,0.036685286149192496,0.9934829357978889,199.92849688604474,-7.573129706359943,29.756107917801756,170.17238896824273,-7.573129706359943,29.756107917801756,170.17238896824273,14,-7.4014853278709785,-7.129495161732244,1.2502372770196093,-10.027263906897266,-5.8015343449822705,
train/id00012/OuYBFCAc6GE/00073/fake_video_fake_audio.wav,AVDeepfake1M_local/wavs_subset_600/train/id00012/OuYBFCAc6GE/00073/fake_video_fake_audio.wav,AVDeepfake1M_local/direct_wavs_subset_600/train/id00012/OuYBFCAc6GE/00073/fake_video_fake_audio.wav,16000,361453,19,1.1875,0.03397907654365436,0.9962014425111979,443.6723574763164,-7.996839014316045,60.73557923237266,382.9367782439435,-7.996839014316045,60.73557923237266,382.9367782439435,44,-7.881987063811186,-7.684572738962853,1.2847207808270642,-10.86893381021512,-5.000400626921571,
train/id00012/OuYBFCAc6GE/00073/real.wav,AVDeepfake1M_local/wavs_subset_600/train/id00012/OuYBFCAc6GE/00073/real.wav,AVDeepfake1M_local/direct_wavs_subset_600/train/id00012/OuYBFCAc6GE/00073/real.wav,16000,347117,19,1.1875,0.03247417958570355,0.9981648838864129,432.45797147322446,-8.375983641630032,54.87935810933188,377.5786133638924,-8.375983641630034,54.879358109331875,377.5786133638924,42,-8.248527333934511,-8.075275930651394,1.3200474859838303,-11.312028685068823,-5.475502313799334,
train/id00012/OuYBFCAc6GE/00073/real_video_fake_audio.wav,AVDeepfake1M_local/wavs_subset_600/train/id00012/OuYBFCAc6GE/00073/real_video_fake_audio.wav,AVDeepfake1M_local/direct_wavs_subset_600/train/id00012/OuYBFCAc6GE/00073/real_video_fake_audio.wav,16000,361453,19,1.1875,0.03397907654365436,0.9962014425111979,443.6723574763164,-7.996839014316045,60.73557923237266,382.9367782439435,-7.996839014316045,60.73557923237266,382.9367782439435,44,-7.881987063811186,-7.684572738962853,1.2847207808270642,-10.86893381021512,-5.000400626921571,
train/id00012/OuYBFCAc6GE/00075/real.wav,AVDeepfake1M_local/wavs_subset_600/train/id00012/OuYBFCAc6GE/00075/real.wav,AVDeepfake1M_local/direct_wavs_subset_600/train/id00012/OuYBFCAc6GE/00075/real.wav,16000,239592,24,1.5,0.038555336908103824,0.997362182376707,160.754739953205,-5.896743972533585,32.890754720259785,127.86398523294491,-5.896743972533585,32.890754720259785,127.86398523294491,28,-5.6475694799733445,-5.5197448350966,1.2681756865378777,-8.501438423632502,-3.2692268809414977,
train/id00012/OuYBFCAc6GE/00075/real_video_fake_audio.wav,AVDeepfake1M_local/wavs_subset_600/train/id00012/OuYBFCAc6GE/00075/real_video_fake_audio.wav,AVDeepfake1M_local/direct_wavs_subset_600/train/id00012/OuYBFCAc6GE/00075/real_video_fake_audio.wav,16000,242664,24,1.5,0.038210534848360275,0.9959450103847295,155.01383059844375,-5.951127824747685,31.40142032439369,123.61241027404976,-5.951127824747685,31.40142032439369,123.61241027404978,29,-5.664872746252221,-5.519149411224291,1.3190286561227527,-8.50270573334429,-3.3437986696508935,
train/id00012/OuYBFCAc6GE/00076/fake_video_fake_audio.wav,AVDeepfake1M_local/wavs_subset_600/train/id00012/OuYBFCAc6GE/00076/fake_video_fake_audio.wav,AVDeepfake1M_local/direct_wavs_subset_600/train/id00012/OuYBFCAc6GE/00076/fake_video_fake_audio.wav,16000,281580,20,1.25,0.03556914064260788,0.9992186945095533,599.7959407493472,-8.825932017127554,69.491553192859,530.3043875564879,-8.825932013727375,69.49155319031156,530.3043871218617,34,-8.247394008293888,-7.88374000251561,1.8180099228436306,-11.595656594200666,-4.979878141413283,
train/id00012/OuYBFCAc6GE/00076/real.wav,AVDeepfake1M_local/wavs_subset_600/train/id00012/OuYBFCAc6GE/00076/real.wav,AVDeepfake1M_local/direct_wavs_subset_600/train/id00012/OuYBFCAc6GE/00076/real.wav,16000,283628,20,1.25,0.03485028370212507,0.9999012791402824,597.0040763597935,-8.979000773978976,67.0416922015529,529.9623841582404,-8.979000765943535,67.04169219324362,529.9623831120042,34,-8.330575567543931,-7.839215099015013,1.768608801897415,-11.225532975505823,-5.194388600404225,
train/id00012/OuYBFCAc6GE/00078/fake_video_fake_audio.wav,AVDeepfake1M_local/wavs_subset_600/train/id00012/OuYBFCAc6GE/00078/fake_video_fake_audio.wav,AVDeepfake1M_local/direct_wavs_subset_600/train/id00012/OuYBFCAc6GE/00078/fake_video_fake_audio.wav,16000,133101,19,1.1875,0.037887678506446136,0.9935312281650777,130.68415482714772,-7.145665310196517,21.13664196325994,109.54751286388748,-7.145662207713986,21.136641737091345,109.54743343393838,15,-6.961058066415769,-6.914038102988523,1.448316737836202,-9.35017613096598,-4.525029608468728,
train/id00012/OuYBFCAc6GE/00078/real.wav,AVDeepfake1M_local/wavs_subset_600/train/id00012/OuYBFCAc6GE/00078/real.wav,AVDeepfake1M_local/direct_wavs_subset_600/train/id00012/OuYBFCAc6GE/00078/real.wav,16000,135150,18,1.125,0.038134700831630675,0.9997780244173141,142.7506810054183,-7.0293522834100255,23.61130960755687,119.13937139786114,-7.029352281835504,23.61130913164909,119.13936895330332,15,-6.697635611800603,-6.681632126209179,1.588754381601967,-9.548007572654155,-4.447819087703994,
train/id00012/OuYBFCAc6GE/00078/real_video_fake_audio.wav,AVDeepfake1M_local/wavs_subset_600/train/id00012/OuYBFCAc6GE/00078/real_video_fake_audio.wav,AVDeepfake1M_local/direct_wavs_subset_600/train/id00012/OuYBFCAc6GE/00078/real_video_fake_audio.wav,16000,133101,19,1.1875,0.037887678506446136,0.9935312281650777,130.68415482714772,-7.145665310196517,21.13664196325994,109.54751286388748,-7.145662207713986,21.136641737091345,109.54743343393838,15,-6.961058066415769,-6.914038102988523,1.448316737836202,-9.35017613096598,-4.525029608468728,
train/id00012/Pdni5zyZJYA/00079/fake_video_fake_audio.wav,AVDeepfake1M_local/wavs_subset_600/train/id00012/Pdni5zyZJYA/00079/fake_video_fake_audio.wav,AVDeepfake1M_local/direct_wavs_subset_600/train/id00012/Pdni5zyZJYA/00079/fake_video_fake_audio.wav,16000,102383,17,1.0625,0.025654202772535883,0.9915708662570935,126.43258115835488,-10.623365080937862,10.079551070451203,116.35303008790356,-10.623359145684208,10.079548281583552,116.35283888182215,11,-9.913641686882444,-9.280844933738553,2.140972200151297,-16.23500273133684,-8.263775129389808,
train/id00012/Pdni5zyZJYA/00079/real_video_fake_audio.wav,AVDeepfake1M_local/wavs_subset_600/train/id00012/Pdni5zyZJYA/00079/real_video_fake_audio.wav,AVDeepfake1M_local/direct_wavs_subset_600/train/id00012/Pdni5zyZJYA/00079/real_video_fake_audio.wav,16000,102383,17,1.0625,0.025654202772535883,0.9915708662570935,126.43258115835488,-10.623365080937862,10.079551070451203,116.35303008790356,-10.623359145684208,10.079548281583552,116.35283888182215,11,-9.913641686882444,-9.280844933738553,2.140972200151297,-16.23500273133684,-8.263775129389808,
train/id00012/Pdni5zyZJYA/00080/fake_video_fake_audio.wav,AVDeepfake1M_local/wavs_subset_600/train/id00012/Pdni5zyZJYA/00080/fake_video_fake_audio.wav,AVDeepfake1M_local/direct_wavs_subset_600/train/id00012/Pdni5zyZJYA/00080/fake_video_fake_audio.wav,16000,83953,15,0.9375,0.036409369275814195,0.9881719533548533,94.75762562081218,-6.043133044614998,18.872984391459372,75.88464122935255,-6.043133044614998,18.87298439145937,75.88464122935254,9,-6.0529325186345835,-5.804929831372073,0.9143248431898204,-7.4778191110752354,-4.6927881786324575,
train/id00012/Pdni5zyZJYA/00080/real.wav,AVDeepfake1M_local/wavs_subset_600/train/id00012/Pdni5zyZJYA/00080/real.wav,AVDeepfake1M_local/direct_wavs_subset_600/train/id00012/Pdni5zyZJYA/00080/real.wav,16000,83953,15,0.9375,0.03569517015045563,0.9996069229211583,99.17525849305093,-6.278024375642274,18.91118556959812,80.26407292345255,-6.278024401351799,18.911185195069564,80.26407180900452,9,-6.266089806605786,-6.271857793306736,1.0240373360782857,-7.854294906301902,-4.919338631069331,
train/id00012/Pdni5zyZJYA/00080/real_video_fake_audio.wav,AVDeepfake1M_local/wavs_subset_600/train/id00012/Pdni5zyZJYA/00080/real_video_fake_audio.wav,AVDeepfake1M_local/direct_wavs_subset_600/train/id00012/Pdni5zyZJYA/00080/real_video_fake_audio.wav,16000,83953,15,0.9375,0.036409369275814195,0.9881719533548533,94.75762562081218,-6.043133044614998,18.872984391459372,75.88464122935255,-6.043133044614998,18.87298439145937,75.88464122935254,9,-6.0529325186345835,-5.804929831372073,0.9143248431898204,-7.4778191110752354,-4.6927881786324575,
train/id00012/Pdni5zyZJYA/00082/fake_video_fake_audio.wav,AVDeepfake1M_local/wavs_subset_600/train/id00012/Pdni5zyZJYA/00082/fake_video_fake_audio.wav,AVDeepfake1M_local/direct_wavs_subset_600/train/id00012/Pdni5zyZJYA/00082/fake_video_fake_audio.wav,16000,154607,17,1.0625,0.030907335985189525,0.9919343884817634,147.21263330243528,-7.872939924431006,20.653738791073387,126.5588945113617,-7.872939786674778,20.65373870825953,126.55888998951703,18,-7.856367640527379,-7.914022329703201,0.5076902477422408,-8.702997620319778,-7.0184772928628405,
train/id00012/Pdni5zyZJYA/00082/real.wav,AVDeepfake1M_local/wavs_subset_600/train/id00012/Pdni5zyZJYA/00082/real.wav,AVDeepfake1M_local/direct_wavs_subset_600/train/id00012/Pdni5zyZJYA/00082/real.wav,16000,155631,17,1.0625,0.031133669670956505,0.9967165924526604,153.4791904911399,-7.787308957855881,21.90052740680261,131.57866308433708,-7.787308917560921,21.900527374533407,131.5786616696426,18,-7.778516741494566,-7.941038056631835,0.4832012287765384,-8.60397610468979,-6.990464844946605,
train/id00012/Pdni5zyZJYA/00082/real_video_fake_audio.wav,AVDeepfake1M_local/wavs_subset_600/train/id00012/Pdni5zyZJYA/00082/real_video_fake_audio.wav,AVDeepfake1M_local/direct_wavs_subset_600/train/id00012/Pdni5zyZJYA/00082/real_video_fake_audio.wav,16000,154607,17,1.0625,0.030907335985189525,0.9919343884817634,147.21263330243528,-7.872939924431006,20.653738791073387,126.5588945113617,-7.872939786674778,20.65373870825953,126.55888998951703,18,-7.856367640527379,-7.914022329703201,0.5076902477422408,-8.702997620319778,-7.0184772928628405,
train/id00012/Pdni5zyZJYA/00085/fake_video_fake_audio.wav,AVDeepfake1M_local/wavs_subset_600/train/id00012/Pdni5zyZJYA/00085/fake_video_fake_audio.wav,AVDeepfake1M_local/direct_wavs_subset_600/train/id00012/Pdni5zyZJYA/00085/fake_video_fake_audio.wav,16000,185329,15,0.9375,0.035708866799854175,0.9984406110214807,180.16743171121925,-6.436771729651328,33.3502885695444,146.8171431416746,-6.436771568823226,33.35028803766643,146.8171353632635,22,-6.442950587366902,-6.368093002884063,0.625906572975901,-7.55003026657616,-5.302483828314648,
train/id00012/Pdni5zyZJYA/00085/real.wav,AVDeepfake1M_local/wavs_subset_600/train/id00012/Pdni5zyZJYA/00085/real.wav,AVDeepfake1M_local/direct_wavs_subset_600/train/id00012/Pdni5zyZJYA/00085/real.wav,16000,186352,16,1.0,0.03620988160451904,0.99982828196102,190.74995674099773,-6.262662475008374,36.477301775861356,154.2726549651361,-6.262662444116622,36.47730165928332,154.27265337474012,22,-6.305739445661331,-6.328776808261722,0.6551824348413876,-7.42493254166113,-5.2480865983435,
train/id00012/Pdni5zyZJYA/00085/real_video_fake_audio.wav,AVDeepfake1M_local/wavs_subset_600/train/id00012/Pdni5zyZJYA/00085/real_video_fake_audio.wav,AVDeepfake1M_local/direct_wavs_subset_600/train/id00012/Pdni5zyZJYA/00085/real_video_fake_audio.wav,16000,185329,15,0.9375,0.035708866799854175,0.9984406110214807,180.16743171121925,-6.436771729651328,33.3502885695444,146.8171431416746,-6.436771568823226,33.35028803766643,146.8171353632635,22,-6.442950587366902,-6.368093002884063,0.625906572975901,-7.55003026657616,-5.302483828314648,
train/id00012/Pdni5zyZJYA/00086/fake_video_fake_audio.wav,AVDeepfake1M_local/wavs_subset_600/train/id00012/Pdni5zyZJYA/00086/fake_video_fake_audio.wav,AVDeepfake1M_local/direct_wavs_subset_600/train/id00012/Pdni5zyZJYA/00086/fake_video_fake_audio.wav,16000,173038,18,1.125,0.029836859201062358,0.9972376009893781,194.92856067512184,-7.985236328495913,26.745919631059607,168.18264104406205,-7.985236328495913,26.745919631059607,168.18264104406205,20,-7.984035829758646,-8.055167802352052,0.5215785249311016,-8.923909925230994,-7.11801640054404,
train/id00012/Pdni5zyZJYA/00086/real_video_fake_audio.wav,AVDeepfake1M_local/wavs_subset_600/train/id00012/Pdni5zyZJYA/00086/real_video_fake_audio.wav,AVDeepfake1M_local/direct_wavs_subset_600/train/id00012/Pdni5zyZJYA/00086/real_video_fake_audio.wav,16000,173038,18,1.125,0.029836859201062358,0.9972376009893781,194.92856067512184,-7.985236328495913,26.745919631059607,168.18264104406205,-7.985236328495913,26.745919631059607,168.18264104406205,20,-7.984035829758646,-8.055167802352052,0.5215785249311016,-8.923909925230994,-7.11801640054404,
train/id00012/UiPa-HfABJQ/00088/fake_video_fake_audio.wav,AVDeepfake1M_local/wavs_subset_600/train/id00012/UiPa-HfABJQ/00088/fake_video_fake_audio.wav,AVDeepfake1M_local/direct_wavs_subset_600/train/id00012/UiPa-HfABJQ/00088/fake_video_fake_audio.wav,16000,107504,16,1.0,0.03883115637575488,0.9919630897454979,12.769320854917169,-4.036295421786259,3.6143334016343873,9.154987453282478,-4.0362954228646695,3.6143334001514438,9.154987451799535,12,-4.263857718097684,-3.7808485502216898,1.7331014337705035,-8.773796561365925,-2.4276871409833407,
train/id00012/UiPa-HfABJQ/00088/real.wav,AVDeepfake1M_local/wavs_subset_600/train/id00012/UiPa-HfABJQ/00088/real.wav,AVDeepfake1M_local/direct_wavs_subset_600/train/id00012/UiPa-HfABJQ/00088/real.wav,16000,106480,16,1.0,0.038179431917383856,0.9939894815927873,12.801907924003899,-3.9701577569553526,3.663250525315166,9.13865739868844,-3.9701577569553512,3.663250525315167,9.13865739868844,12,-4.059036487626768,-3.6381429097602362,1.0528808424323872,-6.158501484354902,-2.964370521858677,
train/id00012/UiPa-HfABJQ/00088/real_video_fake_audio.wav,AVDeepfake1M_local/wavs_subset_600/train/id00012/UiPa-HfABJQ/00088/real_video_fake_audio.wav,AVDeepfake1M_local/direct_wavs_subset_600/train/id00012/UiPa-HfABJQ/00088/real_video_fake_audio.wav,16000,107504,16,1.0,0.03883115637575488,0.9919630897454979,12.769320854917169,-4.036295421786259,3.6143334016343873,9.154987453282478,-4.0362954228646695,3.6143334001514438,9.154987451799535,12,-4.263857718097684,-3.7808485502216898,1.7331014337705035,-8.773796561365925,-2.4276871409833407,
train/id00012/UiPa-HfABJQ/00089/fake_video_fake_audio.wav,AVDeepfake1M_local/wavs_subset_600/train/id00012/UiPa-HfABJQ/00089/fake_video_fake_audio.wav,AVDeepfake1M_local/direct_wavs_subset_600/train/id00012/UiPa-HfABJQ/00089/fake_video_fake_audio.wav,16000,177135,17,1.0625,0.044428647864359516,0.9931408247946482,32.793471676297486,-2.0333361909390075,12.626930648237314,20.166541028059775,-2.0333361909390075,12.626930648237316,20.166541028059775,21,-2.3729313248904425,-1.6908779060315515,1.7036516756534448,-6.032392867342528,0.8746049728324895,
train/id00012/UiPa-HfABJQ/00089/real.wav,AVDeepfake1M_local/wavs_subset_600/train/id00012/UiPa-HfABJQ/00089/real.wav,AVDeepfake1M_local/direct_wavs_subset_600/train/id00012/UiPa-HfABJQ/00089/real.wav,16000,179183,17,1.0625,0.043865824784309664,0.9978625204399971,34.11321616731584,-2.0295621731923372,13.142110439742067,20.971105727573388,-2.0295621731923372,13.142110439742066,20.971105727573388,21,-2.290396627515079,-1.7804818810971446,1.4137908826420216,-5.249523767446332,0.7233276585994268,
train/id00012/UiPa-HfABJQ/00090/fake_video_fake_audio.wav,AVDeepfake1M_local/wavs_subset_600/train/id00012/UiPa-HfABJQ/00090/fake_video_fake_audio.wav,AVDeepfake1M_local/direct_wavs_subset_600/train/id00012/UiPa-HfABJQ/00090/fake_video_fake_audio.wav,16000,107503,17,1.0625,0.036274334442386445,0.9889956559351832,28.61957911774516,-5.828944519630982,5.928671807062586,22.69090731068231,-5.828944363890331,5.928671805985406,22.69090649284984,12,-5.328466625597342,-5.214090083179645,1.3105543941797488,-8.055587096734957,-3.1097687799318328,
train/id00012/UiPa-HfABJQ/00090/real.wav,AVDeepfake1M_local/wavs_subset_600/train/id00012/UiPa-HfABJQ/00090/real.wav,AVDeepfake1M_local/direct_wavs_subset_600/train/id00012/UiPa-HfABJQ/00090/real.wav,16000,107503,17,1.0625,0.036816945913094756,0.9964373087262681,28.733418899588287,-5.660995877381829,6.136821154466767,22.59659774512125,-5.660995877381829,6.136821154466767,22.59659774512125,12,-5.138942742866997,-4.958121975989269,1.2156744975952622,-7.366190804246504,-3.050507904197708,
train/id00012/UiPa-HfABJQ/00090/real_video_fake_audio.wav,AVDeepfake1M_local/wavs_subset_600/train/id00012/UiPa-HfABJQ/00090/real_video_fake_audio.wav,AVDeepfake1M_local/direct_wavs_subset_600/train/id00012/UiPa-HfABJQ/00090/real_video_fake_audio.wav,16000,107503,17,1.0625,0.036274334442386445,0.9889956559351832,28.61957911774516,-5.828944519630982,5.928671807062586,22.69090731068231,-5.828944363890331,5.928671805985406,22.69090649284984,12,-5.328466625597342,-5.214090083179645,1.3105543941797488,-8.055587096734957,-3.1097687799318328,
train/id00012/Z-G8-wqpxwU/00091/fake_video_fake_audio.wav,AVDeepfake1M_local/wavs_subset_600/train/id00012/Z-G8-wqpxwU/00091/fake_video_fake_audio.wav,AVDeepfake1M_local/direct_wavs_subset_600/train/id00012/Z-G8-wqpxwU/00091/fake_video_fake_audio.wav,16000,120816,-16,-1.0,0.045242931299231764,0.9886107800291352,732.4122789157555,-8.042609523474562,99.3534826874912,633.0587962282639,-8.042609523167645,99.35348268710229,633.0587961810472,14,-8.036001936414202,-7.6669035926353635,0.861927022650516,-9.832997879264166,-6.967621612141278,
train/id00012/Z-G8-wqpxwU/00091/real.wav,AVDeepfake1M_local/wavs_subset_600/train/id00012/Z-G8-wqpxwU/00091/real.wav,AVDeepfake1M_local/direct_wavs_subset_600/train/id00012/Z-G8-wqpxwU/00091/real.wav,16000,117744,-16,-1.0,0.043532364290946875,0.9967386873216469,732.6966480305418,-8.368611575154922,93.1178426994872,639.5788053310542,-8.368611575154924,93.1178426994872,639.5788053310544,13,-8.328196758487273,-7.964848045325889,0.9458518841448201,-10.218571418627482,-7.131127211692196,
train/id00012/Z-G8-wqpxwU/00091/real_video_fake_audio.wav,AVDeepfake1M_local/wavs_subset_600/train/id00012/Z-G8-wqpxwU/00091/real_video_fake_audio.wav,AVDeepfake1M_local/direct_wavs_subset_600/train/id00012/Z-G8-wqpxwU/00091/real_video_fake_audio.wav,16000,120816,-16,-1.0,0.045242931299231764,0.9886107800291352,732.4122789157555,-8.042609523474562,99.3534826874912,633.0587962282639,-8.042609523167645,99.35348268710229,633.0587961810472,14,-8.036001936414202,-7.6669035926353635,0.861927022650516,-9.832997879264166,-6.967621612141278,
train/id00012/Z-G8-wqpxwU/00094/fake_video_fake_audio.wav,AVDeepfake1M_local/wavs_subset_600/train/id00012/Z-G8-wqpxwU/00094/fake_video_fake_audio.wav,AVDeepfake1M_local/direct_wavs_subset_600/train/id00012/Z-G8-wqpxwU/00094/fake_video_fake_audio.wav,16000,116701,35,2.1875,0.036206470322030386,0.9933076837387854,664.909970600158,-10.419056454076019,55.3492018579517,609.5607687422059,-10.41905648008846,55.349201483172465,609.560768265779,13,-10.324512211278366,-10.317638300607033,0.724943126557342,-11.31859946211087,-9.108918949790848,
train/id00012/Z-G8-wqpxwU/00094/real.wav,AVDeepfake1M_local/wavs_subset_600/train/id00012/Z-G8-wqpxwU/00094/real.wav,AVDeepfake1M_local/direct_wavs_subset_600/train/id00012/Z-G8-wqpxwU/00094/real.wav,16000,116701,35,2.1875,0.03655231642197729,0.9987917841320982,680.0642891079187,-10.334378482493227,57.6308552206619,622.4334338872566,-10.334382530899246,57.63079232418229,622.433334802829,13,-10.23689730422486,-10.299975629837403,0.7717034816709112,-11.269084586284862,-8.856788548325735,
train/id00012/Z-G8-wqpxwU/00094/real_video_fake_audio.wav,AVDeepfake1M_local/wavs_subset_600/train/id00012/Z-G8-wqpxwU/00094/real_video_fake_audio.wav,AVDeepfake1M_local/direct_wavs_subset_600/train/id00012/Z-G8-wqpxwU/00094/real_video_fake_audio.wav,16000,116701,35,2.1875,0.036206470322030386,0.9933076837387854,664.909970600158,-10.419056454076019,55.3492018579517,609.5607687422059,-10.41905648008846,55.349201483172465,609.560768265779,13,-10.324512211278366,-10.317638300607033,0.724943126557342,-11.31859946211087,-9.108918949790848,
train/id00012/Z-G8-wqpxwU/00095/fake_video_fake_audio.wav,AVDeepfake1M_local/wavs_subset_600/train/id00012/Z-G8-wqpxwU/00095/fake_video_fake_audio.wav,AVDeepfake1M_local/direct_wavs_subset_600/train/id00012/Z-G8-wqpxwU/00095/fake_video_fake_audio.wav,16000,122864,-16,-1.0,0.03625734213599336,0.990363328558406,682.0509017538279,-10.684980997919471,53.66923513261466,628.3816666212131,-10.684980997919471,53.66923513261466,628.3816666212131,14,-10.753824982057608,-10.597443857150523,0.9658619981642108,-12.693333226006969,-9.596695802603659,
train/id00012/Z-G8-wqpxwU/00095/real.wav,AVDeepfake1M_local/wavs_subset_600/train/id00012/Z-G8-wqpxwU/00095/real.wav,AVDeepfake1M_local/direct_wavs_subset_600/train/id00012/Z-G8-wqpxwU/00095/real.wav,16000,119792,-16,-1.0,0.03422098372092597,0.9957259249365567,673.5615901844576,-11.123687272902652,48.27377258538715,625.2878175990702,-11.123687272902652,48.27377258538715,625.2878175990702,13,-11.217042733474347,-11.202297081326888,0.8852200151283808,-13.200909822491816,-10.142183435513523,
train/id00012/Z-G8-wqpxwU/00095/real_video_fake_audio.wav,AVDeepfake1M_local/wavs_subset_600/train/id00012/Z-G8-wqpxwU/00095/real_video_fake_audio.wav,AVDeepfake1M_local/direct_wavs_subset_600/train/id00012/Z-G8-wqpxwU/00095/real_video_fake_audio.wav,16000,122864,-16,-1.0,0.03625734213599336,0.990363328558406,682.0509017538279,-10.684980997919471,53.66923513261466,628.3816666212131,-10.684980997919471,53.66923513261466,628.3816666212131,14,-10.753824982057608,-10.597443857150523,0.9658619981642108,-12.693333226006969,-9.596695802603659,
train/id00012/Z-G8-wqpxwU/00096/fake_video_fake_audio.wav,AVDeepfake1M_local/wavs_subset_600/train/id00012/Z-G8-wqpxwU/00096/fake_video_fake_audio.wav,AVDeepfake1M_local/direct_wavs_subset_600/train/id00012/Z-G8-wqpxwU/00096/fake_video_fake_audio.wav,16000,193520,-16,-1.0,0.03843045780084881,0.9933856965688301,1909.918412678875,-11.773660252272517,119.04183974708147,1790.8765729317934,-11.773660252272517,119.04183974708147,1790.8765729317934,23,-11.668379909809467,-11.584868278233497,0.6717720859090763,-13.669886607397906,-10.629068835053399,
train/id00012/Z-G8-wqpxwU/00096/real.wav,AVDeepfake1M_local/wavs_subset_600/train/id00012/Z-G8-wqpxwU/00096/real.wav,AVDeepfake1M_local/direct_wavs_subset_600/train/id00012/Z-G8-wqpxwU/00096/real.wav,16000,189424,-16,-1.0,0.039170660890328515,0.9979728017569052,1920.5443802373484,-11.51051268785195,126.68825087440415,1793.8561293629439,-11.51051268785195,126.68825087440416,1793.856129362944,22,-11.332819007152658,-11.304701283593602,0.3602653838339655,-11.9415156200287,-10.788174570931092,
train/id00012/Z-G8-wqpxwU/00096/real_video_fake_audio.wav,AVDeepfake1M_local/wavs_subset_600/train/id00012/Z-G8-wqpxwU/00096/real_video_fake_audio.wav,AVDeepfake1M_local/direct_wavs_subset_600/train/id00012/Z-G8-wqpxwU/00096/real_video_fake_audio.wav,16000,193520,-16,-1.0,0.03843045780084881,0.9933856965688301,1909.918412678875,-11.773660252272517,119.04183974708147,1790.8765729317934,-11.773660252272517,119.04183974708147,1790.8765729317934,23,-11.668379909809467,-11.584868278233497,0.6717720859090763,-13.669886607397906,-10.629068835053399,
train/id00012/Z-G8-wqpxwU/00097/fake_video_fake_audio.wav,AVDeepfake1M_local/wavs_subset_600/train/id00012/Z-G8-wqpxwU/00097/fake_video_fake_audio.wav,AVDeepfake1M_local/direct_wavs_subset_600/train/id00012/Z-G8-wqpxwU/00097/fake_video_fake_audio.wav,16000,97247,33,2.0625,0.04481860939404192,0.9945808096907873,1199.2715177461505,-10.96092720643673,88.98984501258538,1110.2816727335648,-10.960926858951295,88.98984471208415,1110.2815801490876,11,-11.037180491118752,-11.103405238649621,0.7800230415456743,-11.89741269497035,-9.508556550928823,
train/id00012/Z-G8-wqpxwU/00097/real.wav,AVDeepfake1M_local/wavs_subset_600/train/id00012/Z-G8-wqpxwU/00097/real.wav,AVDeepfake1M_local/direct_wavs_subset_600/train/id00012/Z-G8-wqpxwU/00097/real.wav,16000,101343,33,2.0625,0.045052391927256505,0.9985889503961793,1239.0933896591887,-10.762859650199223,95.90308292498077,1143.1903067342073,-10.762860075612068,95.90307084906752,1143.190274767218,11,-10.76157168330114,-10.804980881702843,0.8136343429125831,-11.81643640267323,-9.109192007741523,
train/id00012/Z-G8-wqpxwU/00097/real_video_fake_audio.wav,AVDeepfake1M_local/wavs_subset_600/train/id00012/Z-G8-wqpxwU/00097/real_video_fake_audio.wav,AVDeepfake1M_local/direct_wavs_subset_600/train/id00012/Z-G8-wqpxwU/00097/real_video_fake_audio.wav,16000,97247,33,2.0625,0.04481860939404192,0.9945808096907873,1199.2715177461505,-10.96092720643673,88.98984501258538,1110.2816727335648,-10.960926858951295,88.98984471208415,1110.2815801490876,11,-11.037180491118752,-11.103405238649621,0.7800230415456743,-11.89741269497035,-9.508556550928823,
train/id00012/Z-G8-wqpxwU/00098/fake_video_fake_audio.wav,AVDeepfake1M_local/wavs_subset_600/train/id00012/Z-G8-wqpxwU/00098/fake_video_fake_audio.wav,AVDeepfake1M_local/direct_wavs_subset_600/train/id00012/Z-G8-wqpxwU/00098/fake_video_fake_audio.wav,16000,217072,-16,-1.0,0.04308241089381766,0.9954300877128326,2279.9731850475073,-10.896664414869923,171.5137010533316,2108.4594839941756,-10.896662777025156,171.51369226908815,2108.458580849069,26,-10.898167445159002,-10.89279031788297,0.6783017966972065,-12.400854491498075,-9.633692881992406,
train/id00012/Z-G8-wqpxwU/00098/real.wav,AVDeepfake1M_local/wavs_subset_600/train/id00012/Z-G8-wqpxwU/00098/real.wav,AVDeepfake1M_local/direct_wavs_subset_600/train/id00012/Z-G8-wqpxwU/00098/real.wav,16000,216048,-16,-1.0,0.04269969869216331,0.9994075390653929,2307.5164795406163,-10.975474723744288,170.69498845858624,2136.8214910820298,-10.97547481140534,170.69498260097555,2136.821460885451,26,-10.999259151662045,-10.978789074027066,0.7038268631551889,-12.57830152978533,-9.799125409636364,
train/id00012/Z-G8-wqpxwU/00098/real_video_fake_audio.wav,AVDeepfake1M_local/wavs_subset_600/train/id00012/Z-G8-wqpxwU/00098/real_video_fake_audio.wav,AVDeepfake1M_local/direct_wavs_subset_600/train/id00012/Z-G8-wqpxwU/00098/real_video_fake_audio.wav,16000,217072,-16,-1.0,0.04308241089381766,0.9954300877128326,2279.9731850475073,-10.896664414869923,171.5137010533316,2108.4594839941756,-10.896662777025156,171.51369226908815,2108.458580849069,26,-10.898167445159002,-10.89279031788297,0.6783017966972065,-12.400854491498075,-9.633692881992406,
train/id00012/Z-G8-wqpxwU/00100/fake_video_fake_audio.wav,AVDeepfake1M_local/wavs_subset_600/train/id00012/Z-G8-wqpxwU/00100/fake_video_fake_audio.wav,AVDeepfake1M_local/direct_wavs_subset_600/train/id00012/Z-G8-wqpxwU/00100/fake_video_fake_audio.wav,16000,97265,-15,-0.9375,0.04477613260514992,0.9845268082043901,1035.2627497659996,-11.129750033922146,74.1005892580872,961.162160507912,-11.129750033911723,74.10058925802558,961.1621605048063,11,-11.024066484520471,-10.794054288515708,0.8758503710446696,-12.609319997751099,-9.891019381580367,
train/id00012/Z-G8-wqpxwU/00100/real_video_fake_audio.wav,AVDeepfake1M_local/wavs_subset_600/train/id00012/Z-G8-wqpxwU/00100/real_video_fake_audio.wav,AVDeepfake1M_local/direct_wavs_subset_600/train/id00012/Z-G8-wqpxwU/00100/real_video_fake_audio.wav,16000,97265,-15,-0.9375,0.04477613260514992,0.9845268082043901,1035.2627497659996,-11.129750033922146,74.1005892580872,961.162160507912,-11.129750033911723,74.10058925802558,961.1621605048063,11,-11.024066484520471,-10.794054288515708,0.8758503710446696,-12.609319997751099,-9.891019381580367,
train/id00012/Z-G8-wqpxwU/00101/fake_video_fake_audio.wav,AVDeepfake1M_local/wavs_subset_600/train/id00012/Z-G8-wqpxwU/00101/fake_video_fake_audio.wav,AVDeepfake1M_local/direct_wavs_subset_600/train/id00012/Z-G8-wqpxwU/00101/fake_video_fake_audio.wav,16000,137201,-15,-0.9375,0.03759522671364736,0.9941618501322876,1507.6092713996768,-12.189635455328354,85.87278787336768,1421.7364835263088,-12.189635455328354,85.87278787336767,1421.7364835263088,16,-12.181715364875657,-12.319495297765876,0.604121041894928,-13.060408611768153,-11.114337924097232,
train/id00012/Z-G8-wqpxwU/00101/real.wav,AVDeepfake1M_local/wavs_subset_600/train/id00012/Z-G8-wqpxwU/00101/real.wav,AVDeepfake1M_local/direct_wavs_subset_600/train/id00012/Z-G8-wqpxwU/00101/real.wav,16000,137201,-15,-0.9375,0.03770994987774559,0.9953280223905073,1547.0224456293508,-12.179986225187847,88.30255739135433,1458.7198882379962,-12.179986225187847,88.30255739135433,1458.7198882379962,16,-12.18328757913202,-12.300220583180305,0.6019542231093712,-13.054612481912532,-11.171541199607358,
train/id00012/Z-G8-wqpxwU/00101/real_video_fake_audio.wav,AVDeepfake1M_local/wavs_subset_600/train/id00012/Z-G8-wqpxwU/00101/real_video_fake_audio.wav,AVDeepfake1M_local/direct_wavs_subset_600/train/id00012/Z-G8-wqpxwU/00101/real_video_fake_audio.wav,16000,137201,-15,-0.9375,0.03759522671364736,0.9941618501322876,1507.6092713996768,-12.189635455328354,85.87278787336768,1421.7364835263088,-12.189635455328354,85.87278787336767,1421.7364835263088,16,-12.181715364875657,-12.319495297765876,0.604121041894928,-13.060408611768153,-11.114337924097232,
train/id00012/Z-G8-wqpxwU/00102/fake_video_fake_audio.wav,AVDeepfake1M_local/wavs_subset_600/train/id00012/Z-G8-wqpxwU/00102/fake_video_fake_audio.wav,AVDeepfake1M_local/direct_wavs_subset_600/train/id00012/Z-G8-wqpxwU/00102/fake_video_fake_audio.wav,16000,142321,-15,-0.9375,0.04995267850959007,0.998868754435396,1837.246066189371,-9.416289646304472,188.58315740900514,1648.6629087803653,-9.416289645683364,188.58315740662547,1648.6629085237769,16,-9.411552745904064,-9.524326813700206,0.6775964113853679,-10.61986848024036,-7.837071883771031,
train/id00012/Z-G8-wqpxwU/00102/real.wav,AVDeepfake1M_local/wavs_subset_600/train/id00012/Z-G8-wqpxwU/00102/real.wav,AVDeepfake1M_local/direct_wavs_subset_600/train/id00012/Z-G8-wqpxwU/00102/real.wav,16000,140273,-15,-0.9375,0.05014748076830123,0.9997647444625837,1856.5007865456864,-9.39941136919088,191.22514252167878,1665.275644024007,-9.399411425081697,191.22513856297115,1665.27563098077,16,-9.367505360693542,-9.425769118813381,0.6640618812593126,-10.498391467441175,-7.888319190084787,
train/id00012/Z-G8-wqpxwU/00102/real_video_fake_audio.wav,AVDeepfake1M_local/wavs_subset_600/train/id00012/Z-G8-wqpxwU/00102/real_video_fake_audio.wav,AVDeepfake1M_local/direct_wavs_subset_600/train/id00012/Z-G8-wqpxwU/00102/real_video_fake_audio.wav,16000,142321,-15,-0.9375,0.04995267850959007,0.998868754435396,1837.246066189371,-9.416289646304472,188.58315740900514,1648.6629087803653,-9.416289645683364,188.58315740662547,1648.6629085237769,16,-9.411552745904064,-9.524326813700206,0.6775964113853679,-10.61986848024036,-7.837071883771031,
train/id00012/Z-G8-wqpxwU/00104/real.wav,AVDeepfake1M_local/wavs_subset_600/train/id00012/Z-G8-wqpxwU/00104/real.wav,AVDeepfake1M_local/direct_wavs_subset_600/train/id00012/Z-G8-wqpxwU/00104/real.wav,16000,93169,-15,-0.9375,0.05275307027366551,0.9986154192918245,1201.3055496662855,-9.171905752759386,129.67453491136712,1071.631014754918,-9.171905676239987,129.6745345894362,1071.6309932131526,10,-9.09312208822173,-9.1427437164329,0.580648952003893,-10.3271970520581,-8.168167498926424,
train/id00012/Z-G8-wqpxwU/00104/real_video_fake_audio.wav,AVDeepfake1M_local/wavs_subset_600/train/id00012/Z-G8-wqpxwU/00104/real_video_fake_audio.wav,AVDeepfake1M_local/direct_wavs_subset_600/train/id00012/Z-G8-wqpxwU/00104/real_video_fake_audio.wav,16000,91120,-16,-1.0,0.055934510777558455,0.9947322212467077,1152.7431463459507,-8.700308063978323,137.00904159651623,1015.7341047494338,-8.700307445642029,137.00904025272678,1015.7339501697185,10,-8.609648658274017,-8.5219554041364,0.6722976016547757,-10.486257642624917,-8.064424387712407,
train/id00012/Z-G8-wqpxwU/00105/fake_video_fake_audio.wav,AVDeepfake1M_local/wavs_subset_600/train/id00012/Z-G8-wqpxwU/00105/fake_video_fake_audio.wav,AVDeepfake1M_local/direct_wavs_subset_600/train/id00012/Z-G8-wqpxwU/00105/fake_video_fake_audio.wav,16000,262130,-14,-0.875,0.04837681666709639,0.9952313737458512,3064.588915547356,-9.788447830595388,291.1846008514347,2773.404314695921,-9.788447830784055,291.18460083454505,2773.4043146555364,31,-9.834411515768135,-9.792780053562488,0.7396768464733915,-11.217460251853272,-8.705358159987938,
train/id00012/Z-G8-wqpxwU/00105/real.wav,AVDeepfake1M_local/wavs_subset_600/train/id00012/Z-G8-wqpxwU/00105/real.wav,AVDeepfake1M_local/direct_wavs_subset_600/train/id00012/Z-G8-wqpxwU/00105/real.wav,16000,263154,-14,-0.875,0.04837685821603372,0.9980467710922122,3120.9054563520476,-9.786118328469474,296.679542578807,2824.22591377324,-9.786118328469474,296.679542578807,2824.22591377324,31,-9.806536082607993,-9.948655217761665,0.7165658560317449,-11.023562814068821,-8.71098290750476,
train/id00012/Z-G8-wqpxwU/00105/real_video_fake_audio.wav,AVDeepfake1M_local/wavs_subset_600/train/id00012/Z-G8-wqpxwU/00105/real_video_fake_audio.wav,AVDeepfake1M_local/direct_wavs_subset_600/train/id00012/Z-G8-wqpxwU/00105/real_video_fake_audio.wav,16000,262130,-14,-0.875,0.04837681666709639,0.9952313737458512,3064.588915547356,-9.788447830595388,291.1846008514347,2773.404314695921,-9.788447830784055,291.18460083454505,2773.4043146555364,31,-9.834411515768135,-9.792780053562488,0.7396768464733915,-11.217460251853272,-8.705358159987938,
train/id00012/Z-G8-wqpxwU/00106/fake_video_fake_audio.wav,AVDeepfake1M_local/wavs_subset_600/train/id00012/Z-G8-wqpxwU/00106/fake_video_fake_audio.wav,AVDeepfake1M_local/direct_wavs_subset_600/train/id00012/Z-G8-wqpxwU/00106/fake_video_fake_audio.wav,16000,91098,38,2.375,0.040394861821140646,0.9914597466464686,959.4926229072735,-11.00796354100761,70.48686869319843,889.0057542140746,-11.007963222794304,70.48686854366944,889.005687189537,10,-10.939336369286618,-10.807682592848803,0.43895893560865656,-11.655245691646714,-10.39474085476187,
train/id00012/Z-G8-wqpxwU/00106/real.wav,AVDeepfake1M_local/wavs_subset_600/train/id00012/Z-G8-wqpxwU/00106/real.wav,AVDeepfake1M_local/direct_wavs_subset_600/train/id00012/Z-G8-wqpxwU/00106/real.wav,16000,85978,38,2.375,0.03907781033058437,0.9983949382400149,929.471468645148,-11.170701963895516,65.9483272373338,863.5231414078139,-11.170701832769394,65.94832675900112,863.5231090722847,9,-11.146758198049683,-10.956029179282352,0.42199020321744274,-11.998578907885264,-10.692765367265029,
train/id00012/Z-G8-wqpxwU/00106/real_video_fake_audio.wav,AVDeepfake1M_local/wavs_subset_600/train/id00012/Z-G8-wqpxwU/00106/real_video_fake_audio.wav,AVDeepfake1M_local/direct_wavs_subset_600/train/id00012/Z-G8-wqpxwU/00106/real_video_fake_audio.wav,16000,91098,38,2.375,0.040394861821140646,0.9914597466464686,959.4926229072735,-11.00796354100761,70.48686869319843,889.0057542140746,-11.007963222794304,70.48686854366944,889.005687189537,10,-10.939336369286618,-10.807682592848803,0.43895893560865656,-11.655245691646714,-10.39474085476187,
train/id00012/Z-G8-wqpxwU/00107/fake_video_fake_audio.wav,AVDeepfake1M_local/wavs_subset_600/train/id00012/Z-G8-wqpxwU/00107/fake_video_fake_audio.wav,AVDeepfake1M_local/direct_wavs_subset_600/train/id00012/Z-G8-wqpxwU/00107/fake_video_fake_audio.wav,16000,142321,-15,-0.9375,0.05137456910535703,0.9943718776568461,1730.29060849268,-9.134494308563017,188.2157743894462,1542.0748341032331,-9.134494308563017,188.2157743894462,1542.0748341032331,16,-9.048891243040073,-9.029642136379497,0.49127371359308264,-10.19233188756141,-8.144320941492099,
train/id00012/Z-G8-wqpxwU/00107/real.wav,AVDeepfake1M_local/wavs_subset_600/train/id00012/Z-G8-wqpxwU/00107/real.wav,AVDeepfake1M_local/direct_wavs_subset_600/train/id00012/Z-G8-wqpxwU/00107/real.wav,16000,142321,-15,-0.9375,0.05251955373909907,0.9954960968514837,1769.3732101107016,-8.97898522472186,198.69571390507122,1570.67749620563,-8.97898522472186,198.69571390507122,1570.6774962056297,16,-8.886601017901189,-8.865001963225943,0.49648468794679335,-10.059857043771949,-7.9737771236922494,
train/id00012/Z-G8-wqpxwU/00107/real_video_fake_audio.wav,AVDeepfake1M_local/wavs_subset_600/train/id00012/Z-G8-wqpxwU/00107/real_video_fake_audio.wav,AVDeepfake1M_local/direct_wavs_subset_600/train/id00012/Z-G8-wqpxwU/00107/real_video_fake_audio.wav,16000,142321,-15,-0.9375,0.05137456910535703,0.9943718776568461,1730.29060849268,-9.134494308563017,188.2157743894462,1542.0748341032331,-9.134494308563017,188.2157743894462,1542.0748341032331,16,-9.048891243040073,-9.029642136379497,0.49127371359308264,-10.19233188756141,-8.144320941492099,
train/id00012/Z-G8-wqpxwU/00108/fake_video_fake_audio.wav,AVDeepfake1M_local/wavs_subset_600/train/id00012/Z-G8-wqpxwU/00108/fake_video_fake_audio.wav,AVDeepfake1M_local/direct_wavs_subset_600/train/id00012/Z-G8-wqpxwU/00108/fake_video_fake_audio.wav,16000,87024,-16,-1.0,0.03763260750305644,0.9827174112888398,1138.7489659525454,-12.55882177367057,59.854497498618386,1078.894468453927,-12.558821773658513,59.85449749852078,1078.8944684491726,9,-12.511125175834014,-12.368954560454384,0.5134180991365164,-13.75487411928719,-11.924698875684651,
train/id00012/Z-G8-wqpxwU/00108/real.wav,AVDeepfake1M_local/wavs_subset_600/train/id00012/Z-G8-wqpxwU/00108/real.wav,AVDeepfake1M_local/direct_wavs_subset_600/train/id00012/Z-G8-wqpxwU/00108/real.wav,16000,83952,-16,-1.0,0.03484260274149332,0.9939012769201448,1118.798778428696,-13.261593723092474,50.41590252970287,1068.382875898993,-13.261593723092474,50.41590252970286,1068.382875898993,9,-13.210285198675304,-13.047645781920924,0.4923689794230431,-14.394336408065008,-12.65473209882083,
train/id00012/Z-G8-wqpxwU/00108/real_video_fake_audio.wav,AVDeepfake1M_local/wavs_subset_600/train/id00012/Z-G8-wqpxwU/00108/real_video_fake_audio.wav,AVDeepfake1M_local/direct_wavs_subset_600/train/id00012/Z-G8-wqpxwU/00108/real_video_fake_audio.wav,16000,87024,-16,-1.0,0.03763260750305644,0.9827174112888398,1138.7489659525454,-12.55882177367057,59.854497498618386,1078.894468453927,-12.558821773658513,59.85449749852078,1078.8944684491726,9,-12.511125175834014,-12.368954560454384,0.5134180991365164,-13.75487411928719,-11.924698875684651,
train/id00012/Z-G8-wqpxwU/00109/fake_video_fake_audio.wav,AVDeepfake1M_local/wavs_subset_600/train/id00012/Z-G8-wqpxwU/00109/fake_video_fake_audio.wav,AVDeepfake1M_local/direct_wavs_subset_600/train/id00012/Z-G8-wqpxwU/00109/fake_video_fake_audio.wav,16000,160752,-16,-1.0,0.04178184116375065,0.991838359709366,1714.4980266978964,-11.015807706086548,125.74094736860607,1588.75707932929,-11.015807706086548,125.74094736860607,1588.75707932929,19,-11.010805057859828,-10.787901069362562,0.7393894019312349,-13.036923474001414,-9.672189878870249,
train/id00012/Z-G8-wqpxwU/00109/real.wav,AVDeepfake1M_local/wavs_subset_600/train/id00012/Z-G8-wqpxwU/00109/real.wav,AVDeepfake1M_local/direct_wavs_subset_600/train/id00012/Z-G8-wqpxwU/00109/real.wav,16000,162800,-16,-1.0,0.0436037052351616,0.9960687960687961,1858.9960041679442,-10.62983885834347,148.00106455957794,1710.994939608366,-10.62983885834347,148.0010645595779,1710.9949396083657,19,-10.638821575711722,-10.733932536635534,0.7611123525162665,-12.511807538900424,-9.345121717380419,
train/id00012/Z-G8-wqpxwU/00109/real_video_fake_audio.wav,AVDeepfake1M_local/wavs_subset_600/train/id00012/Z-G8-wqpxwU/00109/real_video_fake_audio.wav,AVDeepfake1M_local/direct_wavs_subset_600/train/id00012/Z-G8-wqpxwU/00109/real_video_fake_audio.wav,16000,160752,-16,-1.0,0.04178184116375065,0.991838359709366,1714.4980266978964,-11.015807706086548,125.74094736860607,1588.75707932929,-11.015807706086548,125.74094736860607,1588.75707932929,19,-11.010805057859828,-10.787901069362562,0.7393894019312349,-13.036923474001414,-9.672189878870249,
train/id00012/_raOc3-IRsw/00110/fake_video_fake_audio.wav,AVDeepfake1M_local/wavs_subset_600/train/id00012/_raOc3-IRsw/00110/fake_video_fake_audio.wav,AVDeepfake1M_local/direct_wavs_subset_600/train/id00012/_raOc3-IRsw/00110/fake_video_fake_audio.wav,16000,90105,-7,-0.4375,0.03662744976411549,0.9881804561345098,419.9220144562423,-10.923745878835774,31.40745261830417,388.5145618379379,-10.923739563086707,31.407451868728433,388.5139875667755,10,-11.067108572150325,-11.222674673126352,0.684432857515577,-12.019653905607282,-9.900368508684883,
train/id00012/_raOc3-IRsw/00110/real.wav,AVDeepfake1M_local/wavs_subset_600/train/id00012/_raOc3-IRsw/00110/real.wav,AVDeepfake1M_local/direct_wavs_subset_600/train/id00012/_raOc3-IRsw/00110/real.wav,16000,86010,6,0.375,0.0363520955622457,0.9998837344494826,401.2667715167627,-10.930634901619454,29.96814443779666,371.29862707896575,-10.930634896211767,29.96814442669926,371.29862647914314,9,-11.123860203694603,-10.976854682930476,0.5066093100813712,-11.94807348628409,-10.547291471493736,
train/id00012/_raOc3-IRsw/00110/real_video_fake_audio.wav,AVDeepfake1M_local/wavs_subset_600/train/id00012/_raOc3-IRsw/00110/real_video_fake_audio.wav,AVDeepfake1M_local/direct_wavs_subset_600/train/id00012/_raOc3-IRsw/00110/real_video_fake_audio.wav,16000,90105,-7,-0.4375,0.03662744976411549,0.9881804561345098,419.9220144562423,-10.923745878835774,31.40745261830417,388.5145618379379,-10.923739563086707,31.407451868728433,388.5139875667755,10,-11.067108572150325,-11.222674673126352,0.684432857515577,-12.019653905607282,-9.900368508684883,
train/id00012/aE4Om0EEiuk/00115/fake_video_fake_audio.wav,AVDeepfake1M_local/wavs_subset_600/train/id00012/aE4Om0EEiuk/00115/fake_video_fake_audio.wav,AVDeepfake1M_local/direct_wavs_subset_600/train/id00012/aE4Om0EEiuk/00115/fake_video_fake_audio.wav,16000,94193,15,0.9375,0.03427135620440853,0.9894578153365962,254.81166480202228,-8.470556683667523,31.72604321601397,223.08562158600807,-8.470556588231945,31.7260432103051,223.0856166435915,10,-8.46225846794315,-8.455323665274094,0.20095612943594895,-8.818141951731258,-8.104768702757365,
train/id00012/aE4Om0EEiuk/00115/real.wav,AVDeepfake1M_local/wavs_subset_600/train/id00012/aE4Om0EEiuk/00115/real.wav,AVDeepfake1M_local/direct_wavs_subset_600/train/id00012/aE4Om0EEiuk/00115/real.wav,16000,93168,16,1.0,0.034575037257231496,0.9986261377296926,257.0316204689443,-8.36744142060671,32.67363083166755,224.35798963727655,-8.367441399378192,32.673630825469616,224.35798849804524,10,-8.300185876851998,-8.291334232937295,0.22247655139870534,-8.728452259357194,-7.959941212685585,
train/id00012/aE4Om0EEiuk/00116/fake_video_fake_audio.wav,AVDeepfake1M_local/wavs_subset_600/train/id00012/aE4Om0EEiuk/00116/fake_video_fake_audio.wav,AVDeepfake1M_local/direct_wavs_subset_600/train/id00012/aE4Om0EEiuk/00116/fake_video_fake_audio.wav,16000,120816,16,1.0,0.03876750461219732,0.991259435836313,313.9513080045581,-7.217216741117923,50.0805985319812,263.87070947257655,-7.217216741117923,50.0805985319812,263.87070947257655,14,-7.1598224044496614,-7.01038472161223,0.6988978694256682,-8.546905137410702,-6.238144661550966,
train/id00012/aE4Om0EEiuk/00116/real.wav,AVDeepfake1M_local/wavs_subset_600/train/id00012/aE4Om0EEiuk/00116/real.wav,AVDeepfake1M_local/direct_wavs_subset_600/train/id00012/aE4Om0EEiuk/00116/real.wav,16000,118768,16,1.0,0.038094847734261965,0.9989222686245454,317.44422866310924,-7.286450879458478,49.96297228058362,267.4812563825253,-7.286450879458478,49.96297228058362,267.4812563825253,13,-7.177890556239418,-6.954600877623736,0.6864476559456267,-8.699604536778887,-6.4433207452981005,
train/id00012/aE4Om0EEiuk/00116/real_video_fake_audio.wav,AVDeepfake1M_local/wavs_subset_600/train/id00012/aE4Om0EEiuk/00116/real_video_fake_audio.wav,AVDeepfake1M_local/direct_wavs_subset_600/train/id00012/aE4Om0EEiuk/00116/real_video_fake_audio.wav,16000,120816,16,1.0,0.03876750461219732,0.991259435836313,313.9513080045581,-7.217216741117923,50.0805985319812,263.87070947257655,-7.217216741117923,50.0805985319812,263.87070947257655,14,-7.1598224044496614,-7.01038472161223,0.6988978694256682,-8.546905137410702,-6.238144661550966,
train/id00012/aE4Om0EEiuk/00117/fake_video_fake_audio.wav,AVDeepfake1M_local/wavs_subset_600/train/id00012/aE4Om0EEiuk/00117/fake_video_fake_audio.wav,AVDeepfake1M_local/direct_wavs_subset_600/train/id00012/aE4Om0EEiuk/00117/fake_video_fake_audio.wav,16000,111594,22,1.375,0.040095333860373346,0.9928849221284298,369.75486895255744,-7.184230793112647,59.35972025210198,310.39514870045514,-7.184230793112647,59.35972025210198,310.39514870045514,12,-7.146733309960649,-6.842384985101075,1.1078307485672874,-9.464418292783627,-5.341574593427827,
train/id00012/aE4Om0EEiuk/00117/real.wav,AVDeepfake1M_local/wavs_subset_600/train/id00012/aE4Om0EEiuk/00117/real.wav,AVDeepfake1M_local/direct_wavs_subset_600/train/id00012/aE4Om0EEiuk/00117/real.wav,16000,109547,21,1.3125,0.04047284867975575,0.9953718495257743,364.38289721589535,-7.141534686660934,58.9816978036298,305.4011994122652,-7.141534686660936,58.981697803629785,305.4011994122652,12,-7.0955711662882415,-6.729946170695532,1.131921758917629,-9.438027793526745,-5.297675292714259,
train/id00012/aE4Om0EEiuk/00117/real_video_fake_audio.wav,AVDeepfake1M_local/wavs_subset_600/train/id00012/aE4Om0EEiuk/00117/real_video_fake_audio.wav,AVDeepfake1M_local/direct_wavs_subset_600/train/id00012/aE4Om0EEiuk/00117/real_video_fake_audio.wav,16000,111594,22,1.375,0.040095333860373346,0.9928849221284298,369.75486895255744,-7.184230793112647,59.35972025210198,310.39514870045514,-7.184230793112647,59.35972025210198,310.39514870045514,12,-7.146733309960649,-6.842384985101075,1.1078307485672874,-9.464418292783627,-5.341574593427827,
train/id00012/aE4Om0EEiuk/00118/fake_video_fake_audio.wav,AVDeepfake1M_local/wavs_subset_600/train/id00012/aE4Om0EEiuk/00118/fake_video_fake_audio.wav,AVDeepfake1M_local/direct_wavs_subset_600/train/id00012/aE4Om0EEiuk/00118/fake_video_fake_audio.wav,16000,115693,19,1.1875,0.04074367632604063,0.9936642666367023,327.61128607485443,-6.121957559325172,64.3074668663898,263.3038192084643,-6.121957559333141,64.30746686623365,263.30381920830814,13,-6.132160695545987,-6.227788110631093,0.7315448991319871,-7.187321005101727,-4.527234882268498,
train/id00012/aE4Om0EEiuk/00118/real.wav,AVDeepfake1M_local/wavs_subset_600/train/id00012/aE4Om0EEiuk/00118/real.wav,AVDeepfake1M_local/direct_wavs_subset_600/train/id00012/aE4Om0EEiuk/00118/real.wav,16000,114669,19,1.1875,0.04000731412173792,0.999747098169514,343.73927135393023,-6.318490741461784,65.05289938336688,278.6863719705631,-6.318491642857507,65.05288331161775,278.6863609617242,13,-6.302520730679812,-6.342032826084609,0.7484624961522298,-7.3388563499741855,-4.6972725180105925,
train/id00012/aE4Om0EEiuk/00118/real_video_fake_audio.wav,AVDeepfake1M_local/wavs_subset_600/train/id00012/aE4Om0EEiuk/00118/real_video_fake_audio.wav,AVDeepfake1M_local/direct_wavs_subset_600/train/id00012/aE4Om0EEiuk/00118/real_video_fake_audio.wav,16000,115693,19,1.1875,0.04074367632604063,0.9936642666367023,327.61128607485443,-6.121957559325172,64.3074668663898,263.3038192084643,-6.121957559333141,64.30746686623365,263.30381920830814,13,-6.132160695545987,-6.227788110631093,0.7315448991319871,-7.187321005101727,-4.527234882268498,
train/id00012/aE4Om0EEiuk/00119/fake_video_fake_audio.wav,AVDeepfake1M_local/wavs_subset_600/train/id00012/aE4Om0EEiuk/00119/fake_video_fake_audio.wav,AVDeepfake1M_local/direct_wavs_subset_600/train/id00012/aE4Om0EEiuk/00119/fake_video_fake_audio.wav,16000,99311,17,1.0625,0.03746076237933717,0.9980767487992267,277.42148851417005,-7.037256986263239,45.81652652070299,231.6049619934668,-7.0372935779733945,45.816011655628316,231.60431070940376,11,-7.048592859235236,-7.04263823275987,0.7310100098131485,-8.559999619205122,-5.491116487990433,
train/id00012/aE4Om0EEiuk/00119/real.wav,AVDeepfake1M_local/wavs_subset_600/train/id00012/aE4Om0EEiuk/00119/real.wav,AVDeepfake1M_local/direct_wavs_subset_600/train/id00012/aE4Om0EEiuk/00119/real.wav,16000,99312,16,1.0,0.03737529841458666,0.9996777831480587,280.9288068572059,-6.95875348277343,47.10015871222929,233.82864814497634,-6.958755678834789,47.10012829051374,233.82861535459958,11,-6.9684123093689445,-6.839796489826374,0.7012788807141578,-7.846624076960991,-5.3772346411257965,
train/id00012/aE4Om0EEiuk/00119/real_video_fake_audio.wav,AVDeepfake1M_local/wavs_subset_600/train/id00012/aE4Om0EEiuk/00119/real_video_fake_audio.wav,AVDeepfake1M_local/direct_wavs_subset_600/train/id00012/aE4Om0EEiuk/00119/real_video_fake_audio.wav,16000,99311,17,1.0625,0.03746076237933717,0.9980767487992267,277.42148851417005,-7.037256986263239,45.81652652070299,231.6049619934668,-7.0372935779733945,45.816011655628316,231.60431070940376,11,-7.048592859235236,-7.04263823275987,0.7310100098131485,-8.559999619205122,-5.491116487990433,
train/id00012/aE4Om0EEiuk/00120/fake_video_fake_audio.wav,AVDeepfake1M_local/wavs_subset_600/train/id00012/aE4Om0EEiuk/00120/fake_video_fake_audio.wav,AVDeepfake1M_local/direct_wavs_subset_600/train/id00012/aE4Om0EEiuk/00120/fake_video_fake_audio.wav,16000,263149,19,1.1875,0.03963002248506834,0.9938095907641679,723.0556624969468,-6.670044447329496,128.0832610014441,594.9724014955023,-6.670044447332999,128.08326100131245,594.9724014953706,31,-6.712651893185032,-6.417274208531443,0.9909111133430655,-9.486160619475193,-5.334905800082927,
train/id00012/aE4Om0EEiuk/00120/real.wav,AVDeepfake1M_local/wavs_subset_600/train/id00012/aE4Om0EEiuk/00120/real.wav,AVDeepfake1M_local/direct_wavs_subset_600/train/id00012/aE4Om0EEiuk/00120/real.wav,16000,263148,20,1.25,0.039643927151556804,0.9980695274142308,730.460823959671,-6.617318396905639,130.69275202905226,599.7680719306185,-6.617318396905639,130.69275202905226,599.7680719306184,31,-6.647591542810373,-6.5964450912873485,0.8679923496835787,-9.21201549564498,-5.194608331926894,
train/id00012/aE4Om0EEiuk/00120/real_video_fake_audio.wav,AVDeepfake1M_local/wavs_subset_600/train/id00012/aE4Om0EEiuk/00120/real_video_fake_audio.wav,AVDeepfake1M_local/direct_wavs_subset_600/train/id00012/aE4Om0EEiuk/00120/real_video_fake_audio.wav,16000,263149,19,1.1875,0.03963002248506834,0.9938095907641679,723.0556624969468,-6.670044447329496,128.0832610014441,594.9724014955023,-6.670044447332999,128.08326100131245,594.9724014953706,31,-6.712651893185032,-6.417274208531443,0.9909111133430655,-9.486160619475193,-5.334905800082927,
train/id00012/aE4Om0EEiuk/00121/fake_video_fake_audio.wav,AVDeepfake1M_local/wavs_subset_600/train/id00012/aE4Om0EEiuk/00121/fake_video_fake_audio.wav,AVDeepfake1M_local/direct_wavs_subset_600/train/id00012/aE4Om0EEiuk/00121/fake_video_fake_audio.wav,16000,277485,19,1.1875,0.04084423182210858,0.9995495251995603,804.613508134149,-6.332026755463192,151.88926138085674,652.7242467532919,-6.332026682179973,151.88925175504272,652.724194373491,33,-6.261464429940998,-6.274875134269154,0.75812478910193,-7.887020206593629,-4.702333269817559,
train/id00012/aE4Om0EEiuk/00121/real.wav,AVDeepfake1M_local/wavs_subset_600/train/id00012/aE4Om0EEiuk/00121/real.wav,AVDeepfake1M_local/direct_wavs_subset_600/train/id00012/aE4Om0EEiuk/00121/real.wav,16000,275436,20,1.25,0.04022971776910649,0.9994336252341742,810.1685589374974,-6.480590622976027,148.73891046576102,661.4296484717361,-6.4805906351828195,148.7389055915849,661.4296286557695,33,-6.393636579872596,-6.462025733169826,0.7224953523359912,-7.753708436550879,-4.811068732338111,
train/id00012/aE4Om0EEiuk/00121/real_video_fake_audio.wav,AVDeepfake1M_local/wavs_subset_600/train/id00012/aE4Om0EEiuk/00121/real_video_fake_audio.wav,AVDeepfake1M_local/direct_wavs_subset_600/train/id00012/aE4Om0EEiuk/00121/real_video_fake_audio.wav,16000,277485,19,1.1875,0.04084423182210858,0.9995495251995603,804.613508134149,-6.332026755463192,151.88926138085674,652.7242467532919,-6.332026682179973,151.88925175504272,652.724194373491,33,-6.261464429940998,-6.274875134269154,0.75812478910193,-7.887020206593629,-4.702333269817559,
train/id00012/aE4Om0EEiuk/00122/fake_video_fake_audio.wav,AVDeepfake1M_local/wavs_subset_600/train/id00012/aE4Om0EEiuk/00122/fake_video_fake_audio.wav,AVDeepfake1M_local/direct_wavs_subset_600/train/id00012/aE4Om0EEiuk/00122/fake_video_fake_audio.wav,16000,190431,33,2.0625,0.04161268019901347,0.9968965136978748,678.7905195262283,-7.084729563666947,111.0838749704205,567.7066445558075,-7.08473128675685,111.08381295674329,567.7065528689313,22,-7.146072057705471,-6.845837355754145,1.1908892588225795,-9.643428145479168,-5.299919781615161,
train/id00012/aE4Om0EEiuk/00122/real.wav,AVDeepfake1M_local/wavs_subset_600/train/id00012/aE4Om0EEiuk/00122/real.wav,AVDeepfake1M_local/direct_wavs_subset_600/train/id00012/aE4Om0EEiuk/00122/real.wav,16000,190431,33,2.0625,0.0427306868109146,0.9994171117097531,688.7485499633476,-6.60886315737732,123.42677887179856,565.3217710915487,-6.6088637249436175,123.42675648561864,565.3217424381056,22,-6.648516904148249,-6.290141041796256,1.1243666596710242,-9.488884831280568,-5.1413479983988255,
train/id00012/aE4Om0EEiuk/00122/real_video_fake_audio.wav,AVDeepfake1M_local/wavs_subset_600/train/id00012/aE4Om0EEiuk/00122/real_video_fake_audio.wav,AVDeepfake1M_local/direct_wavs_subset_600/train/id00012/aE4Om0EEiuk/00122/real_video_fake_audio.wav,16000,190431,33,2.0625,0.04161268019901347,0.9968965136978748,678.7905195262283,-7.084729563666947,111.0838749704205,567.7066445558075,-7.08473128675685,111.08381295674329,567.7065528689313,22,-7.146072057705471,-6.845837355754145,1.1908892588225795,-9.643428145479168,-5.299919781615161,
train/id00012/aE4Om0EEiuk/00123/fake_video_fake_audio.wav,AVDeepfake1M_local/wavs_subset_600/train/id00012/aE4Om0EEiuk/00123/fake_video_fake_audio.wav,AVDeepfake1M_local/direct_wavs_subset_600/train/id00012/aE4Om0EEiuk/00123/fake_video_fake_audio.wav,16000,160750,18,1.125,0.03897933124513799,0.9958320373250389,445.6741337040439,-7.3489916726149715,69.29829763722361,376.37583606682,-7.348991672614971,69.29829763722361,376.37583606681994,19,-7.3736406494652575,-7.469786994572023,1.117491436064915,-9.615720127407013,-5.150473804837752,
train/id00012/aE4Om0EEiuk/00123/real.wav,AVDeepfake1M_local/wavs_subset_600/train/id00012/aE4Om0EEiuk/00123/real.wav,AVDeepfake1M_local/direct_wavs_subset_600/train/id00012/aE4Om0EEiuk/00123/real.wav,16000,160750,18,1.125,0.039064721256876156,0.9968273716951789,460.1687133964151,-7.292118227918836,72.34696783995358,387.8217455564612,-7.292118227918834,72.34696783995359,387.8217455564612,19,-7.304770961698521,-7.350241904810318,1.092434099383826,-9.556831806325086,-5.1267477367778795,
train/id00012/aE4Om0EEiuk/00123/real_video_fake_audio.wav,AVDeepfake1M_local/wavs_subset_600/train/id00012/aE4Om0EEiuk/00123/real_video_fake_audio.wav,AVDeepfake1M_local/direct_wavs_subset_600/train/id00012/aE4Om0EEiuk/00123/real_video_fake_audio.wav,16000,160750,18,1.125,0.03897933124513799,0.9958320373250389,445.6741337040439,-7.3489916726149715,69.29829763722361,376.37583606682,-7.348991672614971,69.29829763722361,376.37583606681994,19,-7.3736406494652575,-7.469786994572023,1.117491436064915,-9.615720127407013,-5.150473804837752,
train/id00012/clK27q0FqLs/00124/fake_video_fake_audio.wav,AVDeepfake1M_local/wavs_subset_600/train/id00012/clK27q0FqLs/00124/fake_video_fake_audio.wav,AVDeepfake1M_local/direct_wavs_subset_600/train/id00012/clK27q0FqLs/00124/fake_video_fake_audio.wav,16000,146417,15,0.9375,0.03678673172057625,0.9982447393403772,178.68220755737275,-8.223871915059842,23.377470196201074,155.30473736117142,-8.223871908944421,23.377470174417617,155.30473699776738,17,-8.112798819720599,-7.650228084961375,1.5385175937119702,-11.327008921780696,-5.9862829353993705,
train/id00012/clK27q0FqLs/00124/real.wav,AVDeepfake1M_local/wavs_subset_600/train/id00012/clK27q0FqLs/00124/real.wav,AVDeepfake1M_local/direct_wavs_subset_600/train/id00012/clK27q0FqLs/00124/real.wav,16000,155633,15,0.9375,0.03599491510116489,0.9967037839018718,187.9793041460216,-8.196493108991048,24.728907706834008,163.25039643918734,-8.196493108991048,24.728907706834008,163.25039643918734,18,-8.04397837279699,-7.831796251536019,1.069942994776138,-10.154819198776773,-6.2007706779247105,
train/id00012/clK27q0FqLs/00124/real_video_fake_audio.wav,AVDeepfake1M_local/wavs_subset_600/train/id00012/clK27q0FqLs/00124/real_video_fake_audio.wav,AVDeepfake1M_local/direct_wavs_subset_600/train/id00012/clK27q0FqLs/00124/real_video_fake_audio.wav,16000,146417,15,0.9375,0.03678673172057625,0.9982447393403772,178.68220755737275,-8.223871915059842,23.377470196201074,155.30473736117142,-8.223871908944421,23.377470174417617,155.30473699776738,17,-8.112798819720599,-7.650228084961375,1.5385175937119702,-11.327008921780696,-5.9862829353993705,
train/id00012/dGBIDj-zRuU/00126/fake_video_fake_audio.wav,AVDeepfake1M_local/wavs_subset_600/train/id00012/dGBIDj-zRuU/00126/fake_video_fake_audio.wav,AVDeepfake1M_local/direct_wavs_subset_600/train/id00012/dGBIDj-zRuU/00126/fake_video_fake_audio.wav,16000,86000,16,1.0,0.04613845995381673,0.9944186046511628,88.85280448757112,-3.2276975922376776,28.637590507860565,60.21521397971013,-3.2276975635364353,28.637590501625414,60.2152135686551,9,-3.0730434309137786,-3.3644104878937213,1.400061582104921,-4.727276131794179,-0.6357589426291342,
train/id00012/dGBIDj-zRuU/00126/real.wav,AVDeepfake1M_local/wavs_subset_600/train/id00012/dGBIDj-zRuU/00126/real.wav,AVDeepfake1M_local/direct_wavs_subset_600/train/id00012/dGBIDj-zRuU/00126/real.wav,16000,89072,16,1.0,0.04650892698030771,0.9996407400754446,90.889359023422,-2.896673159502347,30.827178587661393,60.062180435760176,-2.8966731481050867,30.827178582034826,60.062180267175485,10,-2.5868391519187357,-2.913252543514729,1.3655762374177813,-4.705251973817806,-0.6273557581134381,
train/id00012/dGBIDj-zRuU/00126/real_video_fake_audio.wav,AVDeepfake1M_local/wavs_subset_600/train/id00012/dGBIDj-zRuU/00126/real_video_fake_audio.wav,AVDeepfake1M_local/direct_wavs_subset_600/train/id00012/dGBIDj-zRuU/00126/real_video_fake_audio.wav,16000,86000,16,1.0,0.04613845995381673,0.9944186046511628,88.85280448757112,-3.2276975922376776,28.637590507860565,60.21521397971013,-3.2276975635364353,28.637590501625414,60.2152135686551,9,-3.0730434309137786,-3.3644104878937213,1.400061582104921,-4.727276131794179,-0.6357589426291342,
train/id00012/dGBIDj-zRuU/00128/fake_video_fake_audio.wav,AVDeepfake1M_local/wavs_subset_600/train/id00012/dGBIDj-zRuU/00128/fake_video_fake_audio.wav,AVDeepfake1M_local/direct_wavs_subset_600/train/id00012/dGBIDj-zRuU/00128/fake_video_fake_audio.wav,16000,159729,15,0.9375,0.057188496078071006,0.9981906854735207,296.4747476084158,-2.924962525116696,100.12371220768185,196.35103540073328,-2.9249540068080018,100.12346632694397,196.35016808372797,18,-1.6404903249449583,-1.4760928181287463,1.7129631260568972,-5.492688893683165,1.0887195216528482,
train/id00012/dGBIDj-zRuU/00128/real.wav,AVDeepfake1M_local/wavs_subset_600/train/id00012/dGBIDj-zRuU/00128/real.wav,AVDeepfake1M_local/direct_wavs_subset_600/train/id00012/dGBIDj-zRuU/00128/real.wav,16000,159728,16,1.0,0.062020421907662784,0.9991986376840629,365.50940217263997,-2.5753890687550895,130.10146652558512,235.40793564705407,-2.5753886021884815,130.1014475455035,235.40787601406385,18,-1.0330081031085636,-1.106457977324576,1.733434933143038,-5.072303721058587,1.4323541322679683,
train/id00012/dGBIDj-zRuU/00128/real_video_fake_audio.wav,AVDeepfake1M_local/wavs_subset_600/train/id00012/dGBIDj-zRuU/00128/real_video_fake_audio.wav,AVDeepfake1M_local/direct_wavs_subset_600/train/id00012/dGBIDj-zRuU/00128/real_video_fake_audio.wav,16000,159729,15,0.9375,0.057188496078071006,0.9981906854735207,296.4747476084158,-2.924962525116696,100.12371220768185,196.35103540073328,-2.9249540068080018,100.12346632694397,196.35016808372797,18,-1.6404903249449583,-1.4760928181287463,1.7129631260568972,-5.492688893683165,1.0887195216528482,
train/id00012/dGBIDj-zRuU/00129/fake_video_fake_audio.wav,AVDeepfake1M_local/wavs_subset_600/train/id00012/dGBIDj-zRuU/00129/fake_video_fake_audio.wav,AVDeepfake1M_local/direct_wavs_subset_600/train/id00012/dGBIDj-zRuU/00129/fake_video_fake_audio.wav,16000,132080,16,1.0,0.049429781731776194,0.9915202907328892,210.4375667795539,-4.497715254399955,55.13310083509955,155.30446594445385,-4.497715253801495,55.13310083291962,155.3044659169122,15,-3.502586510013609,-2.4825971155611803,2.0017478619878477,-7.9110411276875165,-1.3986360995745006,
train/id00012/dGBIDj-zRuU/00129/real.wav,AVDeepfake1M_local/wavs_subset_600/train/id00012/dGBIDj-zRuU/00129/real.wav,AVDeepfake1M_local/direct_wavs_subset_600/train/id00012/dGBIDj-zRuU/00129/real.wav,16000,134128,16,1.0,0.049773989511810106,0.9990456877013002,222.28895013779402,-4.274447163685354,60.474530318211464,161.81441981958204,-4.274447163685354,60.474530318211464,161.81441981958204,15,-3.3231133587287918,-2.5839515820983765,2.067505616495147,-8.054184104808852,-1.3370895515335985,
train/id00012/dGBIDj-zRuU/00129/real_video_fake_audio.wav,AVDeepfake1M_local/wavs_subset_600/train/id00012/dGBIDj-zRuU/00129/real_video_fake_audio.wav,AVDeepfake1M_local/direct_wavs_subset_600/train/id00012/dGBIDj-zRuU/00129/real_video_fake_audio.wav,16000,132080,16,1.0,0.049429781731776194,0.9915202907328892,210.4375667795539,-4.497715254399955,55.13310083509955,155.30446594445385,-4.497715253801495,55.13310083291962,155.3044659169122,15,-3.502586510013609,-2.4825971155611803,2.0017478619878477,-7.9110411276875165,-1.3986360995745006,
train/id00012/dGBIDj-zRuU/00130/fake_video_fake_audio.wav,AVDeepfake1M_local/wavs_subset_600/train/id00012/dGBIDj-zRuU/00130/fake_video_fake_audio.wav,AVDeepfake1M_local/direct_wavs_subset_600/train/id00012/dGBIDj-zRuU/00130/fake_video_fake_audio.wav,16000,126960,16,1.0,0.0621080401212941,0.9936988027725268,237.48076350148767,-1.2399227545847675,101.90423511875625,135.57652838273066,-1.2399227491520182,101.90423502928162,135.5765280940932,14,-1.0339908269466138,-1.0592477889201424,1.5300903455760206,-3.746606884876062,1.512606853780214,
train/id00012/dGBIDj-zRuU/00130/real.wav,AVDeepfake1M_local/wavs_subset_600/train/id00012/dGBIDj-zRuU/00130/real.wav,AVDeepfake1M_local/direct_wavs_subset_600/train/id00012/dGBIDj-zRuU/00130/real.wav,16000,126960,16,1.0,0.06136603496405666,1.0,235.10385345481336,-1.2085963088402947,101.29993956383944,133.80391389097315,-1.2085963088402947,101.29993956383944,133.80391389097315,14,-1.1464359627948393,-1.1174902158028928,1.5182122571731052,-3.8584005508845887,1.3516578834227078,
train/id00012/dGBIDj-zRuU/00130/real_video_fake_audio.wav,AVDeepfake1M_local/wavs_subset_600/train/id00012/dGBIDj-zRuU/00130/real_video_fake_audio.wav,AVDeepfake1M_local/direct_wavs_subset_600/train/id00012/dGBIDj-zRuU/00130/real_video_fake_audio.wav,16000,126960,16,1.0,0.0621080401212941,0.9936988027725268,237.48076350148767,-1.2399227545847675,101.90423511875625,135.57652838273066,-1.2399227491520182,101.90423502928162,135.5765280940932,14,-1.0339908269466138,-1.0592477889201424,1.5300903455760206,-3.746606884876062,1.512606853780214,
train/id00012/dGBIDj-zRuU/00131/fake_video_fake_audio.wav,AVDeepfake1M_local/wavs_subset_600/train/id00012/dGBIDj-zRuU/00131/fake_video_fake_audio.wav,AVDeepfake1M_local/direct_wavs_subset_600/train/id00012/dGBIDj-zRuU/00131/fake_video_fake_audio.wav,16000,84975,17,1.0625,0.056722288895009076,0.9951162106501912,54.14183860272169,-0.3301817220932602,26.042352254605255,28.09948634811579,-0.3301816216571746,26.042352176619538,28.09948561413372,9,-0.5207429967536766,-0.776279546057549,1.4153336491294881,-2.4888624782231257,1.6031294384501322,
train/id00012/dGBIDj-zRuU/00131/real.wav,AVDeepfake1M_local/wavs_subset_600/train/id00012/dGBIDj-zRuU/00131/real.wav,AVDeepfake1M_local/direct_wavs_subset_600/train/id00012/dGBIDj-zRuU/00131/real.wav,16000,90095,17,1.0625,0.06399154484982232,0.9971696542538432,74.54759187996387,-0.2901500514856751,36.02913669163081,38.51845518833224,-0.2901499743518509,36.02913660712326,38.518454413870444,10,0.33160128360690466,0.7143880073874798,1.9711277720110123,-3.4040628220162352,2.7166224689015412,
train/id00012/dGBIDj-zRuU/00131/real_video_fake_audio.wav,AVDeepfake1M_local/wavs_subset_600/train/id00012/dGBIDj-zRuU/00131/real_video_fake_audio.wav,AVDeepfake1M_local/direct_wavs_subset_600/train/id00012/dGBIDj-zRuU/00131/real_video_fake_audio.wav,16000,84975,17,1.0625,0.056722288895009076,0.9951162106501912,54.14183860272169,-0.3301817220932602,26.042352254605255,28.09948634811579,-0.3301816216571746,26.042352176619538,28.09948561413372,9,-0.5207429967536766,-0.776279546057549,1.4153336491294881,-2.4888624782231257,1.6031294384501322,
train/id00012/dGBIDj-zRuU/00132/fake_video_fake_audio.wav,AVDeepfake1M_local/wavs_subset_600/train/id00012/dGBIDj-zRuU/00132/fake_video_fake_audio.wav,AVDeepfake1M_local/direct_wavs_subset_600/train/id00012/dGBIDj-zRuU/00132/fake_video_fake_audio.wav,16000,131058,-14,-0.875,0.04167188387318007,0.9943689053701414,40.90076393075287,-4.4078025363775994,10.880231514555256,30.02053241619727,-4.407802438184674,10.880231498705868,30.02053169370901,15,-4.923034909006267,-3.8883330560619607,2.534756890706838,-10.174068157587424,-1.9560161762673207,
train/id00012/dGBIDj-zRuU/00132/real.wav,AVDeepfake1M_local/wavs_subset_600/train/id00012/dGBIDj-zRuU/00132/real.wav,AVDeepfake1M_local/direct_wavs_subset_600/train/id00012/dGBIDj-zRuU/00132/real.wav,16000,123890,14,0.875,0.04021589931889906,0.9989506820566632,38.55285396426916,-4.1316561261826665,10.741349896949346,27.811504067319493,-4.131656091082808,10.741349873658274,27.811503782240536,14,-4.479303416862398,-4.1575341304394176,1.8796304978804252,-9.116511722545859,-2.225355279373427,
train/id00012/dGBIDj-zRuU/00132/real_video_fake_audio.wav,AVDeepfake1M_local/wavs_subset_600/train/id00012/dGBIDj-zRuU/00132/real_video_fake_audio.wav,AVDeepfake1M_local/direct_wavs_subset_600/train/id00012/dGBIDj-zRuU/00132/real_video_fake_audio.wav,16000,131058,-14,-0.875,0.04167188387318007,0.9943689053701414,40.90076393075287,-4.4078025363775994,10.880231514555256,30.02053241619727,-4.407802438184674,10.880231498705868,30.02053169370901,15,-4.923034909006267,-3.8883330560619607,2.534756890706838,-10.174068157587424,-1.9560161762673207,
train/id00012/dGBIDj-zRuU/00135/fake_video_fake_audio.wav,AVDeepfake1M_local/wavs_subset_600/train/id00012/dGBIDj-zRuU/00135/fake_video_fake_audio.wav,AVDeepfake1M_local/direct_wavs_subset_600/train/id00012/dGBIDj-zRuU/00135/fake_video_fake_audio.wav,16000,118770,14,0.875,0.043572232718055916,0.9921697398332913,99.37532913405448,-4.91884078269083,24.21584855076594,75.15948058328816,-4.918840782690831,24.21584855076594,75.15948058328817,13,-5.146845352441537,-5.40242614952712,1.1609885132300493,-7.994786577019899,-3.5246269749883137,
train/id00012/dGBIDj-zRuU/00135/real_video_fake_audio.wav,AVDeepfake1M_local/wavs_subset_600/train/id00012/dGBIDj-zRuU/00135/real_video_fake_audio.wav,AVDeepfake1M_local/direct_wavs_subset_600/train/id00012/dGBIDj-zRuU/00135/real_video_fake_audio.wav,16000,118770,14,0.875,0.043572232718055916,0.9921697398332913,99.37532913405448,-4.91884078269083,24.21584855076594,75.15948058328816,-4.918840782690831,24.21584855076594,75.15948058328817,13,-5.146845352441537,-5.40242614952712,1.1609885132300493,-7.994786577019899,-3.5246269749883137,
train/id00012/dGBIDj-zRuU/00137/fake_video_fake_audio.wav,AVDeepfake1M_local/wavs_subset_600/train/id00012/dGBIDj-zRuU/00137/fake_video_fake_audio.wav,AVDeepfake1M_local/direct_wavs_subset_600/train/id00012/dGBIDj-zRuU/00137/fake_video_fake_audio.wav,16000,127985,15,0.9375,0.06120517977461341,0.990741102472946,166.02489804290235,-1.3949790571067435,69.79386436642629,96.23103367647533,-1.3949790571067435,69.79386436642629,96.23103367647533,14,-0.7422534300478892,0.02671829498550827,1.7177496424477805,-4.579728377041522,0.7074723359363828,
train/id00012/dGBIDj-zRuU/00137/real.wav,AVDeepfake1M_local/wavs_subset_600/train/id00012/dGBIDj-zRuU/00137/real.wav,AVDeepfake1M_local/direct_wavs_subset_600/train/id00012/dGBIDj-zRuU/00137/real.wav,16000,126961,15,0.9375,0.06101276736866932,0.9949512054882995,169.25312151294202,-1.2013397615100039,72.99598390920488,96.2571376037364,-1.2013397615100043,72.99598390920488,96.25713760373641,14,-0.7705853101891587,-0.04780973806968124,1.6775115092036472,-4.516227726892084,0.652568635433014,
train/id00012/dGBIDj-zRuU/00137/real_video_fake_audio.wav,AVDeepfake1M_local/wavs_subset_600/train/id00012/dGBIDj-zRuU/00137/real_video_fake_audio.wav,AVDeepfake1M_local/direct_wavs_subset_600/train/id00012/dGBIDj-zRuU/00137/real_video_fake_audio.wav,16000,127985,15,0.9375,0.06120517977461341,0.990741102472946,166.02489804290235,-1.3949790571067435,69.79386436642629,96.23103367647533,-1.3949790571067435,69.79386436642629,96.23103367647533,14,-0.7422534300478892,0.02671829498550827,1.7177496424477805,-4.579728377041522,0.7074723359363828,
train/id00012/dGBIDj-zRuU/00138/fake_video_fake_audio.wav,AVDeepfake1M_local/wavs_subset_600/train/id00012/dGBIDj-zRuU/00138/fake_video_fake_audio.wav,AVDeepfake1M_local/direct_wavs_subset_600/train/id00012/dGBIDj-zRuU/00138/fake_video_fake_audio.wav,16000,82930,14,0.875,0.03934491793095959,0.9926443988906306,20.128188833594322,-4.309488996357624,5.443844031190743,14.68434480240327,-4.309488754963147,5.443844013463497,14.684343938383552,9,-4.149288322530429,-4.146838489168837,1.0197245442399587,-5.807619030173865,-2.282188372953689,
train/id00012/dGBIDj-zRuU/00138/real.wav,AVDeepfake1M_local/wavs_subset_600/train/id00012/dGBIDj-zRuU/00138/real.wav,AVDeepfake1M_local/direct_wavs_subset_600/train/id00012/dGBIDj-zRuU/00138/real.wav,16000,83953,15,0.9375,0.03763224227913793,0.9996069229211583,20.972273958846927,-4.4525758420037675,5.536833300435848,15.435440658410798,-4.452575817531019,5.536833290299905,15.435440543174465,9,-4.25143130624291,-3.9885926245871026,0.8519110131633403,-5.947541626629397,-2.793289130939492,
train/id00012/dGBIDj-zRuU/00138/real_video_fake_audio.wav,AVDeepfake1M_local/wavs_subset_600/train/id00012/dGBIDj-zRuU/00138/real_video_fake_audio.wav,AVDeepfake1M_local/direct_wavs_subset_600/train/id00012/dGBIDj-zRuU/00138/real_video_fake_audio.wav,16000,82930,14,0.875,0.03934491793095959,0.9926443988906306,20.128188833594322,-4.309488996357624,5.443844031190743,14.68434480240327,-4.309488754963147,5.443844013463497,14.684343938383552,9,-4.149288322530429,-4.146838489168837,1.0197245442399587,-5.807619030173865,-2.282188372953689,
train/id00012/nRiPvNQ1GCQ/00140/fake_video_fake_audio.wav,AVDeepfake1M_local/wavs_subset_600/train/id00012/nRiPvNQ1GCQ/00140/fake_video_fake_audio.wav,AVDeepfake1M_local/direct_wavs_subset_600/train/id00012/nRiPvNQ1GCQ/00140/fake_video_fake_audio.wav,16000,149490,14,0.875,0.04504134642173757,0.9964546123486521,467.2096736729145,-6.441395969572089,86.40885922884866,380.8008144440654,-6.441392724223258,86.4088518760472,380.8004974799438,17,-6.28143752084898,-6.2432988671157394,1.0239404456800414,-7.892068312481229,-3.574914046089944,
train/id00012/nRiPvNQ1GCQ/00140/real.wav,AVDeepfake1M_local/wavs_subset_600/train/id00012/nRiPvNQ1GCQ/00140/real.wav,AVDeepfake1M_local/direct_wavs_subset_600/train/id00012/nRiPvNQ1GCQ/00140/real.wav,16000,145394,14,0.875,0.04641503370964513,0.9997661526610452,485.176858513616,-6.282866180983239,92.43226532565893,392.74459318795664,-6.282866164398145,92.43226523130197,392.74459128719775,17,-6.0906598978397115,-6.070603487620748,1.091178480253221,-7.696292074636951,-3.5557367956061507,
train/id00012/nRiPvNQ1GCQ/00140/real_video_fake_audio.wav,AVDeepfake1M_local/wavs_subset_600/train/id00012/nRiPvNQ1GCQ/00140/real_video_fake_audio.wav,AVDeepfake1M_local/direct_wavs_subset_600/train/id00012/nRiPvNQ1GCQ/00140/real_video_fake_audio.wav,16000,149490,14,0.875,0.04504134642173757,0.9964546123486521,467.2096736729145,-6.441395969572089,86.40885922884866,380.8008144440654,-6.441392724223258,86.4088518760472,380.8004974799438,17,-6.28143752084898,-6.2432988671157394,1.0239404456800414,-7.892068312481229,-3.574914046089944,
train/id00012/nRiPvNQ1GCQ/00142/fake_video_fake_audio.wav,AVDeepfake1M_local/wavs_subset_600/train/id00012/nRiPvNQ1GCQ/00142/fake_video_fake_audio.wav,AVDeepfake1M_local/direct_wavs_subset_600/train/id00012/nRiPvNQ1GCQ/00142/fake_video_fake_audio.wav,16000,232434,14,0.875,0.041886060387472064,0.9743841262465904,683.9138862229884,-7.337880994529515,106.57238348070732,577.3415027422807,-7.337823508005745,106.57207758813391,577.3322035514238,28,-7.2756379263848485,-6.9174473485496595,1.5795184319454312,-11.958587582359712,-5.225038509060813,
train/id00012/nRiPvNQ1GCQ/00142/real.wav,AVDeepfake1M_local/wavs_subset_600/train/id00012/nRiPvNQ1GCQ/00142/real.wav,AVDeepfake1M_local/direct_wavs_subset_600/train/id00012/nRiPvNQ1GCQ/00142/real.wav,16000,229361,15,0.9375,0.04100295572252293,0.9818582932582262,679.5296521196142,-7.328729467229081,106.07769877676463,573.4519533428493,-7.328681055688426,106.07747744399288,573.4443645094343,27,-7.203064921919189,-6.8303967000434875,1.1366554652224339,-9.48835235603833,-5.700419264506237,
train/id00012/nRiPvNQ1GCQ/00142/real_video_fake_audio.wav,AVDeepfake1M_local/wavs_subset_600/train/id00012/nRiPvNQ1GCQ/00142/real_video_fake_audio.wav,AVDeepfake1M_local/direct_wavs_subset_600/train/id00012/nRiPvNQ1GCQ/00142/real_video_fake_audio.wav,16000,232434,14,0.875,0.041886060387472064,0.9743841262465904,683.9138862229884,-7.337880994529515,106.57238348070732,577.3415027422807,-7.337823508005745,106.57207758813391,577.3322035514238,28,-7.2756379263848485,-6.9174473485496595,1.5795184319454312,-11.958587582359712,-5.225038509060813,
train/id00012/nRiPvNQ1GCQ/00143/fake_video_fake_audio.wav,AVDeepfake1M_local/wavs_subset_600/train/id00012/nRiPvNQ1GCQ/00143/fake_video_fake_audio.wav,AVDeepfake1M_local/direct_wavs_subset_600/train/id00012/nRiPvNQ1GCQ/00143/fake_video_fake_audio.wav,16000,141298,14,0.875,0.036365400782484625,0.9177766139648119,276.4919765982777,-7.568965862920823,41.18493116713133,235.3070454311461,-7.568804276128817,41.18482132193807,235.29766301840095,16,-7.453923596328119,-7.142236911631716,1.3182538109882809,-10.28535215264359,-6.049991227448057,
train/id00012/nRiPvNQ1GCQ/00143/real.wav,AVDeepfake1M_local/wavs_subset_600/train/id00012/nRiPvNQ1GCQ/00143/real.wav,AVDeepfake1M_local/direct_wavs_subset_600/train/id00012/nRiPvNQ1GCQ/00143/real.wav,16000,142322,14,0.875,0.037615944032750974,0.9252258962071921,292.81368796899915,-7.053675075775257,48.2061389661487,244.60754900285016,-7.053508384316151,48.206015191666324,244.59753259277437,16,-6.797071008735217,-6.411722290222271,1.1505207483342241,-9.175910298038874,-5.341092279074803,
train/id00012/nRiPvNQ1GCQ/00143/real_video_fake_audio.wav,AVDeepfake1M_local/wavs_subset_600/train/id00012/nRiPvNQ1GCQ/00143/real_video_fake_audio.wav,AVDeepfake1M_local/direct_wavs_subset_600/train/id00012/nRiPvNQ1GCQ/00143/real_video_fake_audio.wav,16000,141298,14,0.875,0.036365400782484625,0.9177766139648119,276.4919765982777,-7.568965862920823,41.18493116713133,235.3070454311461,-7.568804276128817,41.18482132193807,235.29766301840095,16,-7.453923596328119,-7.142236911631716,1.3182538109882809,-10.28535215264359,-6.049991227448057,
train/id00012/nRiPvNQ1GCQ/00144/fake_video_fake_audio.wav,AVDeepfake1M_local/wavs_subset_600/train/id00012/nRiPvNQ1GCQ/00144/fake_video_fake_audio.wav,AVDeepfake1M_local/direct_wavs_subset_600/train/id00012/nRiPvNQ1GCQ/00144/fake_video_fake_audio.wav,16000,262128,16,1.0,0.03714294449711352,0.960141610205701,367.2387158488855,-7.095993588075489,59.96825977930844,307.27045606957677,-7.0958531697603,59.967996226920405,307.25917103607696,31,-6.9003640748709145,-6.871368945879461,1.3065333257796778,-9.172559192797436,-2.90168817204839,
train/id00012/nRiPvNQ1GCQ/00144/real.wav,AVDeepfake1M_local/wavs_subset_600/train/id00012/nRiPvNQ1GCQ/00144/real.wav,AVDeepfake1M_local/direct_wavs_subset_600/train/id00012/nRiPvNQ1GCQ/00144/real.wav,16000,271345,15,0.9375,0.037092023766206315,0.9676242422008882,395.77600878756493,-7.124982787025981,64.26811913352248,331.5078896540422,-7.124876586812813,64.26778804110039,331.4980754244905,32,-6.859020291057965,-7.0672624054740645,1.3641933382737605,-9.208836096005026,-3.2743301539099336,
train/id00012/nRiPvNQ1GCQ/00144/real_video_fake_audio.wav,AVDeepfake1M_local/wavs_subset_600/train/id00012/nRiPvNQ1GCQ/00144/real_video_fake_audio.wav,AVDeepfake1M_local/direct_wavs_subset_600/train/id00012/nRiPvNQ1GCQ/00144/real_video_fake_audio.wav,16000,262128,16,1.0,0.03714294449711352,0.960141610205701,367.2387158488855,-7.095993588075489,59.96825977930844,307.27045606957677,-7.0958531697603,59.967996226920405,307.25917103607696,31,-6.9003640748709145,-6.871368945879461,1.3065333257796778,-9.172559192797436,-2.90168817204839,
train/id00012/nRiPvNQ1GCQ/00145/fake_video_fake_audio.wav,AVDeepfake1M_local/wavs_subset_600/train/id00012/nRiPvNQ1GCQ/00145/fake_video_fake_audio.wav,AVDeepfake1M_local/direct_wavs_subset_600/train/id00012/nRiPvNQ1GCQ/00145/fake_video_fake_audio.wav,16000,312305,15,0.9375,0.03710956853497815,0.9979987512207618,518.3767913905904,-7.290994490991334,81.51611997129856,436.8606714192915,-7.290993904436418,81.51611904042244,436.86060742847155,38,-6.977478225428037,-7.1401647903958585,1.6644938348514706,-9.573453978525663,-3.357189687108086,
train/id00012/nRiPvNQ1GCQ/00145/real.wav,AVDeepfake1M_local/wavs_subset_600/train/id00012/nRiPvNQ1GCQ/00145/real.wav,AVDeepfake1M_local/direct_wavs_subset_600/train/id00012/nRiPvNQ1GCQ/00145/real.wav,16000,310257,15,0.9375,0.036847164924486385,0.9971088484707838,550.1183476177976,-7.441079395734497,84.01786035676685,466.1004872610304,-7.441065194457242,84.01784199969862,466.0988612932796,37,-7.079909603326834,-7.187769908955191,1.7368319836067694,-9.675147517119083,-3.082662729172948,
train/id00012/nRiPvNQ1GCQ/00145/real_video_fake_audio.wav,AVDeepfake1M_local/wavs_subset_600/train/id00012/nRiPvNQ1GCQ/00145/real_video_fake_audio.wav,AVDeepfake1M_local/direct_wavs_subset_600/train/id00012/nRiPvNQ1GCQ/00145/real_video_fake_audio.wav,16000,312305,15,0.9375,0.03710956853497815,0.9979987512207618,518.3767913905904,-7.290994490991334,81.51611997129856,436.8606714192915,-7.290993904436418,81.51611904042244,436.86060742847155,38,-6.977478225428037,-7.1401647903958585,1.6644938348514706,-9.573453978525663,-3.357189687108086,
train/id00012/nRiPvNQ1GCQ/00146/real.wav,AVDeepfake1M_local/wavs_subset_600/train/id00012/nRiPvNQ1GCQ/00146/real.wav,AVDeepfake1M_local/direct_wavs_subset_600/train/id00012/nRiPvNQ1GCQ/00146/real.wav,16000,80881,15,0.9375,0.02814508303055283,0.9643797678070252,167.44137428328395,-10.272789330325839,14.374788458371995,153.06658582491178,-10.272711006494868,14.374782151661616,153.06375818115188,9,-9.839045801684279,-10.789940727657225,1.3081074223404408,-11.134118245974435,-7.247981841768308,
train/id00012/nRiPvNQ1GCQ/00146/real_video_fake_audio.wav,AVDeepfake1M_local/wavs_subset_600/train/id00012/nRiPvNQ1GCQ/00146/real_video_fake_audio.wav,AVDeepfake1M_local/direct_wavs_subset_600/train/id00012/nRiPvNQ1GCQ/00146/real_video_fake_audio.wav,16000,79858,14,0.875,0.030126162700958553,0.9566981391970748,156.71724879089743,-9.925299584321115,14.471372621034103,142.24587616986312,-9.925215210701534,14.47136582927722,142.24304592220716,8,-9.801891895899459,-10.048387455912879,1.4152080918621026,-11.814816894096525,-7.391827724625904,
train/id00012/s7MiVWybRhg/00148/fake_video_fake_audio.wav,AVDeepfake1M_local/wavs_subset_600/train/id00012/s7MiVWybRhg/00148/fake_video_fake_audio.wav,AVDeepfake1M_local/direct_wavs_subset_600/train/id00012/s7MiVWybRhg/00148/fake_video_fake_audio.wav,16000,182258,14,0.875,0.07006183575305991,0.9985844242776724,2115.3036277284846,-9.536921603525277,211.7717361126622,1903.5318916158217,-9.53692158525769,211.77173127874536,1903.5318401589018,21,-9.106182850545537,-9.089848484110659,1.52763466517207,-11.970003106088472,-5.766142978820198,
train/id00012/s7MiVWybRhg/00148/real.wav,AVDeepfake1M_local/wavs_subset_600/train/id00012/s7MiVWybRhg/00148/real.wav,AVDeepfake1M_local/direct_wavs_subset_600/train/id00012/s7MiVWybRhg/00148/real.wav,16000,181234,14,0.875,0.06879314940311013,0.9998123972323074,2367.9436484416947,-10.04979011470628,213.03450545632543,2154.9091429853684,-10.049790112244303,213.03450530585837,2154.909140241749,21,-9.696881714894504,-9.39768373115587,1.6290111871397017,-12.460854013888937,-6.153079382999781,
train/id00012/s7MiVWybRhg/00149/fake_video_fake_audio.wav,AVDeepfake1M_local/wavs_subset_600/train/id00012/s7MiVWybRhg/00149/fake_video_fake_audio.wav,AVDeepfake1M_local/direct_wavs_subset_600/train/id00012/s7MiVWybRhg/00149/fake_video_fake_audio.wav,16000,97240,40,2.5,0.057372785505004374,0.9880707527766351,608.4775166194886,-9.928043872032195,56.15499175501499,552.322524864473,-9.928043495982676,56.154991739377486,552.3224768858345,11,-9.35213109799434,-9.120011243645829,1.3860473196315561,-12.861297689024802,-7.235648642098109,
train/id00012/s7MiVWybRhg/00149/real.wav,AVDeepfake1M_local/wavs_subset_600/train/id00012/s7MiVWybRhg/00149/real.wav,AVDeepfake1M_local/direct_wavs_subset_600/train/id00012/s7MiVWybRhg/00149/real.wav,16000,98263,41,2.5625,0.05852494002598776,0.9989517926381242,627.94169681333,-9.598278900304237,62.07107376094895,565.8706230523806,-9.598278524351166,62.0710737265072,565.8705737530154,11,-9.009245024547866,-8.842235789167663,1.1628923939107874,-11.869673018769793,-7.142088286046489,
train/id00012/s7MiVWybRhg/00149/real_video_fake_audio.wav,AVDeepfake1M_local/wavs_subset_600/train/id00012/s7MiVWybRhg/00149/real_video_fake_audio.wav,AVDeepfake1M_local/direct_wavs_subset_600/train/id00012/s7MiVWybRhg/00149/real_video_fake_audio.wav,16000,97240,40,2.5,0.057372785505004374,0.9880707527766351,608.4775166194886,-9.928043872032195,56.15499175501499,552.322524864473,-9.928043495982676,56.154991739377486,552.3224768858345,11,-9.35213109799434,-9.120011243645829,1.3860473196315561,-12.861297689024802,-7.235648642098109,
train/id00012/s7MiVWybRhg/00150/fake_video_fake_audio.wav,AVDeepfake1M_local/wavs_subset_600/train/id00012/s7MiVWybRhg/00150/fake_video_fake_audio.wav,AVDeepfake1M_local/direct_wavs_subset_600/train/id00012/s7MiVWybRhg/00150/fake_video_fake_audio.wav,16000,127968,32,2.0,0.04186101148941009,0.9933733433358339,678.144678439945,-12.599154582748838,35.33205813728699,642.8126203026577,-12.599150758798425,35.332058092358096,642.8120534908335,14,-12.227105345627182,-12.58430723745975,1.198810451079711,-14.244465399119122,-9.71270971966481,
train/id00012/s7MiVWybRhg/00150/real.wav,AVDeepfake1M_local/wavs_subset_600/train/id00012/s7MiVWybRhg/00150/real.wav,AVDeepfake1M_local/direct_wavs_subset_600/train/id00012/s7MiVWybRhg/00150/real.wav,16000,128992,32,2.0,0.04322464997892894,0.999131729099479,693.4707059450448,-12.316696451935963,38.424004028684855,655.0467019163596,-12.316696294192909,38.4240040252117,655.046678064753,15,-11.785908835390192,-12.197251450185775,1.2341898114065613,-13.204515013813438,-9.292619706565091,
train/id00012/s7MiVWybRhg/00150/real_video_fake_audio.wav,AVDeepfake1M_local/wavs_subset_600/train/id00012/s7MiVWybRhg/00150/real_video_fake_audio.wav,AVDeepfake1M_local/direct_wavs_subset_600/train/id00012/s7MiVWybRhg/00150/real_video_fake_audio.wav,16000,127968,32,2.0,0.04186101148941009,0.9933733433358339,678.144678439945,-12.599154582748838,35.33205813728699,642.8126203026577,-12.599150758798425,35.332058092358096,642.8120534908335,14,-12.227105345627182,-12.58430723745975,1.198810451079711,-14.244465399119122,-9.71270971966481,
train/id00012/s7MiVWybRhg/00151/fake_video_fake_audio.wav,AVDeepfake1M_local/wavs_subset_600/train/id00012/s7MiVWybRhg/00151/fake_video_fake_audio.wav,AVDeepfake1M_local/direct_wavs_subset_600/train/id00012/s7MiVWybRhg/00151/fake_video_fake_audio.wav,16000,82928,16,1.0,0.06607924058734718,0.9888095697472506,638.0583749143407,-9.822087989943816,60.20202390015789,577.8563510141819,-9.822087989943816,60.20202390015789,577.8563510141819,9,-9.59717809338272,-9.102283086163675,1.9359010131568282,-12.915825631425955,-6.872478260852719,
train/id00012/s7MiVWybRhg/00151/real.wav,AVDeepfake1M_local/wavs_subset_600/train/id00012/s7MiVWybRhg/00151/real.wav,AVDeepfake1M_local/direct_wavs_subset_600/train/id00012/s7MiVWybRhg/00151/real.wav,16000,86000,16,1.0,0.06519969799578874,0.9925581395348837,656.3524590274319,-9.780311934637808,62.46971349588577,593.8827455315453,-9.780311934637806,62.46971349588577,593.8827455315452,9,-9.445486571368198,-9.19058954537139,1.670020343307948,-12.600701362788946,-7.261376370966839,
train/id00012/tqaasM16UxI/00153/fake_video_fake_audio.wav,AVDeepfake1M_local/wavs_subset_600/train/id00012/tqaasM16UxI/00153/fake_video_fake_audio.wav,AVDeepfake1M_local/direct_wavs_subset_600/train/id00012/tqaasM16UxI/00153/fake_video_fake_audio.wav,16000,105437,35,2.1875,0.03501505879275119,0.9901647429270559,182.26216267608106,-9.729019870786122,17.533447745562903,164.7287149305179,-9.729019870786123,17.533447745562903,164.72871493051792,12,-9.809106155357743,-9.56152677346217,0.9818398968919487,-11.891742364652917,-8.213447213158137,
train/id00012/tqaasM16UxI/00153/real.wav,AVDeepfake1M_local/wavs_subset_600/train/id00012/tqaasM16UxI/00153/real.wav,AVDeepfake1M_local/direct_wavs_subset_600/train/id00012/tqaasM16UxI/00153/real.wav,16000,101341,35,2.1875,0.034750473226920355,0.9938721741447193,176.68695218954235,-9.681834834185176,17.16475608619311,159.52219610334902,-9.681834834185175,17.16475608619311,159.522196103349,11,-9.710151484749169,-9.51343386843533,0.824733407119902,-11.606083355727876,-8.901829980376794,
train/id00012/tqaasM16UxI/00153/real_video_fake_audio.wav,AVDeepfake1M_local/wavs_subset_600/train/id00012/tqaasM16UxI/00153/real_video_fake_audio.wav,AVDeepfake1M_local/direct_wavs_subset_600/train/id00012/tqaasM16UxI/00153/real_video_fake_audio.wav,16000,105437,35,2.1875,0.03501505879275119,0.9901647429270559,182.26216267608106,-9.729019870786122,17.533447745562903,164.7287149305179,-9.729019870786123,17.533447745562903,164.72871493051792,12,-9.809106155357743,-9.56152677346217,0.9818398968919487,-11.891742364652917,-8.213447213158137,
train/id00012/uCBekiUm-rE/00158/fake_video_fake_audio.wav,AVDeepfake1M_local/wavs_subset_600/train/id00012/uCBekiUm-rE/00158/fake_video_fake_audio.wav,AVDeepfake1M_local/direct_wavs_subset_600/train/id00012/uCBekiUm-rE/00158/fake_video_fake_audio.wav,16000,87024,16,1.0,0.03667544894730975,0.9863945578231292,391.0177555149421,-9.520215274920469,39.2821138879429,351.7356416269989,-9.520215274920469,39.28211388794289,351.7356416269989,9,-8.877424657112606,-8.931827049138697,1.3512908630726717,-11.034094128962844,-6.575855414771628,
train/id00012/uCBekiUm-rE/00158/real.wav,AVDeepfake1M_local/wavs_subset_600/train/id00012/uCBekiUm-rE/00158/real.wav,AVDeepfake1M_local/direct_wavs_subset_600/train/id00012/uCBekiUm-rE/00158/real.wav,16000,86000,16,1.0,0.03609294111116261,0.9925581395348837,389.0493085766211,-9.466070521511005,39.524873635627394,349.5244349409935,-9.466070521511003,39.524873635627394,349.52443494099344,9,-8.887812974678909,-8.873924392981413,1.3568817894285279,-11.020638246462003,-6.703321771520921,
train/id00012/uCBekiUm-rE/00158/real_video_fake_audio.wav,AVDeepfake1M_local/wavs_subset_600/train/id00012/uCBekiUm-rE/00158/real_video_fake_audio.wav,AVDeepfake1M_local/direct_wavs_subset_600/train/id00012/uCBekiUm-rE/00158/real_video_fake_audio.wav,16000,87024,16,1.0,0.03667544894730975,0.9863945578231292,391.0177555149421,-9.520215274920469,39.2821138879429,351.7356416269989,-9.520215274920469,39.28211388794289,351.7356416269989,9,-8.877424657112606,-8.931827049138697,1.3512908630726717,-11.034094128962844,-6.575855414771628,
train/id00012/uCBekiUm-rE/00160/fake_video_fake_audio.wav,AVDeepfake1M_local/wavs_subset_600/train/id00012/uCBekiUm-rE/00160/fake_video_fake_audio.wav,AVDeepfake1M_local/direct_wavs_subset_600/train/id00012/uCBekiUm-rE/00160/fake_video_fake_audio.wav,16000,121839,17,1.0625,0.037068881852238826,0.9960685823094412,502.4886936638504,-9.081318284574586,55.25852219569303,447.23017146815715,-9.08131809330793,55.25852208751087,447.23015089623095,14,-8.369465703007297,-8.061442394980602,1.833250939448822,-12.431571076341505,-5.803753418485061,
train/id00012/uCBekiUm-rE/00160/real.wav,AVDeepfake1M_local/wavs_subset_600/train/id00012/uCBekiUm-rE/00160/real.wav,AVDeepfake1M_local/direct_wavs_subset_600/train/id00012/uCBekiUm-rE/00160/real.wav,16000,117743,17,1.0625,0.03688802238615225,0.9994649363444111,506.281636335887,-9.022451265386122,56.35086299694068,449.93077333894604,-9.022382854802505,56.350575769900544,449.9213927172266,13,-8.331255466411076,-8.17928415235188,1.5465272777060428,-11.426224777518728,-5.661956077758198,
train/id00012/uCBekiUm-rE/00160/real_video_fake_audio.wav,AVDeepfake1M_local/wavs_subset_600/train/id00012/uCBekiUm-rE/00160/real_video_fake_audio.wav,AVDeepfake1M_local/direct_wavs_subset_600/train/id00012/uCBekiUm-rE/00160/real_video_fake_audio.wav,16000,121839,17,1.0625,0.037068881852238826,0.9960685823094412,502.4886936638504,-9.081318284574586,55.25852219569303,447.23017146815715,-9.08131809330793,55.25852208751087,447.23015089623095,14,-8.369465703007297,-8.061442394980602,1.833250939448822,-12.431571076341505,-5.803753418485061,
train/id00012/uCBekiUm-rE/00161/fake_video_fake_audio.wav,AVDeepfake1M_local/wavs_subset_600/train/id00012/uCBekiUm-rE/00161/fake_video_fake_audio.wav,AVDeepfake1M_local/direct_wavs_subset_600/train/id00012/uCBekiUm-rE/00161/fake_video_fake_audio.wav,16000,135151,17,1.0625,0.042376317464941866,0.9974029048989649,414.43874356057495,-6.737724383497597,72.4776714084674,341.96107215210714,-6.737724186999583,72.4776711133313,341.96105528746403,15,-6.5025405420863756,-6.518776225040411,0.8999763500021872,-8.049578028051414,-4.483805272016199,
train/id00012/uCBekiUm-rE/00161/real.wav,AVDeepfake1M_local/wavs_subset_600/train/id00012/uCBekiUm-rE/00161/real.wav,AVDeepfake1M_local/direct_wavs_subset_600/train/id00012/uCBekiUm-rE/00161/real.wav,16000,137199,17,1.0625,0.0417787422107516,0.9988410994249229,437.7062807530165,-6.794515984624724,75.72431244548687,361.9819683075292,-6.794516205111563,75.72429277048448,361.9818926333327,16,-6.607636661265143,-6.5800518956690865,0.7967245175289325,-7.883553965354691,-5.362505737131212,
train/id00012/uCBekiUm-rE/00161/real_video_fake_audio.wav,AVDeepfake1M_local/wavs_subset_600/train/id00012/uCBekiUm-rE/00161/real_video_fake_audio.wav,AVDeepfake1M_local/direct_wavs_subset_600/train/id00012/uCBekiUm-rE/00161/real_video_fake_audio.wav,16000,135151,17,1.0625,0.042376317464941866,0.9974029048989649,414.43874356057495,-6.737724383497597,72.4776714084674,341.96107215210714,-6.737724186999583,72.4776711133313,341.96105528746403,15,-6.5025405420863756,-6.518776225040411,0.8999763500021872,-8.049578028051414,-4.483805272016199,
train/id00012/uCBekiUm-rE/00162/fake_video_fake_audio.wav,AVDeepfake1M_local/wavs_subset_600/train/id00012/uCBekiUm-rE/00162/fake_video_fake_audio.wav,AVDeepfake1M_local/direct_wavs_subset_600/train/id00012/uCBekiUm-rE/00162/fake_video_fake_audio.wav,16000,120815,17,1.0625,0.03873261204007823,0.9912676406075405,227.78096674010158,-6.634850004410119,40.61925917576174,187.16170756433954,-6.63484339398885,40.61925026375033,187.16138162075697,14,-6.5014992376074945,-6.780349932942359,1.208612162249027,-8.115311571084307,-3.832206602667524,
train/id00012/uCBekiUm-rE/00162/real.wav,AVDeepfake1M_local/wavs_subset_600/train/id00012/uCBekiUm-rE/00162/real.wav,AVDeepfake1M_local/direct_wavs_subset_600/train/id00012/uCBekiUm-rE/00162/real.wav,16000,120815,17,1.0625,0.040491111023788585,0.9978893349335761,236.09569654148072,-6.298914537159376,44.84479452219949,191.2509020192809,-6.2989141167951255,44.84479366532531,191.25087985330325,14,-6.186126189089521,-6.460525901488655,1.2487309129973512,-7.663464951183253,-3.4369830386441325,
train/id00012/uCBekiUm-rE/00162/real_video_fake_audio.wav,AVDeepfake1M_local/wavs_subset_600/train/id00012/uCBekiUm-rE/00162/real_video_fake_audio.wav,AVDeepfake1M_local/direct_wavs_subset_600/train/id00012/uCBekiUm-rE/00162/real_video_fake_audio.wav,16000,120815,17,1.0625,0.03873261204007823,0.9912676406075405,227.78096674010158,-6.634850004410119,40.61925917576174,187.16170756433954,-6.63484339398885,40.61925026375033,187.16138162075697,14,-6.5014992376074945,-6.780349932942359,1.208612162249027,-8.115311571084307,-3.832206602667524,
train/id00012/yi_qz725MjE/00163/fake_video_fake_audio.wav,AVDeepfake1M_local/wavs_subset_600/train/id00012/yi_qz725MjE/00163/fake_video_fake_audio.wav,AVDeepfake1M_local/direct_wavs_subset_600/train/id00012/yi_qz725MjE/00163/fake_video_fake_audio.wav,16000,83951,17,1.0625,0.04378728192242135,0.9920072423199248,147.69653640128672,-4.946038390348932,35.82059926781486,111.87593713347148,-4.94603839034893,35.82059926781486,111.87593713347147,9,-4.204947149127536,-3.750703868645698,1.1625770889159968,-6.371228689219962,-2.7793451210218674,
train/id00012/yi_qz725MjE/00163/real_video_fake_audio.wav,AVDeepfake1M_local/wavs_subset_600/train/id00012/yi_qz725MjE/00163/real_video_fake_audio.wav,AVDeepfake1M_local/direct_wavs_subset_600/train/id00012/yi_qz725MjE/00163/real_video_fake_audio.wav,16000,83951,17,1.0625,0.04378728192242135,0.9920072423199248,147.69653640128672,-4.946038390348932,35.82059926781486,111.87593713347148,-4.94603839034893,35.82059926781486,111.87593713347147,9,-4.204947149127536,-3.750703868645698,1.1625770889159968,-6.371228689219962,-2.7793451210218674,
train/id00012/yi_qz725MjE/00164/fake_video_fake_audio.wav,AVDeepfake1M_local/wavs_subset_600/train/id00012/yi_qz725MjE/00164/fake_video_fake_audio.wav,AVDeepfake1M_local/direct_wavs_subset_600/train/id00012/yi_qz725MjE/00164/fake_video_fake_audio.wav,16000,152560,16,1.0,0.044940386103453925,0.9884635553224961,300.1854855036363,-5.634705789986208,64.41871013124859,235.76677537238731,-5.634705790055053,64.41871012984353,235.76677537098226,18,-5.260704545636198,-5.518478921025428,1.2225152418557421,-7.8863795026032975,-3.218787828069318,
train/id00012/yi_qz725MjE/00164/real.wav,AVDeepfake1M_local/wavs_subset_600/train/id00012/yi_qz725MjE/00164/real.wav,AVDeepfake1M_local/direct_wavs_subset_600/train/id00012/yi_qz725MjE/00164/real.wav,16000,152560,16,1.0,0.04460705576485359,0.9958049292081804,307.64816776290536,-5.645415207255791,65.89239968004938,241.75576808285558,-5.645415207255791,65.89239968004938,241.75576808285558,18,-5.209529109906203,-5.287346395846583,1.201986840869437,-7.667420797961916,-3.368248650828203,
train/id00012/yi_qz725MjE/00164/real_video_fake_audio.wav,AVDeepfake1M_local/wavs_subset_600/train/id00012/yi_qz725MjE/00164/real_video_fake_audio.wav,AVDeepfake1M_local/direct_wavs_subset_600/train/id00012/yi_qz725MjE/00164/real_video_fake_audio.wav,16000,152560,16,1.0,0.044940386103453925,0.9884635553224961,300.1854855036363,-5.634705789986208,64.41871013124859,235.76677537238731,-5.634705790055053,64.41871012984353,235.76677537098226,18,-5.260704545636198,-5.518478921025428,1.2225152418557421,-7.8863795026032975,-3.218787828069318,
train/id00017/5MkXgwdrmJw/00002/fake_video_fake_audio.wav,AVDeepfake1M_local/wavs_subset_600/train/id00017/5MkXgwdrmJw/00002/fake_video_fake_audio.wav,AVDeepfake1M_local/direct_wavs_subset_600/train/id00017/5MkXgwdrmJw/00002/fake_video_fake_audio.wav,16000,125908,44,2.75,0.05220346509446442,0.9918353083203609,825.0165680116042,-7.602720710401369,122.0798910315113,702.9366769800923,-7.602720710401369,122.07989103151131,702.9366769800924,14,-7.703297695593299,-7.6096826374014785,0.45791276792711627,-8.566714325453429,-6.955290927588344,
train/id00017/5MkXgwdrmJw/00002/real.wav,AVDeepfake1M_local/wavs_subset_600/train/id00017/5MkXgwdrmJw/00002/real.wav,AVDeepfake1M_local/direct_wavs_subset_600/train/id00017/5MkXgwdrmJw/00002/real.wav,16000,127955,45,2.8125,0.049666630085758307,0.997225587120472,849.5792971448973,-8.002164556201878,116.17830535404005,733.4009917908568,-8.002164556201878,116.17830535404005,733.4009917908567,14,-8.142931415841495,-7.983481450308614,0.5546609293627403,-9.246318262544028,-7.349066000141659,
train/id00017/5MkXgwdrmJw/00002/real_video_fake_audio.wav,AVDeepfake1M_local/wavs_subset_600/train/id00017/5MkXgwdrmJw/00002/real_video_fake_audio.wav,AVDeepfake1M_local/direct_wavs_subset_600/train/id00017/5MkXgwdrmJw/00002/real_video_fake_audio.wav,16000,125908,44,2.75,0.05220346509446442,0.9918353083203609,825.0165680116042,-7.602720710401369,122.0798910315113,702.9366769800923,-7.602720710401369,122.07989103151131,702.9366769800924,14,-7.703297695593299,-7.6096826374014785,0.45791276792711627,-8.566714325453429,-6.955290927588344,
train/id00017/7t6lfzvVaTM/00003/fake_video_fake_audio.wav,AVDeepfake1M_local/wavs_subset_600/train/id00017/7t6lfzvVaTM/00003/fake_video_fake_audio.wav,AVDeepfake1M_local/direct_wavs_subset_600/train/id00017/7t6lfzvVaTM/00003/fake_video_fake_audio.wav,16000,146407,25,1.5625,0.033820387885313774,0.9950343904321515,165.54190531093627,-8.145501559147807,22.00025783182842,143.5416474791076,-8.145501560021742,22.000257825968404,143.5416474697587,17,-7.764332506972939,-7.467616731535584,1.1734768911105298,-9.823438960290153,-5.435443811591043,
train/id00017/7t6lfzvVaTM/00003/real.wav,AVDeepfake1M_local/wavs_subset_600/train/id00017/7t6lfzvVaTM/00003/real.wav,AVDeepfake1M_local/direct_wavs_subset_600/train/id00017/7t6lfzvVaTM/00003/real.wav,16000,144359,25,1.5625,0.03587795257145168,0.9991756662210184,172.96536975633353,-7.361774384806763,26.827767761373487,146.1376019949598,-7.361774384806763,26.82776776137349,146.1376019949598,17,-6.979304962998484,-6.898881288904577,1.2163137058585247,-9.32673479103191,-4.557739792793535,
train/id00017/7t6lfzvVaTM/00003/real_video_fake_audio.wav,AVDeepfake1M_local/wavs_subset_600/train/id00017/7t6lfzvVaTM/00003/real_video_fake_audio.wav,AVDeepfake1M_local/direct_wavs_subset_600/train/id00017/7t6lfzvVaTM/00003/real_video_fake_audio.wav,16000,146407,25,1.5625,0.033820387885313774,0.9950343904321515,165.54190531093627,-8.145501559147807,22.00025783182842,143.5416474791076,-8.145501560021742,22.000257825968404,143.5416474697587,17,-7.764332506972939,-7.467616731535584,1.1734768911105298,-9.823438960290153,-5.435443811591043,
train/id00017/7t6lfzvVaTM/00005/fake_video_fake_audio.wav,AVDeepfake1M_local/wavs_subset_600/train/id00017/7t6lfzvVaTM/00005/fake_video_fake_audio.wav,AVDeepfake1M_local/direct_wavs_subset_600/train/id00017/7t6lfzvVaTM/00005/fake_video_fake_audio.wav,16000,93159,25,1.5625,0.03861963527397168,0.9867001577947381,104.35767214000225,-6.97691865425784,17.435643753815018,86.92202838618694,-6.976916851115215,17.435643712390906,86.9219920906184,10,-7.136317134378748,-6.986302832428688,0.8541500885340192,-8.691534395004041,-5.803911021190817,
train/id00017/7t6lfzvVaTM/00005/real.wav,AVDeepfake1M_local/wavs_subset_600/train/id00017/7t6lfzvVaTM/00005/real.wav,AVDeepfake1M_local/direct_wavs_subset_600/train/id00017/7t6lfzvVaTM/00005/real.wav,16000,90087,25,1.5625,0.03945401612017328,0.9972582059564643,104.30212571844459,-6.823195636488811,17.946202635528046,86.35592308291622,-6.823193797487111,17.946202572205955,86.35588621117036,10,-6.93864287341268,-6.793189065461531,0.8293423515710149,-8.505522684671503,-5.746371565018878,
train/id00017/7t6lfzvVaTM/00005/real_video_fake_audio.wav,AVDeepfake1M_local/wavs_subset_600/train/id00017/7t6lfzvVaTM/00005/real_video_fake_audio.wav,AVDeepfake1M_local/direct_wavs_subset_600/train/id00017/7t6lfzvVaTM/00005/real_video_fake_audio.wav,16000,93159,25,1.5625,0.03861963527397168,0.9867001577947381,104.35767214000225,-6.97691865425784,17.435643753815018,86.92202838618694,-6.976916851115215,17.435643712390906,86.9219920906184,10,-7.136317134378748,-6.986302832428688,0.8541500885340192,-8.691534395004041,-5.803911021190817,
train/id00017/7t6lfzvVaTM/00008/fake_video_fake_audio.wav,AVDeepfake1M_local/wavs_subset_600/train/id00017/7t6lfzvVaTM/00008/fake_video_fake_audio.wav,AVDeepfake1M_local/direct_wavs_subset_600/train/id00017/7t6lfzvVaTM/00008/fake_video_fake_audio.wav,16000,107495,25,1.5625,0.04126403503800146,0.9950230243267129,123.50775088649243,-5.941870230169295,25.061734466805348,98.44601641968674,-5.94186947046512,25.061733949547005,98.44599716682583,12,-5.941345379804211,-6.078741318294328,0.9106512553858261,-7.550844407103854,-4.477035302043405,
train/id00017/7t6lfzvVaTM/00008/real.wav,AVDeepfake1M_local/wavs_subset_600/train/id00017/7t6lfzvVaTM/00008/real.wav,AVDeepfake1M_local/direct_wavs_subset_600/train/id00017/7t6lfzvVaTM/00008/real.wav,16000,106471,25,1.5625,0.04167991340484209,0.9985817734406552,123.8340212693438,-5.69466392448445,26.287314426559007,97.54670684278443,-5.694663720339706,26.28731062198268,97.54668813951416,12,-5.634020010592504,-5.831029180728589,1.132806900543012,-7.488571680780063,-3.3833588100568246,
train/id00017/7t6lfzvVaTM/00008/real_video_fake_audio.wav,AVDeepfake1M_local/wavs_subset_600/train/id00017/7t6lfzvVaTM/00008/real_video_fake_audio.wav,AVDeepfake1M_local/direct_wavs_subset_600/train/id00017/7t6lfzvVaTM/00008/real_video_fake_audio.wav,16000,107495,25,1.5625,0.04126403503800146,0.9950230243267129,123.50775088649243,-5.941870230169295,25.061734466805348,98.44601641968674,-5.94186947046512,25.061733949547005,98.44599716682583,12,-5.941345379804211,-6.078741318294328,0.9106512553858261,-7.550844407103854,-4.477035302043405,
train/id00017/7t6lfzvVaTM/00009/fake_video_fake_audio.wav,AVDeepfake1M_local/wavs_subset_600/train/id00017/7t6lfzvVaTM/00009/fake_video_fake_audio.wav,AVDeepfake1M_local/direct_wavs_subset_600/train/id00017/7t6lfzvVaTM/00009/fake_video_fake_audio.wav,16000,91111,25,1.5625,0.04492133112964665,0.9948304815005872,122.00389555841684,-5.495296910023719,26.84771412064274,95.15618143777371,-5.495296228163131,26.847711319700668,95.156156570495,10,-5.2664992809987705,-5.389450233430576,0.8195057702709727,-6.261275257923855,-3.319596519951543,
train/id00017/7t6lfzvVaTM/00009/real.wav,AVDeepfake1M_local/wavs_subset_600/train/id00017/7t6lfzvVaTM/00009/real.wav,AVDeepfake1M_local/direct_wavs_subset_600/train/id00017/7t6lfzvVaTM/00009/real.wav,16000,100327,25,1.5625,0.04484704075206248,0.997538050574621,127.87491534184664,-5.478471211119507,28.224790448010047,99.65012489383619,-5.478470759446761,28.224789244228642,99.65011028001842,11,-5.270171834981734,-5.703431287624062,0.9862281972604974,-6.844211886536583,-3.076077005682172,
train/id00017/7t6lfzvVaTM/00009/real_video_fake_audio.wav,AVDeepfake1M_local/wavs_subset_600/train/id00017/7t6lfzvVaTM/00009/real_video_fake_audio.wav,AVDeepfake1M_local/direct_wavs_subset_600/train/id00017/7t6lfzvVaTM/00009/real_video_fake_audio.wav,16000,91111,25,1.5625,0.04492133112964665,0.9948304815005872,122.00389555841684,-5.495296910023719,26.84771412064274,95.15618143777371,-5.495296228163131,26.847711319700668,95.156156570495,10,-5.2664992809987705,-5.389450233430576,0.8195057702709727,-6.261275257923855,-3.319596519951543,
train/id00017/7t6lfzvVaTM/00010/fake_video_fake_audio.wav,AVDeepfake1M_local/wavs_subset_600/train/id00017/7t6lfzvVaTM/00010/fake_video_fake_audio.wav,AVDeepfake1M_local/direct_wavs_subset_600/train/id00017/7t6lfzvVaTM/00010/fake_video_fake_audio.wav,16000,81896,24,1.5,0.041179731075213236,0.9915014164305949,74.40193214360625,-4.995210219055728,17.890275138570097,56.5116570050358,-4.995210020270069,17.890275134901362,56.51165440679048,9,-4.707594919828784,-4.896239465616864,1.04020357111599,-6.332692850718244,-2.820941678542304,
train/id00017/7t6lfzvVaTM/00010/real.wav,AVDeepfake1M_local/wavs_subset_600/train/id00017/7t6lfzvVaTM/00010/real.wav,AVDeepfake1M_local/direct_wavs_subset_600/train/id00017/7t6lfzvVaTM/00010/real.wav,16000,80872,24,1.5,0.04197719416030409,0.9921851815214165,74.07094369456172,-4.8359911991349005,18.31135370901515,55.759589985546214,-4.835991199134901,18.311353709015147,55.759589985546214,9,-4.51978375271003,-4.6720573721100935,1.0685943686124686,-6.132291175200644,-2.544000962030395,
train/id00017/7t6lfzvVaTM/00010/real_video_fake_audio.wav,AVDeepfake1M_local/wavs_subset_600/train/id00017/7t6lfzvVaTM/00010/real_video_fake_audio.wav,AVDeepfake1M_local/direct_wavs_subset_600/train/id00017/7t6lfzvVaTM/00010/real_video_fake_audio.wav,16000,81896,24,1.5,0.041179731075213236,0.9915014164305949,74.40193214360625,-4.995210219055728,17.890275138570097,56.5116570050358,-4.995210020270069,17.890275134901362,56.51165440679048,9,-4.707594919828784,-4.896239465616864,1.04020357111599,-6.332692850718244,-2.820941678542304,
train/id00017/8_a6O3vdlU0/00013/fake_video_fake_audio.wav,AVDeepfake1M_local/wavs_subset_600/train/id00017/8_a6O3vdlU0/00013/fake_video_fake_audio.wav,AVDeepfake1M_local/direct_wavs_subset_600/train/id00017/8_a6O3vdlU0/00013/fake_video_fake_audio.wav,16000,79617,255,15.9375,0.035052758312298885,0.9897383724581433,188.20493466593325,-10.456891670440875,15.542100019948148,172.66283464598484,-10.456891670972777,15.542100017856345,172.66283464389306,8,-10.024193917050614,-10.256254055825105,0.82730565496723,-10.868460545106766,-7.976242770262742,
train/id00017/8_a6O3vdlU0/00013/real.wav,AVDeepfake1M_local/wavs_subset_600/train/id00017/8_a6O3vdlU0/00013/real.wav,AVDeepfake1M_local/direct_wavs_subset_600/train/id00017/8_a6O3vdlU0/00013/real.wav,16000,80843,53,3.3125,0.036148237622990756,0.9925410981779499,194.1140999989584,-10.226392634004428,16.828103321855536,177.28599667710262,-10.226392634004428,16.828103321855533,177.28599667710262,9,-9.877338142708517,-10.33837247983962,0.9853332982998055,-10.78200186427508,-7.737236687832834,
train/id00017/8_a6O3vdlU0/00013/real_video_fake_audio.wav,AVDeepfake1M_local/wavs_subset_600/train/id00017/8_a6O3vdlU0/00013/real_video_fake_audio.wav,AVDeepfake1M_local/direct_wavs_subset_600/train/id00017/8_a6O3vdlU0/00013/real_video_fake_audio.wav,16000,79617,255,15.9375,0.035052758312298885,0.9897383724581433,188.20493466593325,-10.456891670440875,15.542100019948148,172.66283464598484,-10.456891670972777,15.542100017856345,172.66283464389306,8,-10.024193917050614,-10.256254055825105,0.82730565496723,-10.868460545106766,-7.976242770262742,
train/id00017/8_a6O3vdlU0/00015/fake_video_fake_audio.wav,AVDeepfake1M_local/wavs_subset_600/train/id00017/8_a6O3vdlU0/00015/fake_video_fake_audio.wav,AVDeepfake1M_local/direct_wavs_subset_600/train/id00017/8_a6O3vdlU0/00015/fake_video_fake_audio.wav,16000,89069,19,1.1875,0.07645951820118718,0.9754235480357925,260.8855047253892,-1.6347170305362082,106.17874488769466,154.70675983769337,-1.6347056523924763,106.17872963174385,154.7063322912702,10,-1.2140780125628088,-1.3431490218860864,0.7766763705786086,-2.724309361297725,-0.0018076669803178788,
train/id00017/8_a6O3vdlU0/00015/real.wav,AVDeepfake1M_local/wavs_subset_600/train/id00017/8_a6O3vdlU0/00015/real.wav,AVDeepfake1M_local/direct_wavs_subset_600/train/id00017/8_a6O3vdlU0/00015/real.wav,16000,89070,18,1.125,0.07448152126795413,0.9709217469406085,299.8984523797408,-2.168470338535283,113.27258397246048,186.6258684072792,-2.1683985651497197,113.27252883655412,186.62269333347348,10,-1.6342256796668628,-1.8741153923384313,0.8466185166853853,-3.20450566175122,-0.10131512691019154,
train/id00017/8_a6O3vdlU0/00015/real_video_fake_audio.wav,AVDeepfake1M_local/wavs_subset_600/train/id00017/8_a6O3vdlU0/00015/real_video_fake_audio.wav,AVDeepfake1M_local/direct_wavs_subset_600/train/id00017/8_a6O3vdlU0/00015/real_video_fake_audio.wav,16000,89069,19,1.1875,0.07645951820118718,0.9754235480357925,260.8855047253892,-1.6347170305362082,106.17874488769466,154.70675983769337,-1.6347056523924763,106.17872963174385,154.7063322912702,10,-1.2140780125628088,-1.3431490218860864,0.7766763705786086,-2.724309361297725,-0.0018076669803178788,
train/id00017/8_a6O3vdlU0/00018/fake_video_fake_audio.wav,AVDeepfake1M_local/wavs_subset_600/train/id00017/8_a6O3vdlU0/00018/fake_video_fake_audio.wav,AVDeepfake1M_local/direct_wavs_subset_600/train/id00017/8_a6O3vdlU0/00018/fake_video_fake_audio.wav,16000,82925,-19,-1.1875,0.05427511908106794,0.9869158878504672,432.79110905341804,-7.994965281319006,59.26807955938396,373.5230294940335,-7.994962369038204,59.268077044085246,373.52276316593833,9,-8.666114155531604,-7.573722268881614,2.2119414909846817,-13.87016781074243,-6.388616973752659,
train/id00017/8_a6O3vdlU0/00018/real.wav,AVDeepfake1M_local/wavs_subset_600/train/id00017/8_a6O3vdlU0/00018/real.wav,AVDeepfake1M_local/direct_wavs_subset_600/train/id00017/8_a6O3vdlU0/00018/real.wav,16000,80876,20,1.25,0.06143513211560627,0.9960927840150353,464.6857131868601,-6.83363673580198,79.7947077652384,384.89100542162095,-6.833635037146941,79.79470641719578,384.89084837701535,9,-6.770452777012115,-6.867536023748372,0.3967294563671462,-7.239738545517714,-6.0899130786687685,
train/id00017/8_a6O3vdlU0/00018/real_video_fake_audio.wav,AVDeepfake1M_local/wavs_subset_600/train/id00017/8_a6O3vdlU0/00018/real_video_fake_audio.wav,AVDeepfake1M_local/direct_wavs_subset_600/train/id00017/8_a6O3vdlU0/00018/real_video_fake_audio.wav,16000,82925,-19,-1.1875,0.05427511908106794,0.9869158878504672,432.79110905341804,-7.994965281319006,59.26807955938396,373.5230294940335,-7.994962369038204,59.268077044085246,373.52276316593833,9,-8.666114155531604,-7.573722268881614,2.2119414909846817,-13.87016781074243,-6.388616973752659,
train/id00017/8_a6O3vdlU0/00020/fake_video_fake_audio.wav,AVDeepfake1M_local/wavs_subset_600/train/id00017/8_a6O3vdlU0/00020/fake_video_fake_audio.wav,AVDeepfake1M_local/direct_wavs_subset_600/train/id00017/8_a6O3vdlU0/00020/fake_video_fake_audio.wav,16000,84975,17,1.0625,0.05826809274298644,0.9442777287437482,224.28325834311545,-4.268607449342838,61.076832808244234,163.20642553487053,-4.268536690547825,61.07680562387751,163.20369382498276,9,-3.7012411012992166,-3.6883518155559365,1.3194743344177269,-6.14015364734724,-1.0256762704981384,
train/id00017/8_a6O3vdlU0/00020/real.wav,AVDeepfake1M_local/wavs_subset_600/train/id00017/8_a6O3vdlU0/00020/real.wav,AVDeepfake1M_local/direct_wavs_subset_600/train/id00017/8_a6O3vdlU0/00020/real.wav,16000,87023,17,1.0625,0.057570978492760674,0.9569883823816692,228.78581237234175,-4.29076757594262,62.0719048610443,166.7139075112968,-4.290696961956208,62.07187766853137,166.7111238203651,9,-3.91394682252307,-3.479023590091747,1.0176982468243712,-6.169181207129838,-2.9209637486033073,
train/id00017/8_a6O3vdlU0/00020/real_video_fake_audio.wav,AVDeepfake1M_local/wavs_subset_600/train/id00017/8_a6O3vdlU0/00020/real_video_fake_audio.wav,AVDeepfake1M_local/direct_wavs_subset_600/train/id00017/8_a6O3vdlU0/00020/real_video_fake_audio.wav,16000,84975,17,1.0625,0.05826809274298644,0.9442777287437482,224.28325834311545,-4.268607449342838,61.076832808244234,163.20642553487053,-4.268536690547825,61.07680562387751,163.20369382498276,9,-3.7012411012992166,-3.6883518155559365,1.3194743344177269,-6.14015364734724,-1.0256762704981384,
train/id00017/8_a6O3vdlU0/00021/fake_video_fake_audio.wav,AVDeepfake1M_local/wavs_subset_600/train/id00017/8_a6O3vdlU0/00021/fake_video_fake_audio.wav,AVDeepfake1M_local/direct_wavs_subset_600/train/id00017/8_a6O3vdlU0/00021/fake_video_fake_audio.wav,16000,107504,16,1.0,0.06747578967930334,0.9949397231730912,394.2455065585673,-5.763453555625664,82.65044713451555,311.5950594240508,-5.763453549292188,82.65044710439673,311.59505885609144,12,-5.78467930803244,-5.765980474681319,0.9936365143092224,-7.751072029043136,-4.294174025774801,
train/id00017/8_a6O3vdlU0/00021/real.wav,AVDeepfake1M_local/wavs_subset_600/train/id00017/8_a6O3vdlU0/00021/real.wav,AVDeepfake1M_local/direct_wavs_subset_600/train/id00017/8_a6O3vdlU0/00021/real.wav,16000,107504,16,1.0,0.06629150273562603,0.9964280398868879,399.12884960882366,-6.441285177269059,73.81907446305019,325.3097751457726,-6.4412851727327105,73.8190744397624,325.30977470335006,12,-6.646242803696555,-6.225739209121421,1.0483555980531662,-8.279071502816194,-5.135437725715878,
train/id00017/8_a6O3vdlU0/00021/real_video_fake_audio.wav,AVDeepfake1M_local/wavs_subset_600/train/id00017/8_a6O3vdlU0/00021/real_video_fake_audio.wav,AVDeepfake1M_local/direct_wavs_subset_600/train/id00017/8_a6O3vdlU0/00021/real_video_fake_audio.wav,16000,107504,16,1.0,0.06747578967930334,0.9949397231730912,394.2455065585673,-5.763453555625664,82.65044713451555,311.5950594240508,-5.763453549292188,82.65044710439673,311.59505885609144,12,-5.78467930803244,-5.765980474681319,0.9936365143092224,-7.751072029043136,-4.294174025774801,
train/id00017/ABlWCST1MPY/00022/real.wav,AVDeepfake1M_local/wavs_subset_600/train/id00017/ABlWCST1MPY/00022/real.wav,AVDeepfake1M_local/direct_wavs_subset_600/train/id00017/ABlWCST1MPY/00022/real.wav,16000,82894,50,3.125,0.0210917289255493,0.9988660216662243,15.807910153642297,-11.200612708605641,1.1144552954488516,14.693454858193356,-11.200611557370546,1.1144552622324464,14.693450525289052,9,-11.562549621203027,-11.157198605604435,1.3025736117224707,-14.999464179303663,-10.441121194718583,
train/id00017/ABlWCST1MPY/00022/real_video_fake_audio.wav,AVDeepfake1M_local/wavs_subset_600/train/id00017/ABlWCST1MPY/00022/real_video_fake_audio.wav,AVDeepfake1M_local/direct_wavs_subset_600/train/id00017/ABlWCST1MPY/00022/real_video_fake_audio.wav,16000,88014,50,3.125,0.020777371456036677,0.9862067398368441,15.857714557088912,-11.591400402365903,1.027999196143343,14.829715360945482,-11.591397680827399,1.0279991860249211,14.829705921831248,10,-11.902487753544797,-11.588749518025452,1.157873245789974,-14.794103990191827,-10.729155849239707,
train/id00017/ABlWCST1MPY/00023/fake_video_fake_audio.wav,AVDeepfake1M_local/wavs_subset_600/train/id00017/ABlWCST1MPY/00023/fake_video_fake_audio.wav,AVDeepfake1M_local/direct_wavs_subset_600/train/id00017/ABlWCST1MPY/00023/fake_video_fake_audio.wav,16000,98291,-13,-0.8125,0.019599604101313096,0.9937837645359189,17.40091070625931,-10.993692957973934,1.2822143097691903,16.118696396490044,-10.993692957973934,1.28221430976919,16.11869639649004,11,-11.417187576848532,-11.340659138534072,1.0316519177200132,-13.155610323299186,-10.140414418214778,
train/id00017/ABlWCST1MPY/00023/real.wav,AVDeepfake1M_local/wavs_subset_600/train/id00017/ABlWCST1MPY/00023/real.wav,AVDeepfake1M_local/direct_wavs_subset_600/train/id00017/ABlWCST1MPY/00023/real.wav,16000,97269,11,0.6875,0.022301416149524415,0.9960007813383503,17.763873299583793,-10.086807816490122,1.5857920308456661,16.178081268738026,-10.08680781649012,1.5857920308456663,16.178081268738026,11,-10.516849332220444,-10.264331632531121,1.6660451652724453,-14.214555729605836,-8.21394248759647,
train/id00017/ABlWCST1MPY/00023/real_video_fake_audio.wav,AVDeepfake1M_local/wavs_subset_600/train/id00017/ABlWCST1MPY/00023/real_video_fake_audio.wav,AVDeepfake1M_local/direct_wavs_subset_600/train/id00017/ABlWCST1MPY/00023/real_video_fake_audio.wav,16000,98291,-13,-0.8125,0.019599604101313096,0.9937837645359189,17.40091070625931,-10.993692957973934,1.2822143097691903,16.118696396490044,-10.993692957973934,1.28221430976919,16.11869639649004,11,-11.417187576848532,-11.340659138534072,1.0316519177200132,-13.155610323299186,-10.140414418214778,
train/id00017/ABlWCST1MPY/00024/fake_video_fake_audio.wav,AVDeepfake1M_local/wavs_subset_600/train/id00017/ABlWCST1MPY/00024/fake_video_fake_audio.wav,AVDeepfake1M_local/direct_wavs_subset_600/train/id00017/ABlWCST1MPY/00024/fake_video_fake_audio.wav,16000,282612,12,0.75,0.018481691557151333,0.9955698979519624,45.69250498805195,-11.923785365925772,2.7570075908747382,42.935497397177144,-11.923783199086007,2.7570073541427793,42.9354722885553,34,-12.601334888897416,-12.201903595876928,3.2817559020333844,-29.85873927320602,-9.889820681838922,
train/id00017/ABlWCST1MPY/00024/real.wav,AVDeepfake1M_local/wavs_subset_600/train/id00017/ABlWCST1MPY/00024/real.wav,AVDeepfake1M_local/direct_wavs_subset_600/train/id00017/ABlWCST1MPY/00024/real.wav,16000,279540,12,0.75,0.019563146061499944,0.999069900550905,46.68730826303363,-11.453136911247494,3.1179387817212265,43.56936948131232,-11.453136558694501,3.117938715497103,43.569365019023145,33,-11.769716616526509,-11.688988361317188,1.4615245719147856,-15.963016492469414,-9.5576979733641,
train/id00017/ABlWCST1MPY/00024/real_video_fake_audio.wav,AVDeepfake1M_local/wavs_subset_600/train/id00017/ABlWCST1MPY/00024/real_video_fake_audio.wav,AVDeepfake1M_local/direct_wavs_subset_600/train/id00017/ABlWCST1MPY/00024/real_video_fake_audio.wav,16000,282612,12,0.75,0.018481691557151333,0.9955698979519624,45.69250498805195,-11.923785365925772,2.7570075908747382,42.935497397177144,-11.923783199086007,2.7570073541427793,42.9354722885553,34,-12.601334888897416,-12.201903595876928,3.2817559020333844,-29.85873927320602,-9.889820681838922,
train/id00017/AXAl9BX9-sQ/00025/fake_video_fake_audio.wav,AVDeepfake1M_local/wavs_subset_600/train/id00017/AXAl9BX9-sQ/00025/fake_video_fake_audio.wav,AVDeepfake1M_local/direct_wavs_subset_600/train/id00017/AXAl9BX9-sQ/00025/fake_video_fake_audio.wav,16000,116721,15,0.9375,0.04711514007249017,0.9931374816871,98.95762319583446,-2.406673294429913,36.1096852817831,62.8479379140509,-2.406663619952882,36.10964455216235,62.8477270235598,13,-2.229298047654547,-1.9843226241532834,0.8374952209760252,-3.3726828383392915,-0.4293821889967792,
train/id00017/AXAl9BX9-sQ/00025/real.wav,AVDeepfake1M_local/wavs_subset_600/train/id00017/AXAl9BX9-sQ/00025/real.wav,AVDeepfake1M_local/direct_wavs_subset_600/train/id00017/AXAl9BX9-sQ/00025/real.wav,16000,115697,15,0.9375,0.04670827157594165,0.9977786805189417,101.42605175077915,-2.3649631313021664,37.236455317783324,64.1895964329954,-2.364963041883762,37.23643936448114,64.18956761047414,13,-2.1811974273840393,-1.9746647426916473,0.779559609629706,-3.429077827643731,-0.46471830601788344,
train/id00017/AXAl9BX9-sQ/00025/real_video_fake_audio.wav,AVDeepfake1M_local/wavs_subset_600/train/id00017/AXAl9BX9-sQ/00025/real_video_fake_audio.wav,AVDeepfake1M_local/direct_wavs_subset_600/train/id00017/AXAl9BX9-sQ/00025/real_video_fake_audio.wav,16000,116721,15,0.9375,0.04711514007249017,0.9931374816871,98.95762319583446,-2.406673294429913,36.1096852817831,62.8479379140509,-2.406663619952882,36.10964455216235,62.8477270235598,13,-2.229298047654547,-1.9843226241532834,0.8374952209760252,-3.3726828383392915,-0.4293821889967792,
train/id00017/AXAl9BX9-sQ/00026/fake_video_fake_audio.wav,AVDeepfake1M_local/wavs_subset_600/train/id00017/AXAl9BX9-sQ/00026/fake_video_fake_audio.wav,AVDeepfake1M_local/direct_wavs_subset_600/train/id00017/AXAl9BX9-sQ/00026/fake_video_fake_audio.wav,16000,110578,14,0.875,0.045477355774673926,0.9962198629022048,75.1239898763597,-2.4166009702150975,27.372995372282816,47.75099450407647,-2.4166009240010107,27.372995346532093,47.75099395102822,12,-2.268609607824423,-2.2239319414435954,0.5622185274321446,-3.1975210747742238,-1.3310436423234457,
train/id00017/AXAl9BX9-sQ/00026/real.wav,AVDeepfake1M_local/wavs_subset_600/train/id00017/AXAl9BX9-sQ/00026/real.wav,AVDeepfake1M_local/direct_wavs_subset_600/train/id00017/AXAl9BX9-sQ/00026/real.wav,16000,109554,14,0.875,0.04623406998290773,0.9996896507658324,78.35452282428741,-2.2988434758222724,29.043950824684085,49.3105719996029,-2.2988431959030367,29.043950723992168,49.31056865039609,12,-2.168509177026159,-2.1024276861427484,0.5011951723691473,-3.0013231283383908,-1.4144385343384334,
train/id00017/AXAl9BX9-sQ/00026/real_video_fake_audio.wav,AVDeepfake1M_local/wavs_subset_600/train/id00017/AXAl9BX9-sQ/00026/real_video_fake_audio.wav,AVDeepfake1M_local/direct_wavs_subset_600/train/id00017/AXAl9BX9-sQ/00026/real_video_fake_audio.wav,16000,110578,14,0.875,0.045477355774673926,0.9962198629022048,75.1239898763597,-2.4166009702150975,27.372995372282816,47.75099450407647,-2.4166009240010107,27.372995346532093,47.75099395102822,12,-2.268609607824423,-2.2239319414435954,0.5622185274321446,-3.1975210747742238,-1.3310436423234457,
train/id00017/E6aqL_Nc410/00028/fake_video_fake_audio.wav,AVDeepfake1M_local/wavs_subset_600/train/id00017/E6aqL_Nc410/00028/fake_video_fake_audio.wav,AVDeepfake1M_local/direct_wavs_subset_600/train/id00017/E6aqL_Nc410/00028/fake_video_fake_audio.wav,16000,83950,-18,-1.125,0.022203688880254924,0.9882072662298987,15.762560177594423,-9.542685183767308,1.5761710610719555,14.186389116522369,-9.54265773337696,1.5761710109130567,14.18629899764095,9,-9.743432382136534,-9.31889869252938,1.2448037009226263,-12.500022994124336,-8.318602523860456,
train/id00017/E6aqL_Nc410/00028/real.wav,AVDeepfake1M_local/wavs_subset_600/train/id00017/E6aqL_Nc410/00028/real.wav,AVDeepfake1M_local/direct_wavs_subset_600/train/id00017/E6aqL_Nc410/00028/real.wav,16000,81903,-17,-1.0625,0.021802023588434177,0.9914166758238404,17.67256232816726,-9.592563109383908,1.7489786335030904,15.923583694664073,-9.59124803334113,1.7474326476540578,15.904691471374957,9,-9.518161376559403,-9.761264510160649,0.8770056652946493,-10.601091897839911,-7.6993597646388965,
train/id00017/E6aqL_Nc410/00028/real_video_fake_audio.wav,AVDeepfake1M_local/wavs_subset_600/train/id00017/E6aqL_Nc410/00028/real_video_fake_audio.wav,AVDeepfake1M_local/direct_wavs_subset_600/train/id00017/E6aqL_Nc410/00028/real_video_fake_audio.wav,16000,83950,-18,-1.125,0.022203688880254924,0.9882072662298987,15.762560177594423,-9.542685183767308,1.5761710610719555,14.186389116522369,-9.54265773337696,1.5761710109130567,14.18629899764095,9,-9.743432382136534,-9.31889869252938,1.2448037009226263,-12.500022994124336,-8.318602523860456,
train/id00017/KtadqxztRBk/00031/real.wav,AVDeepfake1M_local/wavs_subset_600/train/id00017/KtadqxztRBk/00031/real.wav,AVDeepfake1M_local/direct_wavs_subset_600/train/id00017/KtadqxztRBk/00031/real.wav,16000,147437,19,1.1875,0.02243949228746205,0.9989351383980954,62.067313306964934,-9.401581157087545,6.39025469332661,55.67705861363822,-9.401589175990715,6.390239202914956,55.67702645178308,17,-9.362581916125919,-9.308411591859972,0.4839145913938354,-10.301153411986535,-8.478921519277948,
train/id00017/KtadqxztRBk/00031/real_video_fake_audio.wav,AVDeepfake1M_local/wavs_subset_600/train/id00017/KtadqxztRBk/00031/real_video_fake_audio.wav,AVDeepfake1M_local/direct_wavs_subset_600/train/id00017/KtadqxztRBk/00031/real_video_fake_audio.wav,16000,147436,20,1.25,0.02381315943701236,0.9940584389158685,60.34035344235599,-8.816263518905219,7.0047246416473214,53.33562880070855,-8.816266527918074,7.004703719001178,53.33550644427261,17,-8.722957661506706,-8.524492353838918,0.5455671993273636,-9.76409471584245,-7.859025399771008,
train/id00017/M6PYYNz3pac/00032/fake_video_fake_audio.wav,AVDeepfake1M_local/wavs_subset_600/train/id00017/M6PYYNz3pac/00032/fake_video_fake_audio.wav,AVDeepfake1M_local/direct_wavs_subset_600/train/id00017/M6PYYNz3pac/00032/fake_video_fake_audio.wav,16000,489455,17,1.0625,0.044746301680834426,0.9877108212195197,669.6915482813492,-5.6224780669878065,144.03141677249133,525.6601315088575,-5.622454666722416,144.03136085381468,525.6570951208621,60,-5.245175558259393,-5.2913070680293455,1.2149086038267776,-7.702384096917999,-2.7296594388175595,
train/id00017/M6PYYNz3pac/00032/real.wav,AVDeepfake1M_local/wavs_subset_600/train/id00017/M6PYYNz3pac/00032/real.wav,AVDeepfake1M_local/direct_wavs_subset_600/train/id00017/M6PYYNz3pac/00032/real.wav,16000,484335,17,1.0625,0.04491963882937624,0.9895630090742977,671.410377475433,-5.452472251643514,148.8874591733806,522.5229183020521,-5.4524429699084465,148.88737832649812,522.5191115402635,59,-5.04798017315694,-4.801235702263263,1.2509358874751373,-7.65757518826579,-2.9741137354961693,
train/id00017/M6PYYNz3pac/00032/real_video_fake_audio.wav,AVDeepfake1M_local/wavs_subset_600/train/id00017/M6PYYNz3pac/00032/real_video_fake_audio.wav,AVDeepfake1M_local/direct_wavs_subset_600/train/id00017/M6PYYNz3pac/00032/real_video_fake_audio.wav,16000,489455,17,1.0625,0.044746301680834426,0.9877108212195197,669.6915482813492,-5.6224780669878065,144.03141677249133,525.6601315088575,-5.622454666722416,144.03136085381468,525.6570951208621,60,-5.245175558259393,-5.2913070680293455,1.2149086038267776,-7.702384096917999,-2.7296594388175595,
train/id00017/M6PYYNz3pac/00033/fake_video_fake_audio.wav,AVDeepfake1M_local/wavs_subset_600/train/id00017/M6PYYNz3pac/00033/fake_video_fake_audio.wav,AVDeepfake1M_local/direct_wavs_subset_600/train/id00017/M6PYYNz3pac/00033/fake_video_fake_audio.wav,16000,129008,16,1.0,0.035292844335277976,0.9810244325933275,111.71271234098822,-9.728348094016638,10.748159816421932,100.96455252456603,-9.72832122815327,10.747973300145523,100.96217589078535,15,-10.417939768441316,-10.003745861210959,2.023569692755677,-14.957239271484111,-7.874158477752101,
train/id00017/M6PYYNz3pac/00033/real.wav,AVDeepfake1M_local/wavs_subset_600/train/id00017/M6PYYNz3pac/00033/real.wav,AVDeepfake1M_local/direct_wavs_subset_600/train/id00017/M6PYYNz3pac/00033/real.wav,16000,127984,16,1.0,0.03522859592133351,0.9857482185273159,111.94107045046985,-9.62360574626978,11.00718845763489,100.93388199283471,-9.623618292065233,11.006912811446995,100.93164593679346,14,-10.00403968104635,-10.420490540277267,1.3820642206241935,-11.81100290175612,-7.495642813793218,
train/id00017/M6PYYNz3pac/00033/real_video_fake_audio.wav,AVDeepfake1M_local/wavs_subset_600/train/id00017/M6PYYNz3pac/00033/real_video_fake_audio.wav,AVDeepfake1M_local/direct_wavs_subset_600/train/id00017/M6PYYNz3pac/00033/real_video_fake_audio.wav,16000,129008,16,1.0,0.035292844335277976,0.9810244325933275,111.71271234098822,-9.728348094016638,10.748159816421932,100.96455252456603,-9.72832122815327,10.747973300145523,100.96217589078535,15,-10.417939768441316,-10.003745861210959,2.023569692755677,-14.957239271484111,-7.874158477752101,
train/id00017/MuKhvYeekXU/00034/fake_video_fake_audio.wav,AVDeepfake1M_local/wavs_subset_600/train/id00017/MuKhvYeekXU/00034/fake_video_fake_audio.wav,AVDeepfake1M_local/direct_wavs_subset_600/train/id00017/MuKhvYeekXU/00034/fake_video_fake_audio.wav,16000,121841,15,0.9375,0.04322718468000739,0.9934258582907232,339.9401812143624,-6.413222272170362,63.203899537561675,276.73628167680033,-6.413217683137389,63.2038909667937,276.73595173292074,14,-6.3457073548649205,-6.13479502768643,1.0230903355463044,-7.946649028963933,-4.197665389209169,
train/id00017/MuKhvYeekXU/00034/real_video_fake_audio.wav,AVDeepfake1M_local/wavs_subset_600/train/id00017/MuKhvYeekXU/00034/real_video_fake_audio.wav,AVDeepfake1M_local/direct_wavs_subset_600/train/id00017/MuKhvYeekXU/00034/real_video_fake_audio.wav,16000,121841,15,0.9375,0.04322718468000739,0.9934258582907232,339.9401812143624,-6.413222272170362,63.203899537561675,276.73628167680033,-6.413217683137389,63.2038909667937,276.73595173292074,14,-6.3457073548649205,-6.13479502768643,1.0230903355463044,-7.946649028963933,-4.197665389209169,
train/id00017/MuKhvYeekXU/00035/real.wav,AVDeepfake1M_local/wavs_subset_600/train/id00017/MuKhvYeekXU/00035/real.wav,AVDeepfake1M_local/direct_wavs_subset_600/train/id00017/MuKhvYeekXU/00035/real.wav,16000,89072,16,1.0,0.03940594747257194,0.9996407400754446,252.32485267985612,-6.725706742552022,44.22779311071233,208.09705956914348,-6.725706657330919,44.227793044633266,208.09705517476914,10,-6.751896375042489,-6.948782702856764,0.6809423092271556,-7.648740978064881,-5.273140263978712,
train/id00017/MuKhvYeekXU/00035/real_video_fake_audio.wav,AVDeepfake1M_local/wavs_subset_600/train/id00017/MuKhvYeekXU/00035/real_video_fake_audio.wav,AVDeepfake1M_local/direct_wavs_subset_600/train/id00017/MuKhvYeekXU/00035/real_video_fake_audio.wav,16000,89072,16,1.0,0.040231160590972405,0.9978444404526675,247.78628314007074,-6.463870339088188,45.63426392223174,202.15201921783867,-6.46387022682529,45.63426383979717,202.15201362714154,10,-6.460324693756698,-6.649894534838827,0.626399514150156,-7.109183640854123,-5.088785776932453,
train/id00017/Nd3m-TBtp6A/00038/fake_video_fake_audio.wav,AVDeepfake1M_local/wavs_subset_600/train/id00017/Nd3m-TBtp6A/00038/fake_video_fake_audio.wav,AVDeepfake1M_local/direct_wavs_subset_600/train/id00017/Nd3m-TBtp6A/00038/fake_video_fake_audio.wav,16000,91706,454,28.375,0.05170371514370066,0.9970994264279327,48.17308306787163,-9.857721001093116,4.511560411868568,43.661522656002525,-9.85772143595612,4.511559843437148,43.661521526762016,10,-10.06455235833143,-9.953959960748755,2.52387313391488,-13.131964796052989,-6.3455743898259565,
train/id00017/Nd3m-TBtp6A/00038/real.wav,AVDeepfake1M_local/wavs_subset_600/train/id00017/Nd3m-TBtp6A/00038/real.wav,AVDeepfake1M_local/direct_wavs_subset_600/train/id00017/Nd3m-TBtp6A/00038/real.wav,16000,90681,455,28.4375,0.05446292873691558,0.9995478655947773,48.704803868196905,-10.198756034742036,4.246911996684868,44.45789187151144,-10.19875661118923,4.246911121826329,44.45788861421994,10,-10.429124008140565,-10.57193278619979,2.1858712992381046,-13.188478739125443,-7.542257124447406,
train/id00017/Nd3m-TBtp6A/00038/real_video_fake_audio.wav,AVDeepfake1M_local/wavs_subset_600/train/id00017/Nd3m-TBtp6A/00038/real_video_fake_audio.wav,AVDeepfake1M_local/direct_wavs_subset_600/train/id00017/Nd3m-TBtp6A/00038/real_video_fake_audio.wav,16000,91706,454,28.375,0.05170371514370066,0.9970994264279327,48.17308306787163,-9.857721001093116,4.511560411868568,43.661522656002525,-9.85772143595612,4.511559843437148,43.661521526762016,10,-10.06455235833143,-9.953959960748755,2.52387313391488,-13.131964796052989,-6.3455743898259565,
train/id00017/OLguY5ofUrY/00039/fake_video_fake_audio.wav,AVDeepfake1M_local/wavs_subset_600/train/id00017/OLguY5ofUrY/00039/fake_video_fake_audio.wav,AVDeepfake1M_local/direct_wavs_subset_600/train/id00017/OLguY5ofUrY/00039/fake_video_fake_audio.wav,16000,109551,-17,-1.0625,0.04379725971342035,0.9953355058374638,681.916538936086,-9.785209173271546,64.83663755243,617.0799013836556,-9.785208895417153,64.83663710729883,617.0798576673934,12,-9.848432285479637,-9.870777535134437,0.7710433920278295,-11.104420324996042,-8.345258022541191,
train/id00017/OLguY5ofUrY/00039/real.wav,AVDeepfake1M_local/wavs_subset_600/train/id00017/OLguY5ofUrY/00039/real.wav,AVDeepfake1M_local/direct_wavs_subset_600/train/id00017/OLguY5ofUrY/00039/real.wav,16000,105455,-17,-1.0625,0.04488201917489813,0.9975819069745389,676.8896737042814,-9.508523134012687,68.16600966637803,608.7236640379031,-9.508523043762377,68.16600524041459,608.7236118641459,12,-9.543662488583173,-9.427217708142077,0.8467028831341045,-11.666965309820776,-8.33887068850211,
train/id00017/OLguY5ofUrY/00039/real_video_fake_audio.wav,AVDeepfake1M_local/wavs_subset_600/train/id00017/OLguY5ofUrY/00039/real_video_fake_audio.wav,AVDeepfake1M_local/direct_wavs_subset_600/train/id00017/OLguY5ofUrY/00039/real_video_fake_audio.wav,16000,109551,-17,-1.0625,0.04379725971342035,0.9953355058374638,681.916538936086,-9.785209173271546,64.83663755243,617.0799013836556,-9.785208895417153,64.83663710729883,617.0798576673934,12,-9.848432285479637,-9.870777535134437,0.7710433920278295,-11.104420324996042,-8.345258022541191,
train/id00017/OLguY5ofUrY/00041/fake_video_fake_audio.wav,AVDeepfake1M_local/wavs_subset_600/train/id00017/OLguY5ofUrY/00041/fake_video_fake_audio.wav,AVDeepfake1M_local/direct_wavs_subset_600/train/id00017/OLguY5ofUrY/00041/fake_video_fake_audio.wav,16000,95216,-16,-1.0,0.04359642875598313,0.988909426987061,566.1558165438473,-9.831377418765372,53.314491540613616,512.8413250032334,-9.831377418765372,53.31449154061361,512.8413250032334,10,-9.98870370282816,-9.958995288833645,0.44421502858189904,-10.861839181750296,-9.32699577038902,
train/id00017/OLguY5ofUrY/00041/real.wav,AVDeepfake1M_local/wavs_subset_600/train/id00017/OLguY5ofUrY/00041/real.wav,AVDeepfake1M_local/direct_wavs_subset_600/train/id00017/OLguY5ofUrY/00041/real.wav,16000,89072,-16,-1.0,0.04523199074672004,0.9942518412071133,546.9308820767328,-9.650806542860561,53.4768755573827,493.4540065193497,-9.650806542860561,53.476875557382705,493.4540065193496,10,-9.813678568615433,-9.728246474714597,0.8973805504475288,-11.656711126608277,-8.295157086601954,
train/id00017/OLguY5ofUrY/00041/real_video_fake_audio.wav,AVDeepfake1M_local/wavs_subset_600/train/id00017/OLguY5ofUrY/00041/real_video_fake_audio.wav,AVDeepfake1M_local/direct_wavs_subset_600/train/id00017/OLguY5ofUrY/00041/real_video_fake_audio.wav,16000,95216,-16,-1.0,0.04359642875598313,0.988909426987061,566.1558165438473,-9.831377418765372,53.314491540613616,512.8413250032334,-9.831377418765372,53.31449154061361,512.8413250032334,10,-9.98870370282816,-9.958995288833645,0.44421502858189904,-10.861839181750296,-9.32699577038902,
train/id00017/OLguY5ofUrY/00043/fake_video_fake_audio.wav,AVDeepfake1M_local/wavs_subset_600/train/id00017/OLguY5ofUrY/00043/fake_video_fake_audio.wav,AVDeepfake1M_local/direct_wavs_subset_600/train/id00017/OLguY5ofUrY/00043/fake_video_fake_audio.wav,16000,188400,-16,-1.0,0.03849239055480746,0.9940552016985138,1102.7913855798542,-10.546603815411837,89.35826201951728,1013.4331235603368,-10.546603815399118,89.35826201813461,1013.4331235416876,22,-10.55962643462158,-10.47499106933238,0.5164129672689698,-11.70632537825568,-9.79344872301217,
train/id00017/OLguY5ofUrY/00043/real.wav,AVDeepfake1M_local/wavs_subset_600/train/id00017/OLguY5ofUrY/00043/real.wav,AVDeepfake1M_local/direct_wavs_subset_600/train/id00017/OLguY5ofUrY/00043/real.wav,16000,184304,-16,-1.0,0.04205739666749425,0.9979164858060595,1109.509915326722,-9.644587414009685,108.62401017127362,1000.885905155448,-9.644587414009685,108.62401017127362,1000.885905155448,22,-9.64290728246881,-9.53848092311707,0.49953810700981144,-10.677153982410397,-8.793502285595308,
train/id00017/OLguY5ofUrY/00043/real_video_fake_audio.wav,AVDeepfake1M_local/wavs_subset_600/train/id00017/OLguY5ofUrY/00043/real_video_fake_audio.wav,AVDeepfake1M_local/direct_wavs_subset_600/train/id00017/OLguY5ofUrY/00043/real_video_fake_audio.wav,16000,188400,-16,-1.0,0.03849239055480746,0.9940552016985138,1102.7913855798542,-10.546603815411837,89.35826201951728,1013.4331235603368,-10.546603815399118,89.35826201813461,1013.4331235416876,22,-10.55962643462158,-10.47499106933238,0.5164129672689698,-11.70632537825568,-9.79344872301217,
train/id00017/OLguY5ofUrY/00044/fake_video_fake_audio.wav,AVDeepfake1M_local/wavs_subset_600/train/id00017/OLguY5ofUrY/00044/fake_video_fake_audio.wav,AVDeepfake1M_local/direct_wavs_subset_600/train/id00017/OLguY5ofUrY/00044/fake_video_fake_audio.wav,16000,96238,-18,-1.125,0.05213626942395781,0.985057877345747,572.5542581463233,-7.74509394487257,82.38313720617765,490.17112094014504,-7.74509394487257,82.38313720617765,490.17112094014504,11,-7.7370483214579755,-7.296823342878142,0.9426388073757709,-9.380804671566581,-6.64735873432098,
train/id00017/OLguY5ofUrY/00044/real_video_fake_audio.wav,AVDeepfake1M_local/wavs_subset_600/train/id00017/OLguY5ofUrY/00044/real_video_fake_audio.wav,AVDeepfake1M_local/direct_wavs_subset_600/train/id00017/OLguY5ofUrY/00044/real_video_fake_audio.wav,16000,96238,-18,-1.125,0.05213626942395781,0.985057877345747,572.5542581463233,-7.74509394487257,82.38313720617765,490.17112094014504,-7.74509394487257,82.38313720617765,490.17112094014504,11,-7.7370483214579755,-7.296823342878142,0.9426388073757709,-9.380804671566581,-6.64735873432098,
train/id00017/OLguY5ofUrY/00046/fake_video_fake_audio.wav,AVDeepfake1M_local/wavs_subset_600/train/id00017/OLguY5ofUrY/00046/fake_video_fake_audio.wav,AVDeepfake1M_local/direct_wavs_subset_600/train/id00017/OLguY5ofUrY/00046/fake_video_fake_audio.wav,16000,112624,-16,-1.0,0.03710160246319203,0.9980110811194772,635.66569902841,-11.21237687801963,44.70163277336326,590.9640662550465,-11.212376907289007,44.70162692310355,590.9639928963188,13,-11.285122171307629,-11.234047802249272,0.38912092846561597,-12.10659458317073,-10.72519477296191,
train/id00017/OLguY5ofUrY/00046/real.wav,AVDeepfake1M_local/wavs_subset_600/train/id00017/OLguY5ofUrY/00046/real.wav,AVDeepfake1M_local/direct_wavs_subset_600/train/id00017/OLguY5ofUrY/00046/real.wav,16000,117717,-43,-2.6875,0.035522091144215694,0.9996856868591623,678.7627747794613,-11.607493098247465,43.849542684598916,634.9132320948622,-11.608675145886984,43.82909767084787,634.7899528333974,13,-11.70676403123245,-11.673486550713076,0.31246397366139084,-12.38228753404514,-11.276092201927884,
train/id00017/OLguY5ofUrY/00046/real_video_fake_audio.wav,AVDeepfake1M_local/wavs_subset_600/train/id00017/OLguY5ofUrY/00046/real_video_fake_audio.wav,AVDeepfake1M_local/direct_wavs_subset_600/train/id00017/OLguY5ofUrY/00046/real_video_fake_audio.wav,16000,112624,-16,-1.0,0.03710160246319203,0.9980110811194772,635.66569902841,-11.21237687801963,44.70163277336326,590.9640662550465,-11.212376907289007,44.70162692310355,590.9639928963188,13,-11.285122171307629,-11.234047802249272,0.38912092846561597,-12.10659458317073,-10.72519477296191,
train/id00017/OLguY5ofUrY/00047/fake_video_fake_audio.wav,AVDeepfake1M_local/wavs_subset_600/train/id00017/OLguY5ofUrY/00047/fake_video_fake_audio.wav,AVDeepfake1M_local/direct_wavs_subset_600/train/id00017/OLguY5ofUrY/00047/fake_video_fake_audio.wav,16000,103407,-17,-1.0625,0.048508137419486064,0.9879408550678387,612.5046974541619,-8.291102738166034,79.06353858343931,533.4411588707221,-8.291102068460571,79.06351739809348,533.4409336738687,11,-8.446927965505791,-8.16083057318833,1.075022688231192,-10.91723049665015,-7.228020059982805,
train/id00017/OLguY5ofUrY/00047/real.wav,AVDeepfake1M_local/wavs_subset_600/train/id00017/OLguY5ofUrY/00047/real.wav,AVDeepfake1M_local/direct_wavs_subset_600/train/id00017/OLguY5ofUrY/00047/real.wav,16000,103407,-17,-1.0625,0.04689148937407738,0.9987718432988095,619.9870809586719,-8.532625071515001,76.23253990086612,543.7545410578053,-8.532625058327131,76.23253852065913,543.7545295618336,11,-8.702177899826863,-8.300923368860975,1.0800778443333916,-11.172820085959447,-7.426212012073715,
train/id00017/OLguY5ofUrY/00047/real_video_fake_audio.wav,AVDeepfake1M_local/wavs_subset_600/train/id00017/OLguY5ofUrY/00047/real_video_fake_audio.wav,AVDeepfake1M_local/direct_wavs_subset_600/train/id00017/OLguY5ofUrY/00047/real_video_fake_audio.wav,16000,103407,-17,-1.0625,0.048508137419486064,0.9879408550678387,612.5046974541619,-8.291102738166034,79.06353858343931,533.4411588707221,-8.291102068460571,79.06351739809348,533.4409336738687,11,-8.446927965505791,-8.16083057318833,1.075022688231192,-10.91723049665015,-7.228020059982805,
train/id00017/OLguY5ofUrY/00049/real.wav,AVDeepfake1M_local/wavs_subset_600/train/id00017/OLguY5ofUrY/00049/real.wav,AVDeepfake1M_local/direct_wavs_subset_600/train/id00017/OLguY5ofUrY/00049/real.wav,16000,124886,-42,-2.625,0.03861132150635138,0.9999519561840399,847.3036784911528,-11.0143159454611,62.16086713293221,785.1428113582203,-11.014315938534684,62.16086710196568,785.14280971489,14,-11.025554794644176,-11.110126721534474,0.3862788064532949,-11.534023229829105,-10.25889091608187,
train/id00017/OLguY5ofUrY/00049/real_video_fake_audio.wav,AVDeepfake1M_local/wavs_subset_600/train/id00017/OLguY5ofUrY/00049/real_video_fake_audio.wav,AVDeepfake1M_local/direct_wavs_subset_600/train/id00017/OLguY5ofUrY/00049/real_video_fake_audio.wav,16000,125910,-42,-2.625,0.03899218308491056,0.9969025494400763,824.7972165057436,-10.818809695319695,63.08283273648401,761.7143837692593,-10.818809709139455,63.082830500406416,761.7143591928702,14,-10.855885100171934,-10.943282640086274,0.33540559667147596,-11.424488105296609,-10.206052434914499,
train/id00017/OLguY5ofUrY/00051/fake_video_fake_audio.wav,AVDeepfake1M_local/wavs_subset_600/train/id00017/OLguY5ofUrY/00051/fake_video_fake_audio.wav,AVDeepfake1M_local/direct_wavs_subset_600/train/id00017/OLguY5ofUrY/00051/fake_video_fake_audio.wav,16000,178068,108,6.75,0.0385284186808831,0.998719590268886,1046.845142269507,-11.053140542992114,76.16608049615718,970.6790617733495,-11.053141605824317,76.16605250094848,970.6789425460983,21,-11.103828613142245,-11.302072715029892,0.7759178587032547,-12.48254832271221,-9.852872916607847,
train/id00017/OLguY5ofUrY/00051/real.wav,AVDeepfake1M_local/wavs_subset_600/train/id00017/OLguY5ofUrY/00051/real.wav,AVDeepfake1M_local/direct_wavs_subset_600/train/id00017/OLguY5ofUrY/00051/real.wav,16000,171925,107,6.6875,0.042533754204281536,0.999040279191508,1048.4950379850343,-9.998366306059133,95.35033197410463,953.1447060109292,-9.998366330583856,95.35032868976693,953.1446785623375,20,-10.052031160605202,-9.955625523459247,0.6746411048585532,-12.19404626636293,-9.109416976850055,
train/id00017/OLguY5ofUrY/00051/real_video_fake_audio.wav,AVDeepfake1M_local/wavs_subset_600/train/id00017/OLguY5ofUrY/00051/real_video_fake_audio.wav,AVDeepfake1M_local/direct_wavs_subset_600/train/id00017/OLguY5ofUrY/00051/real_video_fake_audio.wav,16000,178068,108,6.75,0.0385284186808831,0.998719590268886,1046.845142269507,-11.053140542992114,76.16608049615718,970.6790617733495,-11.053141605824317,76.16605250094848,970.6789425460983,21,-11.103828613142245,-11.302072715029892,0.7759178587032547,-12.48254832271221,-9.852872916607847,
train/id00017/SFR_KWObD3o/00054/fake_video_fake_audio.wav,AVDeepfake1M_local/wavs_subset_600/train/id00017/SFR_KWObD3o/00054/fake_video_fake_audio.wav,AVDeepfake1M_local/direct_wavs_subset_600/train/id00017/SFR_KWObD3o/00054/fake_video_fake_audio.wav,16000,152559,-17,-1.0625,0.020640086470592053,0.9958114565512359,103.84678128641099,-11.046797616772805,7.565895127326707,96.2808861590842,-11.046797616361083,7.5658951272846515,96.28088614942135,18,-11.109125112368593,-11.06954225199444,0.353616423206102,-11.643525605813224,-10.471911503647398,
train/id00017/SFR_KWObD3o/00054/real.wav,AVDeepfake1M_local/wavs_subset_600/train/id00017/SFR_KWObD3o/00054/real.wav,AVDeepfake1M_local/direct_wavs_subset_600/train/id00017/SFR_KWObD3o/00054/real.wav,16000,145390,-18,-1.125,0.02050712677326369,0.9997936584359309,98.7905473895371,-11.120446348879216,7.085168371471226,91.70537901806578,-11.120448824854538,7.08516365802758,91.70537029314042,17,-11.157014471924143,-11.076282192207296,0.32850464049388284,-11.646073828975453,-10.582735772866272,
train/id00017/SFR_KWObD3o/00054/real_video_fake_audio.wav,AVDeepfake1M_local/wavs_subset_600/train/id00017/SFR_KWObD3o/00054/real_video_fake_audio.wav,AVDeepfake1M_local/direct_wavs_subset_600/train/id00017/SFR_KWObD3o/00054/real_video_fake_audio.wav,16000,152559,-17,-1.0625,0.020640086470592053,0.9958114565512359,103.84678128641099,-11.046797616772805,7.565895127326707,96.2808861590842,-11.046797616361083,7.5658951272846515,96.28088614942135,18,-11.109125112368593,-11.06954225199444,0.353616423206102,-11.643525605813224,-10.471911503647398,
train/id00017/U7PMtQkYWo8/00060/fake_video_fake_audio.wav,AVDeepfake1M_local/wavs_subset_600/train/id00017/U7PMtQkYWo8/00060/fake_video_fake_audio.wav,AVDeepfake1M_local/direct_wavs_subset_600/train/id00017/U7PMtQkYWo8/00060/fake_video_fake_audio.wav,16000,87024,16,1.0,0.05871271499926268,0.9900717043574186,126.62731007859111,-5.424729846784597,28.2198670201979,98.40744305839252,-5.424729772506488,28.21986701092294,98.40744134297027,9,-5.604662335014228,-5.7816646031185375,1.5554399113913357,-8.903805601983356,-3.684813754877652,
train/id00017/U7PMtQkYWo8/00060/real.wav,AVDeepfake1M_local/wavs_subset_600/train/id00017/U7PMtQkYWo8/00060/real.wav,AVDeepfake1M_local/direct_wavs_subset_600/train/id00017/U7PMtQkYWo8/00060/real.wav,16000,87024,16,1.0,0.06583689845994069,0.996506710792425,145.2863393360749,-4.530288374289803,37.85364018801877,107.43269914805524,-4.53024811714599,37.853631620096735,107.43167898344448,9,-4.763068315835556,-4.699377095973677,1.651857691234371,-8.718626863157567,-2.8579364727338414,
train/id00017/U7PMtQkYWo8/00060/real_video_fake_audio.wav,AVDeepfake1M_local/wavs_subset_600/train/id00017/U7PMtQkYWo8/00060/real_video_fake_audio.wav,AVDeepfake1M_local/direct_wavs_subset_600/train/id00017/U7PMtQkYWo8/00060/real_video_fake_audio.wav,16000,87024,16,1.0,0.05871271499926268,0.9900717043574186,126.62731007859111,-5.424729846784597,28.2198670201979,98.40744305839252,-5.424729772506488,28.21986701092294,98.40744134297027,9,-5.604662335014228,-5.7816646031185375,1.5554399113913357,-8.903805601983356,-3.684813754877652,
train/id00017/U7PMtQkYWo8/00064/fake_video_fake_audio.wav,AVDeepfake1M_local/wavs_subset_600/train/id00017/U7PMtQkYWo8/00064/fake_video_fake_audio.wav,AVDeepfake1M_local/direct_wavs_subset_600/train/id00017/U7PMtQkYWo8/00064/fake_video_fake_audio.wav,16000,110575,17,1.0625,0.06731503559910545,0.9882884919737734,245.02055427338928,-3.2885307984494094,78.22326123511095,166.79729303827747,-3.2885076808152336,78.22325096110586,166.79638326592968,12,-3.4730252147768894,-3.3985682434984117,1.4281031013962364,-7.6797620374308995,-2.0270416017815363,
train/id00017/U7PMtQkYWo8/00064/real.wav,AVDeepfake1M_local/wavs_subset_600/train/id00017/U7PMtQkYWo8/00064/real.wav,AVDeepfake1M_local/direct_wavs_subset_600/train/id00017/U7PMtQkYWo8/00064/real.wav,16000,110575,17,1.0625,0.06757770878323283,0.9919059461903685,262.6969433259219,-2.746428291480302,91.14773610135278,171.54920722456822,-2.7464119292343723,91.1477245865604,171.5485392342793,12,-3.060893719374814,-2.861390623826421,1.542580883042094,-7.634320056188538,-1.6241821235935507,
train/id00017/U7PMtQkYWo8/00064/real_video_fake_audio.wav,AVDeepfake1M_local/wavs_subset_600/train/id00017/U7PMtQkYWo8/00064/real_video_fake_audio.wav,AVDeepfake1M_local/direct_wavs_subset_600/train/id00017/U7PMtQkYWo8/00064/real_video_fake_audio.wav,16000,110575,17,1.0625,0.06731503559910545,0.9882884919737734,245.02055427338928,-3.2885307984494094,78.22326123511095,166.79729303827747,-3.2885076808152336,78.22325096110586,166.79638326592968,12,-3.4730252147768894,-3.3985682434984117,1.4281031013962364,-7.6797620374308995,-2.0270416017815363,
train/id00017/U7PMtQkYWo8/00065/fake_video_fake_audio.wav,AVDeepfake1M_local/wavs_subset_600/train/id00017/U7PMtQkYWo8/00065/fake_video_fake_audio.wav,AVDeepfake1M_local/direct_wavs_subset_600/train/id00017/U7PMtQkYWo8/00065/fake_video_fake_audio.wav,16000,106478,18,1.125,0.0672913420662085,0.9729709423542892,351.9779022829607,-2.871384286525607,119.84106038799507,232.13684189496473,-2.87136105368698,119.84095824061387,232.1354022061718,12,-2.9359169456196397,-2.8876886332410843,0.30811734974548893,-3.609280498653758,-2.516356415057841,
train/id00017/U7PMtQkYWo8/00065/real_video_fake_audio.wav,AVDeepfake1M_local/wavs_subset_600/train/id00017/U7PMtQkYWo8/00065/real_video_fake_audio.wav,AVDeepfake1M_local/direct_wavs_subset_600/train/id00017/U7PMtQkYWo8/00065/real_video_fake_audio.wav,16000,106478,18,1.125,0.0672913420662085,0.9729709423542892,351.9779022829607,-2.871384286525607,119.84106038799507,232.13684189496473,-2.87136105368698,119.84095824061387,232.1354022061718,12,-2.9359169456196397,-2.8876886332410843,0.30811734974548893,-3.609280498653758,-2.516356415057841,
train/id00017/U7PMtQkYWo8/00066/fake_video_fake_audio.wav,AVDeepfake1M_local/wavs_subset_600/train/id00017/U7PMtQkYWo8/00066/fake_video_fake_audio.wav,AVDeepfake1M_local/direct_wavs_subset_600/train/id00017/U7PMtQkYWo8/00066/fake_video_fake_audio.wav,16000,84976,16,1.0,0.07143636582129667,0.9753342120128036,155.56267769820988,-3.4258095337329624,48.60115755307797,106.96152014513088,-3.425774258609537,48.6011441945174,106.96062196538621,9,-3.9615380378004357,-3.833047509337899,1.3279797864935525,-6.476713244606023,-2.24037213320534,
train/id00017/U7PMtQkYWo8/00066/real.wav,AVDeepfake1M_local/wavs_subset_600/train/id00017/U7PMtQkYWo8/00066/real.wav,AVDeepfake1M_local/direct_wavs_subset_600/train/id00017/U7PMtQkYWo8/00066/real.wav,16000,83952,16,1.0,0.07261037576130745,0.9767486182580523,173.5481331180781,-2.3773365797615877,63.599729644284324,109.94840347379274,-2.377281537059496,63.599695942353776,109.94695172933129,9,-2.9293684860219695,-2.5634499324468067,1.148309511821558,-6.034784935235678,-1.9998045333390713,
train/id00017/U7PMtQkYWo8/00066/real_video_fake_audio.wav,AVDeepfake1M_local/wavs_subset_600/train/id00017/U7PMtQkYWo8/00066/real_video_fake_audio.wav,AVDeepfake1M_local/direct_wavs_subset_600/train/id00017/U7PMtQkYWo8/00066/real_video_fake_audio.wav,16000,84976,16,1.0,0.07143636582129667,0.9753342120128036,155.56267769820988,-3.4258095337329624,48.60115755307797,106.96152014513088,-3.425774258609537,48.6011441945174,106.96062196538621,9,-3.9615380378004357,-3.833047509337899,1.3279797864935525,-6.476713244606023,-2.24037213320534,
train/id00017/U7PMtQkYWo8/00068/fake_video_fake_audio.wav,AVDeepfake1M_local/wavs_subset_600/train/id00017/U7PMtQkYWo8/00068/fake_video_fake_audio.wav,AVDeepfake1M_local/direct_wavs_subset_600/train/id00017/U7PMtQkYWo8/00068/fake_video_fake_audio.wav,16000,90091,-21,-1.3125,0.035837641101581705,0.9954379460767446,305.58926320821047,-9.950866718885594,28.067889886090533,277.5213733221197,-9.950866573230659,28.067889727884186,277.52136245026225,10,-9.752452589261974,-9.674689556575903,0.6910020504665605,-11.027077193151351,-8.69640993380353,
train/id00017/U7PMtQkYWo8/00068/real.wav,AVDeepfake1M_local/wavs_subset_600/train/id00017/U7PMtQkYWo8/00068/real.wav,AVDeepfake1M_local/direct_wavs_subset_600/train/id00017/U7PMtQkYWo8/00068/real.wav,16000,85965,51,3.1875,0.03643292625315461,0.9985459198511022,295.9782568188384,-9.829933641897249,27.880456856153337,268.0977999626848,-9.829934252596885,27.880450917357713,268.09778055495167,9,-9.610189300515367,-9.376865230850036,0.7469582950020291,-11.261239090882123,-8.799123125371757,
train/id00017/U7PMtQkYWo8/00068/real_video_fake_audio.wav,AVDeepfake1M_local/wavs_subset_600/train/id00017/U7PMtQkYWo8/00068/real_video_fake_audio.wav,AVDeepfake1M_local/direct_wavs_subset_600/train/id00017/U7PMtQkYWo8/00068/real_video_fake_audio.wav,16000,90091,-21,-1.3125,0.035837641101581705,0.9954379460767446,305.58926320821047,-9.950866718885594,28.067889886090533,277.5213733221197,-9.950866573230659,28.067889727884186,277.52136245026225,10,-9.752452589261974,-9.674689556575903,0.6910020504665605,-11.027077193151351,-8.69640993380353,
train/id00017/UGu7qDKCDd8/00070/fake_video_fake_audio.wav,AVDeepfake1M_local/wavs_subset_600/train/id00017/UGu7qDKCDd8/00070/fake_video_fake_audio.wav,AVDeepfake1M_local/direct_wavs_subset_600/train/id00017/UGu7qDKCDd8/00070/fake_video_fake_audio.wav,16000,122865,-15,-0.9375,0.042744231055536486,0.9734261180970984,369.1997879790142,-11.314053307366308,25.40362507565711,343.79616290335673,-11.314031923394342,25.403618783723672,343.7943849591859,14,-12.843121823973595,-11.027328054074463,5.01626477037944,-29.79508399103374,-9.841609348427804,
train/id00017/UGu7qDKCDd8/00070/real_video_fake_audio.wav,AVDeepfake1M_local/wavs_subset_600/train/id00017/UGu7qDKCDd8/00070/real_video_fake_audio.wav,AVDeepfake1M_local/direct_wavs_subset_600/train/id00017/UGu7qDKCDd8/00070/real_video_fake_audio.wav,16000,122865,-15,-0.9375,0.042744231055536486,0.9734261180970984,369.1997879790142,-11.314053307366308,25.40362507565711,343.79616290335673,-11.314031923394342,25.403618783723672,343.7943849591859,14,-12.843121823973595,-11.027328054074463,5.01626477037944,-29.79508399103374,-9.841609348427804,
train/id00017/UGu7qDKCDd8/00071/fake_video_fake_audio.wav,AVDeepfake1M_local/wavs_subset_600/train/id00017/UGu7qDKCDd8/00071/fake_video_fake_audio.wav,AVDeepfake1M_local/direct_wavs_subset_600/train/id00017/UGu7qDKCDd8/00071/fake_video_fake_audio.wav,16000,115661,51,3.1875,0.0361946659498971,0.9863307424283034,287.9507023934275,-9.99487795739294,26.20541684508364,261.74528554834365,-9.994869059363788,26.205415744290846,261.7447382779382,13,-10.112643327155167,-9.850852755581704,1.1615539677703366,-13.416514852046804,-8.986302007353368,
train/id00017/UGu7qDKCDd8/00071/real.wav,AVDeepfake1M_local/wavs_subset_600/train/id00017/UGu7qDKCDd8/00071/real.wav,AVDeepfake1M_local/direct_wavs_subset_600/train/id00017/UGu7qDKCDd8/00071/real.wav,16000,109517,51,3.1875,0.036550229091303114,0.9876092296173197,284.5880457405001,-9.624147477607005,27.98045377753561,256.6075919629642,-9.624135923194643,27.980451758613135,256.6068907435149,12,-9.641515767820819,-9.5800418110183,0.29187121342535305,-10.098607221387503,-9.131082362920196,
train/id00017/UGu7qDKCDd8/00071/real_video_fake_audio.wav,AVDeepfake1M_local/wavs_subset_600/train/id00017/UGu7qDKCDd8/00071/real_video_fake_audio.wav,AVDeepfake1M_local/direct_wavs_subset_600/train/id00017/UGu7qDKCDd8/00071/real_video_fake_audio.wav,16000,115661,51,3.1875,0.0361946659498971,0.9863307424283034,287.9507023934275,-9.99487795739294,26.20541684508364,261.74528554834365,-9.994869059363788,26.205415744290846,261.7447382779382,13,-10.112643327155167,-9.850852755581704,1.1615539677703366,-13.416514852046804,-8.986302007353368,
train/id00017/UGu7qDKCDd8/00073/fake_video_fake_audio.wav,AVDeepfake1M_local/wavs_subset_600/train/id00017/UGu7qDKCDd8/00073/fake_video_fake_audio.wav,AVDeepfake1M_local/direct_wavs_subset_600/train/id00017/UGu7qDKCDd8/00073/fake_video_fake_audio.wav,16000,90096,16,1.0,0.07653012842494335,0.9962706446457112,221.18761654105037,-2.737752037093153,76.84543358347588,144.34218295757333,-2.7377469828242953,76.8454267267377,144.3420020946109,10,-2.828018185505776,-3.048367866898243,0.7705603481978236,-3.820265161274572,-1.5536363355984064,
train/id00017/UGu7qDKCDd8/00073/real.wav,AVDeepfake1M_local/wavs_subset_600/train/id00017/UGu7qDKCDd8/00073/real.wav,AVDeepfake1M_local/direct_wavs_subset_600/train/id00017/UGu7qDKCDd8/00073/real.wav,16000,92143,17,1.0625,0.07617278464309146,0.9984480644216055,238.2496222537011,-2.5566244703154437,85.04004322233588,153.20957903136406,-2.5477348100707324,84.8220490698563,152.50435317871919,10,-2.4944222092151254,-2.429352138303628,0.44024773158339625,-3.1319109652958126,-1.9049759931580943,
train/id00017/UGu7qDKCDd8/00073/real_video_fake_audio.wav,AVDeepfake1M_local/wavs_subset_600/train/id00017/UGu7qDKCDd8/00073/real_video_fake_audio.wav,AVDeepfake1M_local/direct_wavs_subset_600/train/id00017/UGu7qDKCDd8/00073/real_video_fake_audio.wav,16000,90096,16,1.0,0.07653012842494335,0.9962706446457112,221.18761654105037,-2.737752037093153,76.84543358347588,144.34218295757333,-2.7377469828242953,76.8454267267377,144.3420020946109,10,-2.828018185505776,-3.048367866898243,0.7705603481978236,-3.820265161274572,-1.5536363355984064,
train/id00017/X9M79aB1RS4/00092/fake_video_fake_audio.wav,AVDeepfake1M_local/wavs_subset_600/train/id00017/X9M79aB1RS4/00092/fake_video_fake_audio.wav,AVDeepfake1M_local/direct_wavs_subset_600/train/id00017/X9M79aB1RS4/00092/fake_video_fake_audio.wav,16000,104433,15,0.9375,0.05712450620717387,0.9935556768454415,212.58903884608299,-3.792283409618328,62.62612387105048,149.96291497503188,-3.792283409618329,62.626123871050474,149.96291497503188,12,-3.7921762523199796,-3.527991442203013,1.049314195155296,-6.510948311525951,-2.589646674557806,
train/id00017/X9M79aB1RS4/00092/real.wav,AVDeepfake1M_local/wavs_subset_600/train/id00017/X9M79aB1RS4/00092/real.wav,AVDeepfake1M_local/direct_wavs_subset_600/train/id00017/X9M79aB1RS4/00092/real.wav,16000,104433,15,0.9375,0.05602340251557591,0.9950877596162133,219.38171448279172,-3.6678137515215905,65.94139377494065,153.44032070785047,-3.6678137515215914,65.94139377494064,153.44032070785047,12,-3.6322756266998364,-3.493643177534221,0.4486925299503071,-4.311874650165787,-2.8138291281684653,
train/id00017/X9M79aB1RS4/00092/real_video_fake_audio.wav,AVDeepfake1M_local/wavs_subset_600/train/id00017/X9M79aB1RS4/00092/real_video_fake_audio.wav,AVDeepfake1M_local/direct_wavs_subset_600/train/id00017/X9M79aB1RS4/00092/real_video_fake_audio.wav,16000,104433,15,0.9375,0.05712450620717387,0.9935556768454415,212.58903884608299,-3.792283409618328,62.62612387105048,149.96291497503188,-3.792283409618329,62.626123871050474,149.96291497503188,12,-3.7921762523199796,-3.527991442203013,1.049314195155296,-6.510948311525951,-2.589646674557806,
train/id00017/X9M79aB1RS4/00093/real.wav,AVDeepfake1M_local/wavs_subset_600/train/id00017/X9M79aB1RS4/00093/real.wav,AVDeepfake1M_local/direct_wavs_subset_600/train/id00017/X9M79aB1RS4/00093/real.wav,16000,104433,15,0.9375,0.056667207278076684,0.9950877596162133,1234.2966626724228,-10.472172166635755,101.60057886211979,1132.6960838103023,-10.472172166635755,101.60057886211979,1132.6960838103023,12,-10.492158025000542,-9.527232992882862,2.315078064773463,-16.650735795870048,-7.673519813729226,
train/id00017/X9M79aB1RS4/00093/real_video_fake_audio.wav,AVDeepfake1M_local/wavs_subset_600/train/id00017/X9M79aB1RS4/00093/real_video_fake_audio.wav,AVDeepfake1M_local/direct_wavs_subset_600/train/id00017/X9M79aB1RS4/00093/real_video_fake_audio.wav,16000,105457,15,0.9375,0.057430786340173796,0.9869425453028249,1238.0171416867524,-10.407342151653578,103.31157234098424,1134.7055693457676,-10.40734215174696,103.31157233744864,1134.705569331333,12,-10.431935158324633,-9.534461358489207,2.2839462886913657,-16.526931631121034,-7.689023766787441,
train/id00017/b5TvWN3x0HA/00096/fake_video_fake_audio.wav,AVDeepfake1M_local/wavs_subset_600/train/id00017/b5TvWN3x0HA/00096/fake_video_fake_audio.wav,AVDeepfake1M_local/direct_wavs_subset_600/train/id00017/b5TvWN3x0HA/00096/fake_video_fake_audio.wav,16000,99315,13,0.8125,0.026791085495920203,0.9899813724009465,245.22728071641177,-10.008745121120349,22.252612916094012,222.9746678003176,-10.008743749001754,22.252612414911987,222.97459233134936,11,-10.209360476561791,-10.117372092245988,0.542671521917906,-11.61460390697371,-9.655537770120942,
train/id00017/b5TvWN3x0HA/00096/real.wav,AVDeepfake1M_local/wavs_subset_600/train/id00017/b5TvWN3x0HA/00096/real.wav,AVDeepfake1M_local/direct_wavs_subset_600/train/id00017/b5TvWN3x0HA/00096/real.wav,16000,96243,13,0.8125,0.029052428737528627,0.9999688289018422,248.2382086487487,-9.247753845841418,26.381374922174054,221.85683372657448,-9.24775384174399,26.381374917368767,221.8568334768491,11,-9.397611979123498,-9.227360196158145,0.4888119070815888,-10.500817549678219,-8.728116690192882,
train/id00017/b5TvWN3x0HA/00096/real_video_fake_audio.wav,AVDeepfake1M_local/wavs_subset_600/train/id00017/b5TvWN3x0HA/00096/real_video_fake_audio.wav,AVDeepfake1M_local/direct_wavs_subset_600/train/id00017/b5TvWN3x0HA/00096/real_video_fake_audio.wav,16000,99315,13,0.8125,0.026791085495920203,0.9899813724009465,245.22728071641177,-10.008745121120349,22.252612916094012,222.9746678003176,-10.008743749001754,22.252612414911987,222.97459233134936,11,-10.209360476561791,-10.117372092245988,0.542671521917906,-11.61460390697371,-9.655537770120942,
train/id00017/b5TvWN3x0HA/00097/fake_video_fake_audio.wav,AVDeepfake1M_local/wavs_subset_600/train/id00017/b5TvWN3x0HA/00097/fake_video_fake_audio.wav,AVDeepfake1M_local/direct_wavs_subset_600/train/id00017/b5TvWN3x0HA/00097/fake_video_fake_audio.wav,16000,93170,14,0.875,0.029414340200709096,0.9934528281635719,185.1643138807267,-8.766665295744437,21.713090650272918,163.4512232304536,-8.766664875181272,21.713090500962856,163.4512062781522,10,-8.747648301539732,-8.703543464190815,0.32281501447028504,-9.406859213878143,-8.245534262550064,
train/id00017/b5TvWN3x0HA/00097/real.wav,AVDeepfake1M_local/wavs_subset_600/train/id00017/b5TvWN3x0HA/00097/real.wav,AVDeepfake1M_local/direct_wavs_subset_600/train/id00017/b5TvWN3x0HA/00097/real.wav,16000,91122,14,0.875,0.03162177417199743,0.9999780514036127,193.33906181249768,-8.210139992885534,25.364662977064715,167.97439883543277,-8.210139989149113,25.36466297464157,167.9743986748702,10,-8.169067130243125,-8.05960614843913,0.3291547281020632,-8.856093178063595,-7.65147804965375,
train/id00017/b5TvWN3x0HA/00097/real_video_fake_audio.wav,AVDeepfake1M_local/wavs_subset_600/train/id00017/b5TvWN3x0HA/00097/real_video_fake_audio.wav,AVDeepfake1M_local/direct_wavs_subset_600/train/id00017/b5TvWN3x0HA/00097/real_video_fake_audio.wav,16000,93170,14,0.875,0.029414340200709096,0.9934528281635719,185.1643138807267,-8.766665295744437,21.713090650272918,163.4512232304536,-8.766664875181272,21.713090500962856,163.4512062781522,10,-8.747648301539732,-8.703543464190815,0.32281501447028504,-9.406859213878143,-8.245534262550064,
train/id00017/b5TvWN3x0HA/00098/fake_video_fake_audio.wav,AVDeepfake1M_local/wavs_subset_600/train/id00017/b5TvWN3x0HA/00098/fake_video_fake_audio.wav,AVDeepfake1M_local/direct_wavs_subset_600/train/id00017/b5TvWN3x0HA/00098/fake_video_fake_audio.wav,16000,91122,14,0.875,0.03403775205179893,0.9876868374267466,186.9237973112613,-7.3810662178161035,28.884140910045062,158.039656401216,-7.381065880377733,28.884140860986122,158.0396438534163,10,-7.398632977616664,-7.560815655854234,0.35792961611329244,-7.858959686987214,-6.771465904978121,
train/id00017/b5TvWN3x0HA/00098/real.wav,AVDeepfake1M_local/wavs_subset_600/train/id00017/b5TvWN3x0HA/00098/real.wav,AVDeepfake1M_local/direct_wavs_subset_600/train/id00017/b5TvWN3x0HA/00098/real.wav,16000,93170,14,0.875,0.03646272637710384,0.99860470108404,204.5023666182533,-6.78225927967539,35.462085888354395,169.04028072989865,-6.782259160148739,35.46208584735564,169.04027588213486,10,-6.785477882572278,-6.871065784412152,0.3181125754676327,-7.13773701964969,-6.222744221247593,
train/id00017/b5TvWN3x0HA/00098/real_video_fake_audio.wav,AVDeepfake1M_local/wavs_subset_600/train/id00017/b5TvWN3x0HA/00098/real_video_fake_audio.wav,AVDeepfake1M_local/direct_wavs_subset_600/train/id00017/b5TvWN3x0HA/00098/real_video_fake_audio.wav,16000,91122,14,0.875,0.03403775205179893,0.9876868374267466,186.9237973112613,-7.3810662178161035,28.884140910045062,158.039656401216,-7.381065880377733,28.884140860986122,158.0396438534163,10,-7.398632977616664,-7.560815655854234,0.35792961611329244,-7.858959686987214,-6.771465904978121,
train/id00017/ddLPBVSzuPs/00101/fake_video_fake_audio.wav,AVDeepfake1M_local/wavs_subset_600/train/id00017/ddLPBVSzuPs/00101/fake_video_fake_audio.wav,AVDeepfake1M_local/direct_wavs_subset_600/train/id00017/ddLPBVSzuPs/00101/fake_video_fake_audio.wav,16000,106481,15,0.9375,0.05842513745022435,0.9894723002225749,222.54230922739953,-3.3515749746057892,70.3467993325228,152.19550989487607,-3.351574996850138,70.34679862415686,152.1955091418621,12,-3.2847812688714613,-3.3507264621004773,0.5137609574651153,-4.329827156603026,-2.5640861435958646,
train/id00017/ddLPBVSzuPs/00101/real.wav,AVDeepfake1M_local/wavs_subset_600/train/id00017/ddLPBVSzuPs/00101/real.wav,AVDeepfake1M_local/direct_wavs_subset_600/train/id00017/ddLPBVSzuPs/00101/real.wav,16000,106480,16,1.0,0.0572302777247226,1.0,232.37020822800696,-3.462928209769054,72.17155237231601,160.19865585569028,-3.462928209769054,72.17155237231601,160.19865585569028,12,-3.352836913854906,-3.2854881003463046,0.4305387977783013,-4.02718506983083,-2.662416350993897,
train/id00017/ddLPBVSzuPs/00101/real_video_fake_audio.wav,AVDeepfake1M_local/wavs_subset_600/train/id00017/ddLPBVSzuPs/00101/real_video_fake_audio.wav,AVDeepfake1M_local/direct_wavs_subset_600/train/id00017/ddLPBVSzuPs/00101/real_video_fake_audio.wav,16000,106481,15,0.9375,0.05842513745022435,0.9894723002225749,222.54230922739953,-3.3515749746057892,70.3467993325228,152.19550989487607,-3.351574996850138,70.34679862415686,152.1955091418621,12,-3.2847812688714613,-3.3507264621004773,0.5137609574651153,-4.329827156603026,-2.5640861435958646,
train/id00017/ddLPBVSzuPs/00103/fake_video_fake_audio.wav,AVDeepfake1M_local/wavs_subset_600/train/id00017/ddLPBVSzuPs/00103/fake_video_fake_audio.wav,AVDeepfake1M_local/direct_wavs_subset_600/train/id00017/ddLPBVSzuPs/00103/fake_video_fake_audio.wav,16000,105457,15,0.9375,0.0572973706060007,0.9869425453028249,1202.6570419473574,-10.34531383553977,101.68243095544953,1100.9746109919072,-10.34531383554226,101.68243095538531,1100.974610991843,12,-10.321774646925734,-9.554601877105009,1.9891735268119632,-15.281265429534248,-7.699228580972024,
train/id00017/ddLPBVSzuPs/00103/real.wav,AVDeepfake1M_local/wavs_subset_600/train/id00017/ddLPBVSzuPs/00103/real.wav,AVDeepfake1M_local/direct_wavs_subset_600/train/id00017/ddLPBVSzuPs/00103/real.wav,16000,104432,16,1.0,0.056307976849027275,0.9950972881875287,1195.5969477202743,-10.42778602182861,99.3420136591603,1096.2549340611135,-10.42778602182861,99.3420136591603,1096.2549340611135,12,-10.355295697075134,-9.680329594263473,2.1491025258106786,-15.590896999968791,-6.9750884595719125,
train/id00017/ddLPBVSzuPs/00103/real_video_fake_audio.wav,AVDeepfake1M_local/wavs_subset_600/train/id00017/ddLPBVSzuPs/00103/real_video_fake_audio.wav,AVDeepfake1M_local/direct_wavs_subset_600/train/id00017/ddLPBVSzuPs/00103/real_video_fake_audio.wav,16000,105457,15,0.9375,0.0572973706060007,0.9869425453028249,1202.6570419473574,-10.34531383553977,101.68243095544953,1100.9746109919072,-10.34531383554226,101.68243095538531,1100.974610991843,12,-10.321774646925734,-9.554601877105009,1.9891735268119632,-15.281265429534248,-7.699228580972024,
train/id00017/gjYcaCzo7UU/00106/fake_video_fake_audio.wav,AVDeepfake1M_local/wavs_subset_600/train/id00017/gjYcaCzo7UU/00106/fake_video_fake_audio.wav,AVDeepfake1M_local/direct_wavs_subset_600/train/id00017/gjYcaCzo7UU/00106/fake_video_fake_audio.wav,16000,287727,17,1.0625,0.03549942894590496,0.9973342786738818,171.21954127121717,-7.1897557167630755,27.45790698646222,143.76163428475468,-7.189755549504183,27.457906912418263,143.76162836042147,34,-7.179642511756778,-7.0877179444828755,0.83520776034752,-10.050270206348289,-5.615797095078099,
train/id00017/gjYcaCzo7UU/00106/real.wav,AVDeepfake1M_local/wavs_subset_600/train/id00017/gjYcaCzo7UU/00106/real.wav,AVDeepfake1M_local/direct_wavs_subset_600/train/id00017/gjYcaCzo7UU/00106/real.wav,16000,291823,17,1.0625,0.03478379190232125,0.99868756061037,187.04980374500155,-7.338656299704473,29.14305419206147,157.90674955293986,-7.338656299704473,29.143054192061474,157.90674955293986,35,-7.227596716527498,-7.185240937108304,0.43151276547625933,-8.08002338882139,-6.201925162519353,
train/id00017/gjYcaCzo7UU/00106/real_video_fake_audio.wav,AVDeepfake1M_local/wavs_subset_600/train/id00017/gjYcaCzo7UU/00106/real_video_fake_audio.wav,AVDeepfake1M_local/direct_wavs_subset_600/train/id00017/gjYcaCzo7UU/00106/real_video_fake_audio.wav,16000,287727,17,1.0625,0.03549942894590496,0.9973342786738818,171.21954127121717,-7.1897557167630755,27.45790698646222,143.76163428475468,-7.189755549504183,27.457906912418263,143.76162836042147,34,-7.179642511756778,-7.0877179444828755,0.83520776034752,-10.050270206348289,-5.615797095078099,
train/id00017/gjYcaCzo7UU/00107/fake_video_fake_audio.wav,AVDeepfake1M_local/wavs_subset_600/train/id00017/gjYcaCzo7UU/00107/fake_video_fake_audio.wav,AVDeepfake1M_local/direct_wavs_subset_600/train/id00017/gjYcaCzo7UU/00107/fake_video_fake_audio.wav,16000,146415,17,1.0625,0.03550670715600089,0.9906088857016017,74.79065081570297,-6.804019078046287,12.9155772289314,61.87507358677132,-6.804018534331063,12.915576211691635,61.87506096699562,17,-6.751823327130875,-6.540893709920706,0.646271348616778,-8.204268694097511,-5.8785517291577625,
train/id00017/gjYcaCzo7UU/00107/real.wav,AVDeepfake1M_local/wavs_subset_600/train/id00017/gjYcaCzo7UU/00107/real.wav,AVDeepfake1M_local/direct_wavs_subset_600/train/id00017/gjYcaCzo7UU/00107/real.wav,16000,146415,17,1.0625,0.03588406388422309,0.9982583751664789,74.48017769306898,-6.791346106336404,12.893041957208112,61.58713573586061,-6.791345873143298,12.893041547282879,61.58713047083839,17,-6.78989533809732,-6.641025694443595,0.6703611199330897,-8.125158989431025,-5.818756063010479,
train/id00017/gjYcaCzo7UU/00107/real_video_fake_audio.wav,AVDeepfake1M_local/wavs_subset_600/train/id00017/gjYcaCzo7UU/00107/real_video_fake_audio.wav,AVDeepfake1M_local/direct_wavs_subset_600/train/id00017/gjYcaCzo7UU/00107/real_video_fake_audio.wav,16000,146415,17,1.0625,0.03550670715600089,0.9906088857016017,74.79065081570297,-6.804019078046287,12.9155772289314,61.87507358677132,-6.804018534331063,12.915576211691635,61.87506096699562,17,-6.751823327130875,-6.540893709920706,0.646271348616778,-8.204268694097511,-5.8785517291577625,
train/id00017/gjYcaCzo7UU/00108/fake_video_fake_audio.wav,AVDeepfake1M_local/wavs_subset_600/train/id00017/gjYcaCzo7UU/00108/fake_video_fake_audio.wav,AVDeepfake1M_local/direct_wavs_subset_600/train/id00017/gjYcaCzo7UU/00108/fake_video_fake_audio.wav,16000,305135,17,1.0625,0.034400575386217956,0.9954937978271913,131.01589106209576,-7.331802848451462,20.439971060597724,110.5759200014978,-7.331802848451462,20.439971060597724,110.5759200014978,37,-7.405541048792503,-7.365941559517547,0.7610916484747949,-9.928255327040256,-5.987078919747658,
train/id00017/gjYcaCzo7UU/00108/real.wav,AVDeepfake1M_local/wavs_subset_600/train/id00017/gjYcaCzo7UU/00108/real.wav,AVDeepfake1M_local/direct_wavs_subset_600/train/id00017/gjYcaCzo7UU/00108/real.wav,16000,307183,17,1.0625,0.034695834410962856,0.9987531862114766,134.58468723576516,-7.172215221915614,21.656188898902094,112.92849833686284,-7.1722152219156134,21.656188898902098,112.92849833686283,37,-7.188279861231282,-7.275688331716658,0.6007664511694991,-8.57932389477647,-5.9820200732258355,
train/id00017/gjYcaCzo7UU/00108/real_video_fake_audio.wav,AVDeepfake1M_local/wavs_subset_600/train/id00017/gjYcaCzo7UU/00108/real_video_fake_audio.wav,AVDeepfake1M_local/direct_wavs_subset_600/train/id00017/gjYcaCzo7UU/00108/real_video_fake_audio.wav,16000,305135,17,1.0625,0.034400575386217956,0.9954937978271913,131.01589106209576,-7.331802848451462,20.439971060597724,110.5759200014978,-7.331802848451462,20.439971060597724,110.5759200014978,37,-7.405541048792503,-7.365941559517547,0.7610916484747949,-9.928255327040256,-5.987078919747658,
train/id00017/gjYcaCzo7UU/00110/real.wav,AVDeepfake1M_local/wavs_subset_600/train/id00017/gjYcaCzo7UU/00110/real.wav,AVDeepfake1M_local/direct_wavs_subset_600/train/id00017/gjYcaCzo7UU/00110/real.wav,16000,92143,17,1.0625,0.03529817973216771,0.9958434172970274,59.67479419335723,-6.72872707389029,10.453869234882522,49.22092495847446,-6.728727073890289,10.453869234882523,49.220924958474455,10,-6.647068175039896,-6.714035946072355,0.4559226392452503,-7.339083821305273,-5.749844714568635,
train/id00017/gjYcaCzo7UU/00110/real_video_fake_audio.wav,AVDeepfake1M_local/wavs_subset_600/train/id00017/gjYcaCzo7UU/00110/real_video_fake_audio.wav,AVDeepfake1M_local/direct_wavs_subset_600/train/id00017/gjYcaCzo7UU/00110/real_video_fake_audio.wav,16000,92143,17,1.0625,0.03616416469216402,0.9862930445069077,53.3014474818483,-6.471567717174791,9.802226022639758,43.49922145920828,-6.47156753671471,9.802226003442431,43.49921956651652,10,-6.385862169882585,-6.45597964776983,0.39826201698112934,-6.927116849642258,-5.555523285667993,
train/id00017/gjYcaCzo7UU/00111/fake_video_fake_audio.wav,AVDeepfake1M_local/wavs_subset_600/train/id00017/gjYcaCzo7UU/00111/fake_video_fake_audio.wav,AVDeepfake1M_local/direct_wavs_subset_600/train/id00017/gjYcaCzo7UU/00111/fake_video_fake_audio.wav,16000,101366,10,0.625,0.03144726979664902,0.9959947122309255,58.48813269659877,-8.560441672655232,7.151298644019341,51.33683405257923,-8.560439067089522,7.151298281312229,51.33680064911199,11,-8.626594975559096,-8.617747560586087,0.5744300022956026,-9.64988647347439,-7.682452410244726,
train/id00017/gjYcaCzo7UU/00111/real.wav,AVDeepfake1M_local/wavs_subset_600/train/id00017/gjYcaCzo7UU/00111/real.wav,AVDeepfake1M_local/direct_wavs_subset_600/train/id00017/gjYcaCzo7UU/00111/real.wav,16000,97270,10,0.625,0.03284040565708951,0.9992803536547754,57.451209489256144,-8.059234471083709,7.767643918341372,49.68356557091455,-8.059182039136974,7.767634851623328,49.68290775769205,11,-8.226806178371156,-8.398011195245894,0.6715094727498365,-9.646076357943704,-7.074189925519492,
train/id00017/gjYcaCzo7UU/00111/real_video_fake_audio.wav,AVDeepfake1M_local/wavs_subset_600/train/id00017/gjYcaCzo7UU/00111/real_video_fake_audio.wav,AVDeepfake1M_local/direct_wavs_subset_600/train/id00017/gjYcaCzo7UU/00111/real_video_fake_audio.wav,16000,101366,10,0.625,0.03144726979664902,0.9959947122309255,58.48813269659877,-8.560441672655232,7.151298644019341,51.33683405257923,-8.560439067089522,7.151298281312229,51.33680064911199,11,-8.626594975559096,-8.617747560586087,0.5744300022956026,-9.64988647347439,-7.682452410244726,
train/id00017/gjYcaCzo7UU/00112/fake_video_fake_audio.wav,AVDeepfake1M_local/wavs_subset_600/train/id00017/gjYcaCzo7UU/00112/fake_video_fake_audio.wav,AVDeepfake1M_local/direct_wavs_subset_600/train/id00017/gjYcaCzo7UU/00112/fake_video_fake_audio.wav,16000,84974,18,1.125,0.034197818428487174,0.9894791347941724,41.445689962245524,-7.092970383543089,6.771818330683803,34.67387163156149,-7.092969577316204,6.77181828488516,34.6738649601801,9,-7.270324155000519,-6.962238770226669,1.0166647179988577,-9.11698836943419,-5.728815596670636,
train/id00017/gjYcaCzo7UU/00112/real.wav,AVDeepfake1M_local/wavs_subset_600/train/id00017/gjYcaCzo7UU/00112/real.wav,AVDeepfake1M_local/direct_wavs_subset_600/train/id00017/gjYcaCzo7UU/00112/real.wav,16000,90095,17,1.0625,0.03370669117466111,0.9971696542538432,41.55305398721248,-7.042535032433518,6.855582009695399,34.697471977516855,-7.04253501659173,6.855582007415165,34.69747183940994,10,-7.1723066324473255,-7.297155636720248,0.6251970646299402,-8.218116253521318,-5.930178389071892,
train/id00017/gjYcaCzo7UU/00112/real_video_fake_audio.wav,AVDeepfake1M_local/wavs_subset_600/train/id00017/gjYcaCzo7UU/00112/real_video_fake_audio.wav,AVDeepfake1M_local/direct_wavs_subset_600/train/id00017/gjYcaCzo7UU/00112/real_video_fake_audio.wav,16000,84974,18,1.125,0.034197818428487174,0.9894791347941724,41.445689962245524,-7.092970383543089,6.771818330683803,34.67387163156149,-7.092969577316204,6.77181828488516,34.6738649601801,9,-7.270324155000519,-6.962238770226669,1.0166647179988577,-9.11698836943419,-5.728815596670636,
train/id00017/gjYcaCzo7UU/00113/fake_video_fake_audio.wav,AVDeepfake1M_local/wavs_subset_600/train/id00017/gjYcaCzo7UU/00113/fake_video_fake_audio.wav,AVDeepfake1M_local/direct_wavs_subset_600/train/id00017/gjYcaCzo7UU/00113/fake_video_fake_audio.wav,16000,172015,17,1.0625,0.03438006109690794,0.9687527250530477,97.84672453254461,-7.964211477387782,13.481609815691804,84.36511471685256,-7.964135959045428,13.4815884339678,84.36351392642118,20,-7.685371914856498,-7.547091887333069,0.7059433126203583,-9.439018848808328,-6.808537415800567,
train/id00017/gjYcaCzo7UU/00113/real_video_fake_audio.wav,AVDeepfake1M_local/wavs_subset_600/train/id00017/gjYcaCzo7UU/00113/real_video_fake_audio.wav,AVDeepfake1M_local/direct_wavs_subset_600/train/id00017/gjYcaCzo7UU/00113/real_video_fake_audio.wav,16000,172015,17,1.0625,0.03438006109690794,0.9687527250530477,97.84672453254461,-7.964211477387782,13.481609815691804,84.36511471685256,-7.964135959045428,13.4815884339678,84.36351392642118,20,-7.685371914856498,-7.547091887333069,0.7059433126203583,-9.439018848808328,-6.808537415800567,
train/id00017/gjYcaCzo7UU/00115/fake_video_fake_audio.wav,AVDeepfake1M_local/wavs_subset_600/train/id00017/gjYcaCzo7UU/00115/fake_video_fake_audio.wav,AVDeepfake1M_local/direct_wavs_subset_600/train/id00017/gjYcaCzo7UU/00115/fake_video_fake_audio.wav,16000,81903,17,1.0625,0.026217510539747517,0.9933702062195524,23.338451838120818,-11.005363751577857,1.7154556570771498,21.62299618104353,-11.005363751577857,1.71545565707715,21.622996181043533,9,-11.248073283691383,-10.9816564690908,0.9445036769194536,-12.871559427434814,-10.011908725315559,
train/id00017/gjYcaCzo7UU/00115/real.wav,AVDeepfake1M_local/wavs_subset_600/train/id00017/gjYcaCzo7UU/00115/real.wav,AVDeepfake1M_local/direct_wavs_subset_600/train/id00017/gjYcaCzo7UU/00115/real.wav,16000,80879,17,1.0625,0.028747156997325846,0.9980341003227042,24.836378219537437,-9.952139072021103,2.280575146151578,22.555803073385693,-9.952139011655603,2.2805751215529844,22.55580251657753,9,-10.158822660893625,-10.06337564414958,0.8303442037699127,-11.548269371677245,-9.034410661213998,
train/id00017/gjYcaCzo7UU/00115/real_video_fake_audio.wav,AVDeepfake1M_local/wavs_subset_600/train/id00017/gjYcaCzo7UU/00115/real_video_fake_audio.wav,AVDeepfake1M_local/direct_wavs_subset_600/train/id00017/gjYcaCzo7UU/00115/real_video_fake_audio.wav,16000,81903,17,1.0625,0.026217510539747517,0.9933702062195524,23.338451838120818,-11.005363751577857,1.7154556570771498,21.62299618104353,-11.005363751577857,1.71545565707715,21.622996181043533,9,-11.248073283691383,-10.9816564690908,0.9445036769194536,-12.871559427434814,-10.011908725315559,
train/id00017/hcr4tT9y3xs/00117/fake_video_fake_audio.wav,AVDeepfake1M_local/wavs_subset_600/train/id00017/hcr4tT9y3xs/00117/fake_video_fake_audio.wav,AVDeepfake1M_local/direct_wavs_subset_600/train/id00017/hcr4tT9y3xs/00117/fake_video_fake_audio.wav,16000,123888,-16,-1.0,0.02720550314706315,0.997675319643549,205.86568459309638,-9.750583653560811,19.715389589555123,186.1502950035411,-9.75084302393386,19.701546164779487,186.03069691880992,14,-9.737444403278015,-9.746120437570486,0.58049694300637,-10.672609734545196,-9.056503791287723,
train/id00017/hcr4tT9y3xs/00117/real.wav,AVDeepfake1M_local/wavs_subset_600/train/id00017/hcr4tT9y3xs/00117/real.wav,AVDeepfake1M_local/direct_wavs_subset_600/train/id00017/hcr4tT9y3xs/00117/real.wav,16000,122864,-16,-1.0,0.02768237592327868,0.999479098840995,209.71844894438982,-9.548572607441196,20.945142611568954,188.7733063328207,-9.548522240128994,20.93425905746951,188.67302744648134,14,-9.568723317775635,-9.599373483210798,0.6737753506974993,-10.796250171410156,-8.573534945644017,
train/id00017/hcr4tT9y3xs/00117/real_video_fake_audio.wav,AVDeepfake1M_local/wavs_subset_600/train/id00017/hcr4tT9y3xs/00117/real_video_fake_audio.wav,AVDeepfake1M_local/direct_wavs_subset_600/train/id00017/hcr4tT9y3xs/00117/real_video_fake_audio.wav,16000,123888,-16,-1.0,0.02720550314706315,0.997675319643549,205.86568459309638,-9.750583653560811,19.715389589555123,186.1502950035411,-9.75084302393386,19.701546164779487,186.03069691880992,14,-9.737444403278015,-9.746120437570486,0.58049694300637,-10.672609734545196,-9.056503791287723,
train/id00017/iJOjkDq6rW8/00118/fake_video_fake_audio.wav,AVDeepfake1M_local/wavs_subset_600/train/id00017/iJOjkDq6rW8/00118/fake_video_fake_audio.wav,AVDeepfake1M_local/direct_wavs_subset_600/train/id00017/iJOjkDq6rW8/00118/fake_video_fake_audio.wav,16000,146414,18,1.125,0.05867117307695107,0.9928012348545904,867.236031443812,-6.810501736701711,149.57790133406536,717.6581301097459,-6.810501481053297,149.57786175276556,717.6578979579799,17,-6.675823059813223,-6.75189787999625,0.8242221796053226,-7.776648026076856,-4.333569968127681,
train/id00017/iJOjkDq6rW8/00118/real.wav,AVDeepfake1M_local/wavs_subset_600/train/id00017/iJOjkDq6rW8/00118/real.wav,AVDeepfake1M_local/direct_wavs_subset_600/train/id00017/iJOjkDq6rW8/00118/real.wav,16000,147438,18,1.125,0.057749129878498236,0.9989283631085609,918.1354087246582,-7.01754271591116,152.2067896011871,765.9286191234704,-7.017542680159197,152.20678710820363,765.9286002731109,17,-6.868431667624246,-7.0508498998731,0.7936178838253495,-7.93575204187369,-4.613575206630124,
train/id00017/iJOjkDq6rW8/00118/real_video_fake_audio.wav,AVDeepfake1M_local/wavs_subset_600/train/id00017/iJOjkDq6rW8/00118/real_video_fake_audio.wav,AVDeepfake1M_local/direct_wavs_subset_600/train/id00017/iJOjkDq6rW8/00118/real_video_fake_audio.wav,16000,146414,18,1.125,0.05867117307695107,0.9928012348545904,867.236031443812,-6.810501736701711,149.57790133406536,717.6581301097459,-6.810501481053297,149.57786175276556,717.6578979579799,17,-6.675823059813223,-6.75189787999625,0.8242221796053226,-7.776648026076856,-4.333569968127681,
train/id00017/iJOjkDq6rW8/00123/fake_video_fake_audio.wav,AVDeepfake1M_local/wavs_subset_600/train/id00017/iJOjkDq6rW8/00123/fake_video_fake_audio.wav,AVDeepfake1M_local/direct_wavs_subset_600/train/id00017/iJOjkDq6rW8/00123/fake_video_fake_audio.wav,16000,87023,17,1.0625,0.055580958710274714,0.9974374590625467,363.67521987389773,-6.2637985472442885,69.53125748435268,294.14396238954447,-6.263798544307963,69.53125746333559,294.14396210175926,9,-6.149711098513803,-6.0280749206270015,0.43690010852260386,-6.932948854986924,-5.639470521105263,
train/id00017/iJOjkDq6rW8/00123/real_video_fake_audio.wav,AVDeepfake1M_local/wavs_subset_600/train/id00017/iJOjkDq6rW8/00123/real_video_fake_audio.wav,AVDeepfake1M_local/direct_wavs_subset_600/train/id00017/iJOjkDq6rW8/00123/real_video_fake_audio.wav,16000,87023,17,1.0625,0.055580958710274714,0.9974374590625467,363.67521987389773,-6.2637985472442885,69.53125748435268,294.14396238954447,-6.263798544307963,69.53125746333559,294.14396210175926,9,-6.149711098513803,-6.0280749206270015,0.43690010852260386,-6.932948854986924,-5.639470521105263,
train/id00017/iJOjkDq6rW8/00124/fake_video_fake_audio.wav,AVDeepfake1M_local/wavs_subset_600/train/id00017/iJOjkDq6rW8/00124/fake_video_fake_audio.wav,AVDeepfake1M_local/direct_wavs_subset_600/train/id00017/iJOjkDq6rW8/00124/fake_video_fake_audio.wav,16000,300015,17,1.0625,0.0586286102803288,0.9972834691598753,1344.1872465526685,-6.802344701213508,232.20138033693553,1111.9858662157321,-6.802345042383512,232.2013133029386,1111.9856325521653,36,-6.644644315494578,-6.8416679745320845,1.1565586210739416,-9.07304078645971,-4.184819148551151,
train/id00017/iJOjkDq6rW8/00124/real.wav,AVDeepfake1M_local/wavs_subset_600/train/id00017/iJOjkDq6rW8/00124/real.wav,AVDeepfake1M_local/direct_wavs_subset_600/train/id00017/iJOjkDq6rW8/00124/real.wav,16000,294895,17,1.0625,0.05945780646590144,0.9991352854405805,1330.7291167201474,-6.541038180228717,241.54474029677135,1089.1843764233754,-6.541038216553028,241.5447344398725,1089.1843591231027,35,-6.217276601190456,-6.47798098947387,1.058138066315995,-7.605811301703264,-4.118293292648104,
train/id00017/iJOjkDq6rW8/00124/real_video_fake_audio.wav,AVDeepfake1M_local/wavs_subset_600/train/id00017/iJOjkDq6rW8/00124/real_video_fake_audio.wav,AVDeepfake1M_local/direct_wavs_subset_600/train/id00017/iJOjkDq6rW8/00124/real_video_fake_audio.wav,16000,300015,17,1.0625,0.0586286102803288,0.9972834691598753,1344.1872465526685,-6.802344701213508,232.20138033693553,1111.9858662157321,-6.802345042383512,232.2013133029386,1111.9856325521653,36,-6.644644315494578,-6.8416679745320845,1.1565586210739416,-9.07304078645971,-4.184819148551151,
train/id00017/iJOjkDq6rW8/00126/fake_video_fake_audio.wav,AVDeepfake1M_local/wavs_subset_600/train/id00017/iJOjkDq6rW8/00126/fake_video_fake_audio.wav,AVDeepfake1M_local/direct_wavs_subset_600/train/id00017/iJOjkDq6rW8/00126/fake_video_fake_audio.wav,16000,280559,17,1.0625,0.0642597339493383,0.9971521141720636,1448.3995316335931,-5.688649568483464,307.7997859994043,1140.599745634188,-5.688649568494123,307.79978599836977,1140.5997456331536,34,-5.57141486341728,-5.714796782446431,0.9001761006156026,-7.60650452441264,-3.9687412165247995,
train/id00017/iJOjkDq6rW8/00126/real.wav,AVDeepfake1M_local/wavs_subset_600/train/id00017/iJOjkDq6rW8/00126/real.wav,AVDeepfake1M_local/direct_wavs_subset_600/train/id00017/iJOjkDq6rW8/00126/real.wav,16000,274415,17,1.0625,0.06522779296785768,0.999070750505621,1440.8254443155602,-5.377500141053887,323.82092911338134,1117.004515202178,-5.377500141053887,323.82092911338134,1117.004515202178,33,-5.3164385193091785,-5.368755831812994,0.7537343723921736,-6.727649731602041,-3.478001390054855,
train/id00017/iJOjkDq6rW8/00126/real_video_fake_audio.wav,AVDeepfake1M_local/wavs_subset_600/train/id00017/iJOjkDq6rW8/00126/real_video_fake_audio.wav,AVDeepfake1M_local/direct_wavs_subset_600/train/id00017/iJOjkDq6rW8/00126/real_video_fake_audio.wav,16000,280559,17,1.0625,0.0642597339493383,0.9971521141720636,1448.3995316335931,-5.688649568483464,307.7997859994043,1140.599745634188,-5.688649568494123,307.79978599836977,1140.5997456331536,34,-5.57141486341728,-5.714796782446431,0.9001761006156026,-7.60650452441264,-3.9687412165247995,
train/id00017/iJOjkDq6rW8/00128/fake_video_fake_audio.wav,AVDeepfake1M_local/wavs_subset_600/train/id00017/iJOjkDq6rW8/00128/fake_video_fake_audio.wav,AVDeepfake1M_local/direct_wavs_subset_600/train/id00017/iJOjkDq6rW8/00128/fake_video_fake_audio.wav,16000,184302,18,1.125,0.06507099530780158,0.993586613276036,867.4883461790159,-5.943661785592866,175.96964275586856,691.5187034231465,-5.943661673371374,175.96964021126257,691.5186755546416,22,-5.7967957303049,-5.624651871138404,0.698640582363905,-7.189181661940527,-4.639630262430183,
train/id00017/iJOjkDq6rW8/00128/real.wav,AVDeepfake1M_local/wavs_subset_600/train/id00017/iJOjkDq6rW8/00128/real.wav,AVDeepfake1M_local/direct_wavs_subset_600/train/id00017/iJOjkDq6rW8/00128/real.wav,16000,187374,18,1.125,0.06491991397302084,0.9986444223851761,934.8553372509778,-5.935696616356577,189.91240808182152,744.9429291691554,-5.935696600538005,189.9124076403641,744.9429247241608,22,-5.81522621876837,-5.513872903724447,0.744035701348008,-7.113633573161682,-4.614632084531454,
train/id00017/iJOjkDq6rW8/00128/real_video_fake_audio.wav,AVDeepfake1M_local/wavs_subset_600/train/id00017/iJOjkDq6rW8/00128/real_video_fake_audio.wav,AVDeepfake1M_local/direct_wavs_subset_600/train/id00017/iJOjkDq6rW8/00128/real_video_fake_audio.wav,16000,184302,18,1.125,0.06507099530780158,0.993586613276036,867.4883461790159,-5.943661785592866,175.96964275586856,691.5187034231465,-5.943661673371374,175.96964021126257,691.5186755546416,22,-5.7967957303049,-5.624651871138404,0.698640582363905,-7.189181661940527,-4.639630262430183,
train/id00017/iJOjkDq6rW8/00129/fake_video_fake_audio.wav,AVDeepfake1M_local/wavs_subset_600/train/id00017/iJOjkDq6rW8/00129/fake_video_fake_audio.wav,AVDeepfake1M_local/direct_wavs_subset_600/train/id00017/iJOjkDq6rW8/00129/fake_video_fake_audio.wav,16000,202734,18,1.125,0.0665314902117135,0.9932226464233922,1335.075054959394,-6.185393595918701,259.0016536438525,1076.0734013155407,-6.185393595931245,259.0016536428672,1076.0734013145552,24,-6.030989784248657,-5.9636699400013455,0.7697933179857783,-7.7815091883088305,-4.757962678839675,
train/id00017/iJOjkDq6rW8/00129/real.wav,AVDeepfake1M_local/wavs_subset_600/train/id00017/iJOjkDq6rW8/00129/real.wav,AVDeepfake1M_local/direct_wavs_subset_600/train/id00017/iJOjkDq6rW8/00129/real.wav,16000,201710,18,1.125,0.06685505133254502,0.9974716176689307,1369.7368686441332,-6.040156245028698,272.96183615599523,1096.7750324881372,-6.040156245028697,272.9618361559953,1096.7750324881372,24,-5.814612211372548,-5.827015464233932,0.8853053419339428,-8.003548113186351,-4.323701524043727,
train/id00017/iJOjkDq6rW8/00129/real_video_fake_audio.wav,AVDeepfake1M_local/wavs_subset_600/train/id00017/iJOjkDq6rW8/00129/real_video_fake_audio.wav,AVDeepfake1M_local/direct_wavs_subset_600/train/id00017/iJOjkDq6rW8/00129/real_video_fake_audio.wav,16000,202734,18,1.125,0.0665314902117135,0.9932226464233922,1335.075054959394,-6.185393595918701,259.0016536438525,1076.0734013155407,-6.185393595931245,259.0016536428672,1076.0734013145552,24,-6.030989784248657,-5.9636699400013455,0.7697933179857783,-7.7815091883088305,-4.757962678839675,
train/id00017/kN2iEvnTHc4/00131/fake_video_fake_audio.wav,AVDeepfake1M_local/wavs_subset_600/train/id00017/kN2iEvnTHc4/00131/fake_video_fake_audio.wav,AVDeepfake1M_local/direct_wavs_subset_600/train/id00017/kN2iEvnTHc4/00131/fake_video_fake_audio.wav,16000,114671,17,1.0625,0.07675673553202983,0.9822884600291268,312.7574416194111,-4.165423805256334,86.65056376335261,226.1068778560573,-4.165421737234899,86.65056248081021,226.1067668419377,13,-4.16069095903213,-4.126817112295827,0.9135781811948651,-6.14566909029265,-2.59443462132408,
train/id00017/kN2iEvnTHc4/00131/real.wav,AVDeepfake1M_local/wavs_subset_600/train/id00017/kN2iEvnTHc4/00131/real.wav,AVDeepfake1M_local/direct_wavs_subset_600/train/id00017/kN2iEvnTHc4/00131/real.wav,16000,111599,17,1.0625,0.08190237541978061,0.993557289939874,328.42179380729795,-2.899506405393204,111.34365081919336,217.07814298810325,-2.899506028813168,111.34365039471356,217.0781233375183,12,-2.9844204732644823,-2.9755870176163612,0.8464668338805396,-4.684759089688059,-1.4779445950351562,
train/id00017/kN2iEvnTHc4/00133/fake_video_fake_audio.wav,AVDeepfake1M_local/wavs_subset_600/train/id00017/kN2iEvnTHc4/00133/fake_video_fake_audio.wav,AVDeepfake1M_local/direct_wavs_subset_600/train/id00017/kN2iEvnTHc4/00133/fake_video_fake_audio.wav,16000,211952,-16,-1.0,0.04044632339039216,0.9953196950252887,514.2206352110952,-11.131873756617923,36.789458832869165,477.4311763782257,-11.131871876584752,36.78945611857003,477.43093447684805,25,-10.981929823439224,-11.134360143276671,1.159861021468698,-12.846376888933671,-8.057248063298204,
train/id00017/kN2iEvnTHc4/00133/real.wav,AVDeepfake1M_local/wavs_subset_600/train/id00017/kN2iEvnTHc4/00133/real.wav,AVDeepfake1M_local/direct_wavs_subset_600/train/id00017/kN2iEvnTHc4/00133/real.wav,16000,212976,-16,-1.0,0.04013989227072942,0.9987979866276012,527.7838433776051,-11.279927779047856,36.58198154908601,491.20186182851876,-11.279927673621636,36.58198125423553,491.201845945371,25,-11.035217270330604,-11.15309886654397,1.3053865569996685,-13.436006399473063,-8.212449944823723,
train/id00017/kN2iEvnTHc4/00135/fake_video_fake_audio.wav,AVDeepfake1M_local/wavs_subset_600/train/id00017/kN2iEvnTHc4/00135/fake_video_fake_audio.wav,AVDeepfake1M_local/direct_wavs_subset_600/train/id00017/kN2iEvnTHc4/00135/fake_video_fake_audio.wav,16000,160754,14,0.875,0.03894665862604889,0.9818729238463739,409.89578256662935,-11.005178911483135,30.129923432694767,379.76585913393427,-11.00516277308881,30.129915940801794,379.76435349609596,19,-11.085050773757573,-10.967071149796674,0.6801450832247212,-12.993292133601122,-9.839247176305463,
train/id00017/kN2iEvnTHc4/00135/real.wav,AVDeepfake1M_local/wavs_subset_600/train/id00017/kN2iEvnTHc4/00135/real.wav,AVDeepfake1M_local/direct_wavs_subset_600/train/id00017/kN2iEvnTHc4/00135/real.wav,16000,161778,14,0.875,0.049295891447317615,0.9895041352965175,438.24139640294015,-8.955931421002422,49.44567751591292,388.79571888702674,-8.955918881929914,49.44566640166209,388.79450895462446,19,-9.045419279172004,-9.04062343034017,0.7185974533865584,-10.738790692811806,-7.456148590748075,
train/id00017/lZf1RB6l5Gs/00140/fake_video_fake_audio.wav,AVDeepfake1M_local/wavs_subset_600/train/id00017/lZf1RB6l5Gs/00140/fake_video_fake_audio.wav,AVDeepfake1M_local/direct_wavs_subset_600/train/id00017/lZf1RB6l5Gs/00140/fake_video_fake_audio.wav,16000,90094,-18,-1.125,0.02456875881721089,0.9971807223566497,35.70917448680848,-9.079012776363625,3.928782381657965,31.780392105150394,-9.079012295410532,3.928782374506056,31.780388527824755,10,-9.005149523960398,-8.991920897792005,0.48725138642850774,-9.972576530046954,-8.257957686078893,
train/id00017/lZf1RB6l5Gs/00140/real.wav,AVDeepfake1M_local/wavs_subset_600/train/id00017/lZf1RB6l5Gs/00140/real.wav,AVDeepfake1M_local/direct_wavs_subset_600/train/id00017/lZf1RB6l5Gs/00140/real.wav,16000,88046,-18,-1.125,0.023949355656448307,0.998568929877564,34.4614708321169,-9.351810956620044,3.58468493500459,30.876785897112196,-9.35181062507604,3.5846849177243945,30.876783391109427,10,-9.259160692820586,-9.250681800915295,0.6223176714995179,-10.441922268362038,-8.302094612644623,
train/id00017/lZf1RB6l5Gs/00140/real_video_fake_audio.wav,AVDeepfake1M_local/wavs_subset_600/train/id00017/lZf1RB6l5Gs/00140/real_video_fake_audio.wav,AVDeepfake1M_local/direct_wavs_subset_600/train/id00017/lZf1RB6l5Gs/00140/real_video_fake_audio.wav,16000,90094,-18,-1.125,0.02456875881721089,0.9971807223566497,35.70917448680848,-9.079012776363625,3.928782381657965,31.780392105150394,-9.079012295410532,3.928782374506056,31.780388527824755,10,-9.005149523960398,-8.991920897792005,0.48725138642850774,-9.972576530046954,-8.257957686078893,
train/id00017/lZf1RB6l5Gs/00141/fake_video_fake_audio.wav,AVDeepfake1M_local/wavs_subset_600/train/id00017/lZf1RB6l5Gs/00141/fake_video_fake_audio.wav,AVDeepfake1M_local/direct_wavs_subset_600/train/id00017/lZf1RB6l5Gs/00141/fake_video_fake_audio.wav,16000,91118,-18,-1.125,0.018099580480287394,0.9912421255953818,16.71100655850023,-11.82254676932983,1.030627842262678,15.680378716237488,-11.82254676932983,1.030627842262678,15.680378716237486,10,-11.928888475220718,-11.946301051765158,0.4467057142765905,-12.783328781617527,-11.29844991067715,
train/id00017/lZf1RB6l5Gs/00141/real.wav,AVDeepfake1M_local/wavs_subset_600/train/id00017/lZf1RB6l5Gs/00141/real.wav,AVDeepfake1M_local/direct_wavs_subset_600/train/id00017/lZf1RB6l5Gs/00141/real.wav,16000,91118,-18,-1.125,0.0171102591512195,0.9929980903882877,17.249016699381173,-12.433345467847488,0.9317773255556241,16.31723937382549,-12.433345467847488,0.9317773255556241,16.31723937382549,10,-12.520343607730169,-12.515503549336783,0.41378804622979837,-13.237276799679226,-11.864517065497576,
train/id00017/lZf1RB6l5Gs/00141/real_video_fake_audio.wav,AVDeepfake1M_local/wavs_subset_600/train/id00017/lZf1RB6l5Gs/00141/real_video_fake_audio.wav,AVDeepfake1M_local/direct_wavs_subset_600/train/id00017/lZf1RB6l5Gs/00141/real_video_fake_audio.wav,16000,91118,-18,-1.125,0.018099580480287394,0.9912421255953818,16.71100655850023,-11.82254676932983,1.030627842262678,15.680378716237488,-11.82254676932983,1.030627842262678,15.680378716237486,10,-11.928888475220718,-11.946301051765158,0.4467057142765905,-12.783328781617527,-11.29844991067715,
train/id00017/lZf1RB6l5Gs/00143/fake_video_fake_audio.wav,AVDeepfake1M_local/wavs_subset_600/train/id00017/lZf1RB6l5Gs/00143/fake_video_fake_audio.wav,AVDeepfake1M_local/direct_wavs_subset_600/train/id00017/lZf1RB6l5Gs/00143/fake_video_fake_audio.wav,16000,117741,-19,-1.1875,0.025758054966579666,0.9954051689725754,52.0721342433244,-9.692643486755797,5.047339942627246,47.02479430069702,-9.692643337341222,5.04733994211994,47.02479267813066,13,-9.493657195962557,-8.963295005117736,1.5301663086841149,-13.193273316200987,-7.83708180142566,
train/id00017/lZf1RB6l5Gs/00143/real.wav,AVDeepfake1M_local/wavs_subset_600/train/id00017/lZf1RB6l5Gs/00143/real.wav,AVDeepfake1M_local/direct_wavs_subset_600/train/id00017/lZf1RB6l5Gs/00143/real.wav,16000,118765,-19,-1.1875,0.025961780755731002,0.9989475013682482,55.643756435252726,-9.549385107771297,5.556355053578537,50.087401381674056,-9.549384981019985,5.556355052766262,50.08739991252261,13,-9.24729241382674,-8.846262557790567,1.2642304151457373,-11.943045084330546,-7.789989772551222,
train/id00017/lZf1RB6l5Gs/00143/real_video_fake_audio.wav,AVDeepfake1M_local/wavs_subset_600/train/id00017/lZf1RB6l5Gs/00143/real_video_fake_audio.wav,AVDeepfake1M_local/direct_wavs_subset_600/train/id00017/lZf1RB6l5Gs/00143/real_video_fake_audio.wav,16000,117741,-19,-1.1875,0.025758054966579666,0.9954051689725754,52.0721342433244,-9.692643486755797,5.047339942627246,47.02479430069702,-9.692643337341222,5.04733994211994,47.02479267813066,13,-9.493657195962557,-8.963295005117736,1.5301663086841149,-13.193273316200987,-7.83708180142566,
train/id00017/lZf1RB6l5Gs/00145/fake_video_fake_audio.wav,AVDeepfake1M_local/wavs_subset_600/train/id00017/lZf1RB6l5Gs/00145/fake_video_fake_audio.wav,AVDeepfake1M_local/direct_wavs_subset_600/train/id00017/lZf1RB6l5Gs/00145/fake_video_fake_audio.wav,16000,89071,-17,-1.0625,0.03365113878995284,0.9888740443017369,37.93966479692608,-6.207757676263766,7.329711749835289,30.609953047090567,-6.207756023008871,7.329711748982094,30.609941391055006,10,-6.352685703486254,-6.103912701849543,0.7901976278387763,-8.007440347507133,-5.458488703283204,
train/id00017/lZf1RB6l5Gs/00145/real.wav,AVDeepfake1M_local/wavs_subset_600/train/id00017/lZf1RB6l5Gs/00145/real.wav,AVDeepfake1M_local/direct_wavs_subset_600/train/id00017/lZf1RB6l5Gs/00145/real.wav,16000,90095,-17,-1.0625,0.031817420736236106,0.9971696542538432,39.83664771541953,-6.563847163839345,7.199841508256203,32.63680620716313,-6.563846794536335,7.199841507209669,32.63680342714327,10,-6.721827675048755,-6.370151657645492,0.8519400359895861,-9.11000089968952,-6.0736207340190855,
train/id00017/lZf1RB6l5Gs/00145/real_video_fake_audio.wav,AVDeepfake1M_local/wavs_subset_600/train/id00017/lZf1RB6l5Gs/00145/real_video_fake_audio.wav,AVDeepfake1M_local/direct_wavs_subset_600/train/id00017/lZf1RB6l5Gs/00145/real_video_fake_audio.wav,16000,89071,-17,-1.0625,0.03365113878995284,0.9888740443017369,37.93966479692608,-6.207757676263766,7.329711749835289,30.609953047090567,-6.207756023008871,7.329711748982094,30.609941391055006,10,-6.352685703486254,-6.103912701849543,0.7901976278387763,-8.007440347507133,-5.458488703283204,
train/id00017/lZf1RB6l5Gs/00146/fake_video_fake_audio.wav,AVDeepfake1M_local/wavs_subset_600/train/id00017/lZf1RB6l5Gs/00146/fake_video_fake_audio.wav,AVDeepfake1M_local/direct_wavs_subset_600/train/id00017/lZf1RB6l5Gs/00146/fake_video_fake_audio.wav,16000,84974,-18,-1.125,0.021352606177405975,0.9913620636900699,21.79408198595047,-11.31965084641896,1.497792218480047,20.29628976747033,-11.319648691434352,1.497792189086053,20.29627929806987,9,-11.209549166343443,-11.479857968612443,0.5786516665754622,-11.903589166807444,-10.19496598422984,
train/id00017/lZf1RB6l5Gs/00146/real.wav,AVDeepfake1M_local/wavs_subset_600/train/id00017/lZf1RB6l5Gs/00146/real.wav,AVDeepfake1M_local/direct_wavs_subset_600/train/id00017/lZf1RB6l5Gs/00146/real.wav,16000,84973,19,1.1875,0.019863644900624033,0.9970225836442164,22.119706485420465,-11.71941312202045,1.3949183497515327,20.724788135668852,-11.719411225341776,1.3949182821383908,20.724778080057057,9,-11.595714469732927,-11.593414297475526,0.6052406934893437,-12.355794923520447,-10.6236592545959,
train/id00017/lZf1RB6l5Gs/00146/real_video_fake_audio.wav,AVDeepfake1M_local/wavs_subset_600/train/id00017/lZf1RB6l5Gs/00146/real_video_fake_audio.wav,AVDeepfake1M_local/direct_wavs_subset_600/train/id00017/lZf1RB6l5Gs/00146/real_video_fake_audio.wav,16000,84974,-18,-1.125,0.021352606177405975,0.9913620636900699,21.79408198595047,-11.31965084641896,1.497792218480047,20.29628976747033,-11.319648691434352,1.497792189086053,20.29627929806987,9,-11.209549166343443,-11.479857968612443,0.5786516665754622,-11.903589166807444,-10.19496598422984,
train/id00017/lZf1RB6l5Gs/00149/fake_video_fake_audio.wav,AVDeepfake1M_local/wavs_subset_600/train/id00017/lZf1RB6l5Gs/00149/fake_video_fake_audio.wav,AVDeepfake1M_local/direct_wavs_subset_600/train/id00017/lZf1RB6l5Gs/00149/fake_video_fake_audio.wav,16000,154608,-16,-1.0,0.04246940822310709,0.9960674738693988,115.7688704347238,-4.187443253154041,31.95674456142077,83.81212587330268,-4.187443253154041,31.95674456142077,83.81212587330268,18,-4.259175015908206,-4.044223610646279,1.144722306800264,-7.608414382278483,-2.2489468066613623,
train/id00017/lZf1RB6l5Gs/00149/real_video_fake_audio.wav,AVDeepfake1M_local/wavs_subset_600/train/id00017/lZf1RB6l5Gs/00149/real_video_fake_audio.wav,AVDeepfake1M_local/direct_wavs_subset_600/train/id00017/lZf1RB6l5Gs/00149/real_video_fake_audio.wav,16000,154608,-16,-1.0,0.04246940822310709,0.9960674738693988,115.7688704347238,-4.187443253154041,31.95674456142077,83.81212587330268,-4.187443253154041,31.95674456142077,83.81212587330268,18,-4.259175015908206,-4.044223610646279,1.144722306800264,-7.608414382278483,-2.2489468066613623,
train/id00017/lZf1RB6l5Gs/00151/fake_video_fake_audio.wav,AVDeepfake1M_local/wavs_subset_600/train/id00017/lZf1RB6l5Gs/00151/fake_video_fake_audio.wav,AVDeepfake1M_local/direct_wavs_subset_600/train/id00017/lZf1RB6l5Gs/00151/fake_video_fake_audio.wav,16000,104429,-19,-1.1875,0.031552939405212525,0.9905294506315295,72.58331483229995,-7.811714563780142,10.307390420780823,62.27592441151892,-7.811704278808422,10.307389640039183,62.27577221257966,12,-7.939890758617487,-7.724010179815348,1.1622131092034056,-10.328990015308603,-6.443298424871102,
train/id00017/lZf1RB6l5Gs/00151/real.wav,AVDeepfake1M_local/wavs_subset_600/train/id00017/lZf1RB6l5Gs/00151/real.wav,AVDeepfake1M_local/direct_wavs_subset_600/train/id00017/lZf1RB6l5Gs/00151/real.wav,16000,98286,18,1.125,0.03319089599060828,0.9987180269824797,72.08414908032864,-6.857409261140783,12.322095877655155,59.76205320267327,-6.8574083210588075,12.322095783938213,59.7620398119424,11,-6.919219982374775,-6.850474268208112,0.520619785260435,-7.767776658311698,-6.1693495959302265,
train/id00017/lZf1RB6l5Gs/00151/real_video_fake_audio.wav,AVDeepfake1M_local/wavs_subset_600/train/id00017/lZf1RB6l5Gs/00151/real_video_fake_audio.wav,AVDeepfake1M_local/direct_wavs_subset_600/train/id00017/lZf1RB6l5Gs/00151/real_video_fake_audio.wav,16000,104429,-19,-1.1875,0.031552939405212525,0.9905294506315295,72.58331483229995,-7.811714563780142,10.307390420780823,62.27592441151892,-7.811704278808422,10.307389640039183,62.27577221257966,12,-7.939890758617487,-7.724010179815348,1.1622131092034056,-10.328990015308603,-6.443298424871102,
train/id00017/lZf1RB6l5Gs/00152/fake_video_fake_audio.wav,AVDeepfake1M_local/wavs_subset_600/train/id00017/lZf1RB6l5Gs/00152/fake_video_fake_audio.wav,AVDeepfake1M_local/direct_wavs_subset_600/train/id00017/lZf1RB6l5Gs/00152/fake_video_fake_audio.wav,16000,95214,-18,-1.125,0.031709382508052594,0.9973323250782448,27.240676262415946,-7.001379153408424,4.529947381383101,22.710728881032644,-7.001379099900187,4.529947381195815,22.71072860028101,10,-6.692471712340665,-6.38142797884216,1.2421301186211176,-8.312305168118787,-5.003628303740246,
train/id00017/lZf1RB6l5Gs/00152/real.wav,AVDeepfake1M_local/wavs_subset_600/train/id00017/lZf1RB6l5Gs/00152/real.wav,AVDeepfake1M_local/direct_wavs_subset_600/train/id00017/lZf1RB6l5Gs/00152/real.wav,16000,94191,17,1.0625,0.030935885748467024,0.9996708815067257,27.707385172136128,-7.0343971483168914,4.578427544201226,23.128957627934714,-7.034397032219162,4.57842754414953,23.128957009378944,10,-6.735317424903249,-6.52383427011763,1.2051498618685386,-8.622669087839721,-5.458090490036014,
train/id00017/lZf1RB6l5Gs/00152/real_video_fake_audio.wav,AVDeepfake1M_local/wavs_subset_600/train/id00017/lZf1RB6l5Gs/00152/real_video_fake_audio.wav,AVDeepfake1M_local/direct_wavs_subset_600/train/id00017/lZf1RB6l5Gs/00152/real_video_fake_audio.wav,16000,95214,-18,-1.125,0.031709382508052594,0.9973323250782448,27.240676262415946,-7.001379153408424,4.529947381383101,22.710728881032644,-7.001379099900187,4.529947381195815,22.71072860028101,10,-6.692471712340665,-6.38142797884216,1.2421301186211176,-8.312305168118787,-5.003628303740246,
train/id00017/lZf1RB6l5Gs/00155/fake_video_fake_audio.wav,AVDeepfake1M_local/wavs_subset_600/train/id00017/lZf1RB6l5Gs/00155/fake_video_fake_audio.wav,AVDeepfake1M_local/direct_wavs_subset_600/train/id00017/lZf1RB6l5Gs/00155/fake_video_fake_audio.wav,16000,86001,-15,-0.9375,0.028423044699054493,0.9925465982953686,78.14002310670912,-9.472413818219485,7.9281060245505754,70.21191708215838,-9.47241316710835,7.928105579883795,70.21190261771355,9,-9.142385665979678,-9.609048052001205,1.552993472370497,-11.741670177714234,-6.778454282188735,
train/id00017/lZf1RB6l5Gs/00155/real.wav,AVDeepfake1M_local/wavs_subset_600/train/id00017/lZf1RB6l5Gs/00155/real.wav,AVDeepfake1M_local/direct_wavs_subset_600/train/id00017/lZf1RB6l5Gs/00155/real.wav,16000,83951,-17,-1.0625,0.028754984166327643,0.9996307369775226,79.31925038713962,-9.388329837746369,8.188839069675241,71.13041131746422,-9.38833237529517,8.188832868263512,71.13039901129531,9,-9.071465492537817,-8.49994537291623,1.3568689647788832,-10.973796482085486,-7.514108060628275,
train/id00017/lZf1RB6l5Gs/00155/real_video_fake_audio.wav,AVDeepfake1M_local/wavs_subset_600/train/id00017/lZf1RB6l5Gs/00155/real_video_fake_audio.wav,AVDeepfake1M_local/direct_wavs_subset_600/train/id00017/lZf1RB6l5Gs/00155/real_video_fake_audio.wav,16000,86001,-15,-0.9375,0.028423044699054493,0.9925465982953686,78.14002310670912,-9.472413818219485,7.9281060245505754,70.21191708215838,-9.47241316710835,7.928105579883795,70.21190261771355,9,-9.142385665979678,-9.609048052001205,1.552993472370497,-11.741670177714234,-6.778454282188735,
train/id00017/lZf1RB6l5Gs/00157/real.wav,AVDeepfake1M_local/wavs_subset_600/train/id00017/lZf1RB6l5Gs/00157/real.wav,AVDeepfake1M_local/direct_wavs_subset_600/train/id00017/lZf1RB6l5Gs/00157/real.wav,16000,97261,19,1.1875,0.02937869951983571,0.9993728215831629,24.000556363724172,-7.109968964470332,3.9086309064160085,20.09192545730799,-7.109533861864597,3.9080730331243254,20.08704522248148,11,-7.349024324960002,-6.882676556829291,1.430096254983138,-11.2928657186384,-5.848209212925539,
train/id00017/lZf1RB6l5Gs/00157/real_video_fake_audio.wav,AVDeepfake1M_local/wavs_subset_600/train/id00017/lZf1RB6l5Gs/00157/real_video_fake_audio.wav,AVDeepfake1M_local/direct_wavs_subset_600/train/id00017/lZf1RB6l5Gs/00157/real_video_fake_audio.wav,16000,98286,18,1.125,0.02729622022523057,0.9954622224935392,22.96743791550398,-7.809166905627989,3.263195228466249,19.704242687037578,-7.80916690562799,3.263195228466249,19.70424268703758,11,-8.086253639839711,-7.914521555273062,1.4966612272513566,-12.160649515522623,-6.6559346744251595,
train/id00017/lZf1RB6l5Gs/00159/fake_video_fake_audio.wav,AVDeepfake1M_local/wavs_subset_600/train/id00017/lZf1RB6l5Gs/00159/fake_video_fake_audio.wav,AVDeepfake1M_local/direct_wavs_subset_600/train/id00017/lZf1RB6l5Gs/00159/fake_video_fake_audio.wav,16000,82928,-16,-1.0,0.03815539921616245,0.9907389542735867,54.84896668139845,-4.3303128248467635,14.78254662269898,40.06642005869918,-4.3303128248467635,14.78254662269898,40.06642005869918,9,-4.724393358425686,-4.085129158876518,1.322574124892502,-7.78815216341259,-3.54657983949841,
train/id00017/lZf1RB6l5Gs/00159/real.wav,AVDeepfake1M_local/wavs_subset_600/train/id00017/lZf1RB6l5Gs/00159/real.wav,AVDeepfake1M_local/direct_wavs_subset_600/train/id00017/lZf1RB6l5Gs/00159/real.wav,16000,80880,-16,-1.0,0.03621278134147013,0.9920870425321464,55.099938117899,-4.876084009311737,13.52701945551102,41.57291866238772,-4.876084009311737,13.52701945551102,41.57291866238772,9,-5.341544032310673,-4.810404999314498,1.460347693367222,-8.35201040388194,-3.8459044501933857,
train/id00017/lZf1RB6l5Gs/00159/real_video_fake_audio.wav,AVDeepfake1M_local/wavs_subset_600/train/id00017/lZf1RB6l5Gs/00159/real_video_fake_audio.wav,AVDeepfake1M_local/direct_wavs_subset_600/train/id00017/lZf1RB6l5Gs/00159/real_video_fake_audio.wav,16000,82928,-16,-1.0,0.03815539921616245,0.9907389542735867,54.84896668139845,-4.3303128248467635,14.78254662269898,40.06642005869918,-4.3303128248467635,14.78254662269898,40.06642005869918,9,-4.724393358425686,-4.085129158876518,1.322574124892502,-7.78815216341259,-3.54657983949841,
train/id00017/lZf1RB6l5Gs/00160/fake_video_fake_audio.wav,AVDeepfake1M_local/wavs_subset_600/train/id00017/lZf1RB6l5Gs/00160/fake_video_fake_audio.wav,AVDeepfake1M_local/direct_wavs_subset_600/train/id00017/lZf1RB6l5Gs/00160/fake_video_fake_audio.wav,16000,101359,17,1.0625,0.03358223829928292,0.9936956757663356,17.004056852310896,-5.29338413051712,3.8792964629204603,13.12476038939021,-5.293381755745894,3.8792964607568123,13.124753205304879,11,-5.582192953978727,-5.21443217339996,1.3732414103303756,-9.25102387069938,-4.29478096832724,
train/id00017/lZf1RB6l5Gs/00160/real.wav,AVDeepfake1M_local/wavs_subset_600/train/id00017/lZf1RB6l5Gs/00160/real.wav,AVDeepfake1M_local/direct_wavs_subset_600/train/id00017/lZf1RB6l5Gs/00160/real.wav,16000,96239,17,1.0625,0.03455066969458629,0.9933602801359116,17.465101349167526,-4.879654308375431,4.285018560294052,13.180082788873236,-4.879652176312196,4.285018553169861,13.180076296520479,11,-5.357115156246973,-5.304354820772889,1.3525876587489092,-8.604787406433342,-3.8253026230784926,
train/id00017/lZf1RB6l5Gs/00160/real_video_fake_audio.wav,AVDeepfake1M_local/wavs_subset_600/train/id00017/lZf1RB6l5Gs/00160/real_video_fake_audio.wav,AVDeepfake1M_local/direct_wavs_subset_600/train/id00017/lZf1RB6l5Gs/00160/real_video_fake_audio.wav,16000,101359,17,1.0625,0.03358223829928292,0.9936956757663356,17.004056852310896,-5.29338413051712,3.8792964629204603,13.12476038939021,-5.293381755745894,3.8792964607568123,13.124753205304879,11,-5.582192953978727,-5.21443217339996,1.3732414103303756,-9.25102387069938,-4.29478096832724,
train/id00017/lZf1RB6l5Gs/00161/fake_video_fake_audio.wav,AVDeepfake1M_local/wavs_subset_600/train/id00017/lZf1RB6l5Gs/00161/fake_video_fake_audio.wav,AVDeepfake1M_local/direct_wavs_subset_600/train/id00017/lZf1RB6l5Gs/00161/fake_video_fake_audio.wav,16000,89069,-19,-1.1875,0.024281090134564573,0.9870998888502173,51.105939893983305,-9.82938301389911,4.814612437952947,46.29132745603024,-9.82938159063777,4.814612393478476,46.29131185791878,10,-9.826228066683779,-9.917371936730909,0.9043462725509213,-11.361307154046322,-8.681931383282445,
train/id00017/lZf1RB6l5Gs/00161/real.wav,AVDeepfake1M_local/wavs_subset_600/train/id00017/lZf1RB6l5Gs/00161/real.wav,AVDeepfake1M_local/direct_wavs_subset_600/train/id00017/lZf1RB6l5Gs/00161/real.wav,16000,87021,19,1.1875,0.02560090989580827,0.9956217464749888,51.2055636793375,-8.820376306550845,5.939321226185899,45.26624245315148,-8.820376306550845,5.939321226185899,45.26624245315147,9,-8.691839933144534,-8.737539021178097,0.7016085040200201,-9.869620425222946,-7.416156034267782,
train/id00017/lZf1RB6l5Gs/00161/real_video_fake_audio.wav,AVDeepfake1M_local/wavs_subset_600/train/id00017/lZf1RB6l5Gs/00161/real_video_fake_audio.wav,AVDeepfake1M_local/direct_wavs_subset_600/train/id00017/lZf1RB6l5Gs/00161/real_video_fake_audio.wav,16000,89069,-19,-1.1875,0.024281090134564573,0.9870998888502173,51.105939893983305,-9.82938301389911,4.814612437952947,46.29132745603024,-9.82938159063777,4.814612393478476,46.29131185791878,10,-9.826228066683779,-9.917371936730909,0.9043462725509213,-11.361307154046322,-8.681931383282445,
train/id00017/lZf1RB6l5Gs/00163/fake_video_fake_audio.wav,AVDeepfake1M_local/wavs_subset_600/train/id00017/lZf1RB6l5Gs/00163/fake_video_fake_audio.wav,AVDeepfake1M_local/direct_wavs_subset_600/train/id00017/lZf1RB6l5Gs/00163/fake_video_fake_audio.wav,16000,136172,20,1.25,0.028047474029205828,0.9922744763974973,52.22571380902082,-8.444293922636128,6.537013893436804,45.68869991558386,-8.444293712864539,6.5370138908711155,45.68869769081017,16,-9.667954789808721,-7.704532833647544,7.327135529711196,-37.813382672531205,-6.562131734466449,
train/id00017/lZf1RB6l5Gs/00163/real.wav,AVDeepfake1M_local/wavs_subset_600/train/id00017/lZf1RB6l5Gs/00163/real.wav,AVDeepfake1M_local/direct_wavs_subset_600/train/id00017/lZf1RB6l5Gs/00163/real.wav,16000,141293,-19,-1.1875,0.027911359824382902,0.998209394662156,57.658689743839204,-8.046222124352724,7.815917665752819,49.84277207808623,-8.046222088877823,7.815917664685547,49.84277166414456,16,-7.775960804003974,-7.650112033810611,0.7632659367043519,-9.510612493183231,-6.761586287629364,
train/id00017/lZf1RB6l5Gs/00163/real_video_fake_audio.wav,AVDeepfake1M_local/wavs_subset_600/train/id00017/lZf1RB6l5Gs/00163/real_video_fake_audio.wav,AVDeepfake1M_local/direct_wavs_subset_600/train/id00017/lZf1RB6l5Gs/00163/real_video_fake_audio.wav,16000,136172,20,1.25,0.028047474029205828,0.9922744763974973,52.22571380902082,-8.444293922636128,6.537013893436804,45.68869991558386,-8.444293712864539,6.5370138908711155,45.68869769081017,16,-9.667954789808721,-7.704532833647544,7.327135529711196,-37.813382672531205,-6.562131734466449,
train/id00017/lZf1RB6l5Gs/00164/fake_video_fake_audio.wav,AVDeepfake1M_local/wavs_subset_600/train/id00017/lZf1RB6l5Gs/00164/fake_video_fake_audio.wav,AVDeepfake1M_local/direct_wavs_subset_600/train/id00017/lZf1RB6l5Gs/00164/fake_video_fake_audio.wav,16000,93165,-19,-1.1875,0.024309601390588326,0.9935061450115387,32.675478774122894,-9.533210916184222,3.2737924874162907,29.401686286706486,-9.533210916184222,3.2737924874162907,29.401686286706486,10,-9.634122052066955,-9.331224464158572,0.846872806922636,-11.251093417444247,-8.717247456466565,
train/id00017/lZf1RB6l5Gs/00164/real.wav,AVDeepfake1M_local/wavs_subset_600/train/id00017/lZf1RB6l5Gs/00164/real.wav,AVDeepfake1M_local/direct_wavs_subset_600/train/id00017/lZf1RB6l5Gs/00164/real.wav,16000,92142,18,1.125,0.02376913938010156,0.9993271255236483,33.82148016244173,-9.658283627447753,3.301805845624302,30.519674316817316,-9.658242494297935,3.3016643867926985,30.518077720493665,10,-9.605468501773263,-9.329045365167516,0.7709068946327993,-11.292688771094872,-8.369317858820512,
train/id00017/lZf1RB6l5Gs/00164/real_video_fake_audio.wav,AVDeepfake1M_local/wavs_subset_600/train/id00017/lZf1RB6l5Gs/00164/real_video_fake_audio.wav,AVDeepfake1M_local/direct_wavs_subset_600/train/id00017/lZf1RB6l5Gs/00164/real_video_fake_audio.wav,16000,93165,-19,-1.1875,0.024309601390588326,0.9935061450115387,32.675478774122894,-9.533210916184222,3.2737924874162907,29.401686286706486,-9.533210916184222,3.2737924874162907,29.401686286706486,10,-9.634122052066955,-9.331224464158572,0.846872806922636,-11.251093417444247,-8.717247456466565,
train/id00017/lvX8diWgriA/00169/fake_video_fake_audio.wav,AVDeepfake1M_local/wavs_subset_600/train/id00017/lvX8diWgriA/00169/fake_video_fake_audio.wav,AVDeepfake1M_local/direct_wavs_subset_600/train/id00017/lvX8diWgriA/00169/fake_video_fake_audio.wav,16000,189423,17,1.0625,0.03196068140480477,0.9967110646542394,69.84489053115249,-8.138458788694752,9.295335639434708,60.54955489171757,-8.138457254214623,9.295333008210658,60.54951635820892,22,-8.118393935773195,-8.237243543006961,0.7872379278831664,-10.243920374311898,-6.900686694464145,
train/id00017/lvX8diWgriA/00169/real.wav,AVDeepfake1M_local/wavs_subset_600/train/id00017/lvX8diWgriA/00169/real.wav,AVDeepfake1M_local/direct_wavs_subset_600/train/id00017/lvX8diWgriA/00169/real.wav,16000,187375,17,1.0625,0.032375735452175064,0.9986390927284856,68.86034691520035,-7.850554314069495,9.70390647767983,59.15644043752032,-7.850554069169789,9.703904505222974,59.156425077288176,22,-7.7438306231462954,-7.831420786346049,0.6166094944280811,-8.656739163896368,-6.6529201910684534,
train/id00017/lvX8diWgriA/00169/real_video_fake_audio.wav,AVDeepfake1M_local/wavs_subset_600/train/id00017/lvX8diWgriA/00169/real_video_fake_audio.wav,AVDeepfake1M_local/direct_wavs_subset_600/train/id00017/lvX8diWgriA/00169/real_video_fake_audio.wav,16000,189423,17,1.0625,0.03196068140480477,0.9967110646542394,69.84489053115249,-8.138458788694752,9.295335639434708,60.54955489171757,-8.138457254214623,9.295333008210658,60.54951635820892,22,-8.118393935773195,-8.237243543006961,0.7872379278831664,-10.243920374311898,-6.900686694464145,
train/id00017/lvX8diWgriA/00170/fake_video_fake_audio.wav,AVDeepfake1M_local/wavs_subset_600/train/id00017/lvX8diWgriA/00170/fake_video_fake_audio.wav,AVDeepfake1M_local/direct_wavs_subset_600/train/id00017/lvX8diWgriA/00170/fake_video_fake_audio.wav,16000,150510,18,1.125,0.03079357984794392,0.9955484685402963,48.72192673292011,-8.275445485336501,6.308913582608099,42.41301315031182,-8.275445433523817,6.308913499927608,42.41301208847419,17,-8.256513847125255,-8.390324850687648,0.5315303652290426,-8.887909902155315,-7.0883131948410085,
train/id00017/lvX8diWgriA/00170/real.wav,AVDeepfake1M_local/wavs_subset_600/train/id00017/lvX8diWgriA/00170/real.wav,AVDeepfake1M_local/direct_wavs_subset_600/train/id00017/lvX8diWgriA/00170/real.wav,16000,152558,18,1.125,0.031098270329046357,0.998964328321032,51.44888128247112,-8.147043569003245,6.835370281209853,44.613511001261074,-8.147043443450997,6.835370209565821,44.613509243897354,18,-8.139458802171772,-8.287449466546704,0.45296602157941446,-8.664912801792195,-7.020161030226665,
train/id00017/lvX8diWgriA/00171/fake_video_fake_audio.wav,AVDeepfake1M_local/wavs_subset_600/train/id00017/lvX8diWgriA/00171/fake_video_fake_audio.wav,AVDeepfake1M_local/direct_wavs_subset_600/train/id00017/lvX8diWgriA/00171/fake_video_fake_audio.wav,16000,318447,17,1.0625,0.03642573317641434,0.9965865591448498,117.18463668227196,-6.5363450881245555,21.289364085230908,95.89527259704079,-6.536343184643414,21.28936364815022,95.89522859807485,38,-6.5454641059431005,-6.410142656810984,0.6559094951659388,-8.739762390842298,-5.35936398029108,
train/id00017/lvX8diWgriA/00171/real.wav,AVDeepfake1M_local/wavs_subset_600/train/id00017/lvX8diWgriA/00171/real.wav,AVDeepfake1M_local/direct_wavs_subset_600/train/id00017/lvX8diWgriA/00171/real.wav,16000,319471,17,1.0625,0.03637807491596311,0.999902964588335,120.732377814129,-6.48997068447701,22.126209271293817,98.60616854283492,-6.489970678225143,22.126209263288864,98.60616836521253,38,-6.483133782065145,-6.468145659888682,0.5178157177531206,-7.571127411268835,-5.275629511214205,
train/id00017/lvX8diWgriA/00171/real_video_fake_audio.wav,AVDeepfake1M_local/wavs_subset_600/train/id00017/lvX8diWgriA/00171/real_video_fake_audio.wav,AVDeepfake1M_local/direct_wavs_subset_600/train/id00017/lvX8diWgriA/00171/real_video_fake_audio.wav,16000,318447,17,1.0625,0.03642573317641434,0.9965865591448498,117.18463668227196,-6.5363450881245555,21.289364085230908,95.89527259704079,-6.536343184643414,21.28936364815022,95.89522859807485,38,-6.5454641059431005,-6.410142656810984,0.6559094951659388,-8.739762390842298,-5.35936398029108,
train/id00017/lvX8diWgriA/00173/fake_video_fake_audio.wav,AVDeepfake1M_local/wavs_subset_600/train/id00017/lvX8diWgriA/00173/fake_video_fake_audio.wav,AVDeepfake1M_local/direct_wavs_subset_600/train/id00017/lvX8diWgriA/00173/fake_video_fake_audio.wav,16000,352239,17,1.0625,0.03267262909311529,0.9922808093368423,159.97133521642536,-7.683501100633575,23.298689404999433,136.67264581142572,-7.683486252084784,23.29867062956383,136.67206838943426,43,-7.645187129006988,-7.532679685448096,0.7092279828358039,-10.184414321453206,-6.233335698941454,
train/id00017/lvX8diWgriA/00173/real.wav,AVDeepfake1M_local/wavs_subset_600/train/id00017/lvX8diWgriA/00173/real.wav,AVDeepfake1M_local/direct_wavs_subset_600/train/id00017/lvX8diWgriA/00173/real.wav,16000,352239,17,1.0625,0.033057558687553674,0.9995486019435668,170.35603490285575,-7.511463906241627,25.662689397836125,144.6933455050194,-7.511463903018525,25.662689331466524,144.69334502342554,43,-7.457324041663474,-7.475415785565909,0.609715310552296,-8.863360267909963,-6.1205435768741285,
train/id00017/lvX8diWgriA/00173/real_video_fake_audio.wav,AVDeepfake1M_local/wavs_subset_600/train/id00017/lvX8diWgriA/00173/real_video_fake_audio.wav,AVDeepfake1M_local/direct_wavs_subset_600/train/id00017/lvX8diWgriA/00173/real_video_fake_audio.wav,16000,352239,17,1.0625,0.03267262909311529,0.9922808093368423,159.97133521642536,-7.683501100633575,23.298689404999433,136.67264581142572,-7.683486252084784,23.29867062956383,136.67206838943426,43,-7.645187129006988,-7.532679685448096,0.7092279828358039,-10.184414321453206,-6.233335698941454,
train/id00017/lvX8diWgriA/00174/fake_video_fake_audio.wav,AVDeepfake1M_local/wavs_subset_600/train/id00017/lvX8diWgriA/00174/fake_video_fake_audio.wav,AVDeepfake1M_local/direct_wavs_subset_600/train/id00017/lvX8diWgriA/00174/fake_video_fake_audio.wav,16000,271343,17,1.0625,0.031816531077211635,0.99799884279307,103.5959097519517,-7.69234214967784,15.061786164328982,88.5341235876225,-7.69234214967784,15.061786164328982,88.53412358762252,32,-7.7522396175992405,-7.715364912617575,0.6717419956292756,-9.324181212800845,-6.490425489901197,
train/id00017/lvX8diWgriA/00174/real.wav,AVDeepfake1M_local/wavs_subset_600/train/id00017/lvX8diWgriA/00174/real.wav,AVDeepfake1M_local/direct_wavs_subset_600/train/id00017/lvX8diWgriA/00174/real.wav,16000,269295,17,1.0625,0.032674171445540114,0.9990530830501866,105.89724391140044,-7.426510857677253,16.219377480149408,89.67786643125082,-7.426510857677253,16.219377480149408,89.67786643125082,32,-7.437219199626924,-7.396203210828684,0.6097942992796059,-8.494059987631248,-6.227122785770684,
train/id00017/lvX8diWgriA/00174/real_video_fake_audio.wav,AVDeepfake1M_local/wavs_subset_600/train/id00017/lvX8diWgriA/00174/real_video_fake_audio.wav,AVDeepfake1M_local/direct_wavs_subset_600/train/id00017/lvX8diWgriA/00174/real_video_fake_audio.wav,16000,271343,17,1.0625,0.031816531077211635,0.99799884279307,103.5959097519517,-7.69234214967784,15.061786164328982,88.5341235876225,-7.69234214967784,15.061786164328982,88.53412358762252,32,-7.7522396175992405,-7.715364912617575,0.6717419956292756,-9.324181212800845,-6.490425489901197,
train/id00017/lvX8diWgriA/00175/fake_video_fake_audio.wav,AVDeepfake1M_local/wavs_subset_600/train/id00017/lvX8diWgriA/00175/fake_video_fake_audio.wav,AVDeepfake1M_local/direct_wavs_subset_600/train/id00017/lvX8diWgriA/00175/fake_video_fake_audio.wav,16000,121839,17,1.0625,0.032293107925707276,0.9960685823094412,35.86672542151064,-7.753438669851991,5.152273441768204,30.714451979742226,-7.753438654301778,5.152273437079131,30.71445184181387,14,-7.6969028203432,-7.497949901670129,0.6141994216878819,-8.871957664089345,-6.818009481109457,
train/id00017/lvX8diWgriA/00175/real_video_fake_audio.wav,AVDeepfake1M_local/wavs_subset_600/train/id00017/lvX8diWgriA/00175/real_video_fake_audio.wav,AVDeepfake1M_local/direct_wavs_subset_600/train/id00017/lvX8diWgriA/00175/real_video_fake_audio.wav,16000,121839,17,1.0625,0.032293107925707276,0.9960685823094412,35.86672542151064,-7.753438669851991,5.152273441768204,30.714451979742226,-7.753438654301778,5.152273437079131,30.71445184181387,14,-7.6969028203432,-7.497949901670129,0.6141994216878819,-8.871957664089345,-6.818009481109457,
train/id00017/lvX8diWgriA/00176/fake_video_fake_audio.wav,AVDeepfake1M_local/wavs_subset_600/train/id00017/lvX8diWgriA/00176/fake_video_fake_audio.wav,AVDeepfake1M_local/direct_wavs_subset_600/train/id00017/lvX8diWgriA/00176/fake_video_fake_audio.wav,16000,164848,16,1.0,0.029716096946314857,0.975444045423663,85.81433887872845,-8.735235925874395,10.127387343129836,75.68695153559844,-8.735218223384283,10.12737051221755,75.68651723975559,19,-8.63763273396984,-8.516129402574354,0.755083775658865,-10.064897386194133,-7.336389641662437,
train/id00017/lvX8diWgriA/00176/real.wav,AVDeepfake1M_local/wavs_subset_600/train/id00017/lvX8diWgriA/00176/real.wav,AVDeepfake1M_local/direct_wavs_subset_600/train/id00017/lvX8diWgriA/00176/real.wav,16000,163824,16,1.0,0.029619858002304586,0.9996093368493016,89.25478443130851,-8.682686157321498,10.646345501640862,78.60843892966747,-8.682327726477912,10.644431128994905,78.5878176950865,19,-8.55288609599746,-8.490019157757501,0.6075047917578863,-10.045059237906482,-7.306683970075005,
train/id00017/lvX8diWgriA/00176/real_video_fake_audio.wav,AVDeepfake1M_local/wavs_subset_600/train/id00017/lvX8diWgriA/00176/real_video_fake_audio.wav,AVDeepfake1M_local/direct_wavs_subset_600/train/id00017/lvX8diWgriA/00176/real_video_fake_audio.wav,16000,164848,16,1.0,0.029716096946314857,0.975444045423663,85.81433887872845,-8.735235925874395,10.127387343129836,75.68695153559844,-8.735218223384283,10.12737051221755,75.68651723975559,19,-8.63763273396984,-8.516129402574354,0.755083775658865,-10.064897386194133,-7.336389641662437,
train/id00017/lvX8diWgriA/00177/fake_video_fake_audio.wav,AVDeepfake1M_local/wavs_subset_600/train/id00017/lvX8diWgriA/00177/fake_video_fake_audio.wav,AVDeepfake1M_local/direct_wavs_subset_600/train/id00017/lvX8diWgriA/00177/fake_video_fake_audio.wav,16000,88047,17,1.0625,0.03265854235279173,0.9858371097254875,24.236758184619248,-8.162249741667956,3.2102713401628957,21.026486844456137,-8.162249741667955,3.2102713401628966,21.026486844456137,10,-8.209174947273203,-8.095226664388942,0.7750995427225239,-9.750070103700265,-6.99596406139846,
train/id00017/lvX8diWgriA/00177/real.wav,AVDeepfake1M_local/wavs_subset_600/train/id00017/lvX8diWgriA/00177/real.wav,AVDeepfake1M_local/direct_wavs_subset_600/train/id00017/lvX8diWgriA/00177/real.wav,16000,89071,17,1.0625,0.035378198936232355,0.9942630036712286,27.093624328263104,-6.8184354432377505,4.665955479719266,22.427668848543586,-6.81843544323775,4.665955479719267,22.427668848543586,10,-6.977285314370201,-7.025226141708804,0.5674618436552175,-8.09001548931958,-6.26716995608138,
train/id00017/lvX8diWgriA/00177/real_video_fake_audio.wav,AVDeepfake1M_local/wavs_subset_600/train/id00017/lvX8diWgriA/00177/real_video_fake_audio.wav,AVDeepfake1M_local/direct_wavs_subset_600/train/id00017/lvX8diWgriA/00177/real_video_fake_audio.wav,16000,88047,17,1.0625,0.03265854235279173,0.9858371097254875,24.236758184619248,-8.162249741667956,3.2102713401628957,21.026486844456137,-8.162249741667955,3.2102713401628966,21.026486844456137,10,-8.209174947273203,-8.095226664388942,0.7750995427225239,-9.750070103700265,-6.99596406139846,
train/id00017/lvX8diWgriA/00178/fake_video_fake_audio.wav,AVDeepfake1M_local/wavs_subset_600/train/id00017/lvX8diWgriA/00178/fake_video_fake_audio.wav,AVDeepfake1M_local/direct_wavs_subset_600/train/id00017/lvX8diWgriA/00178/fake_video_fake_audio.wav,16000,201711,17,1.0625,0.034185329018855834,0.9950870304544621,56.44162450823933,-6.972937541073679,9.437233056999634,47.00439145123946,-6.972937538273012,9.437233056877737,47.00439142032024,24,-7.269204878421578,-7.021909463350589,1.075407204805146,-11.502958812408231,-5.956358301814038,
train/id00017/lvX8diWgriA/00178/real.wav,AVDeepfake1M_local/wavs_subset_600/train/id00017/lvX8diWgriA/00178/real.wav,AVDeepfake1M_local/direct_wavs_subset_600/train/id00017/lvX8diWgriA/00178/real.wav,16000,197615,17,1.0625,0.034458417135217696,0.9987096121245856,55.608437419869006,-6.959755865348443,9.321447406164754,46.28699001370401,-6.959755865348443,9.321447406164754,46.28699001370401,23,-7.016190976360601,-6.871181680850691,0.6013347055767738,-8.238453880652463,-5.730996866739462,
train/id00017/lvX8diWgriA/00178/real_video_fake_audio.wav,AVDeepfake1M_local/wavs_subset_600/train/id00017/lvX8diWgriA/00178/real_video_fake_audio.wav,AVDeepfake1M_local/direct_wavs_subset_600/train/id00017/lvX8diWgriA/00178/real_video_fake_audio.wav,16000,201711,17,1.0625,0.034185329018855834,0.9950870304544621,56.44162450823933,-6.972937541073679,9.437233056999634,47.00439145123946,-6.972937538273012,9.437233056877737,47.00439142032024,24,-7.269204878421578,-7.021909463350589,1.075407204805146,-11.502958812408231,-5.956358301814038,
train/id00017/lvX8diWgriA/00179/fake_video_fake_audio.wav,AVDeepfake1M_local/wavs_subset_600/train/id00017/lvX8diWgriA/00179/fake_video_fake_audio.wav,AVDeepfake1M_local/direct_wavs_subset_600/train/id00017/lvX8diWgriA/00179/fake_video_fake_audio.wav,16000,211951,17,1.0625,0.033606826621328904,0.9953243910149044,76.6495797811076,-7.633014326060746,11.27479910348014,65.37478067762723,-7.63301028599214,11.274797953591044,65.37471319469337,25,-7.576610638546156,-7.649035682821433,0.38558162861616735,-8.402182447295028,-6.849930198667739,
train/id00017/lvX8diWgriA/00179/real.wav,AVDeepfake1M_local/wavs_subset_600/train/id00017/lvX8diWgriA/00179/real.wav,AVDeepfake1M_local/direct_wavs_subset_600/train/id00017/lvX8diWgriA/00179/real.wav,16000,209903,17,1.0625,0.03374027343886783,0.9981753476605861,79.28386919293553,-7.50253702984724,11.964307738676535,67.31956145425876,-7.502537029847238,11.964307738676537,67.31956145425876,25,-7.466101174127348,-7.403704197667967,0.39141875672123516,-8.381021755990844,-6.651196476040983,
train/id00017/lvX8diWgriA/00179/real_video_fake_audio.wav,AVDeepfake1M_local/wavs_subset_600/train/id00017/lvX8diWgriA/00179/real_video_fake_audio.wav,AVDeepfake1M_local/direct_wavs_subset_600/train/id00017/lvX8diWgriA/00179/real_video_fake_audio.wav,16000,211951,17,1.0625,0.033606826621328904,0.9953243910149044,76.6495797811076,-7.633014326060746,11.27479910348014,65.37478067762723,-7.63301028599214,11.274797953591044,65.37471319469337,25,-7.576610638546156,-7.649035682821433,0.38558162861616735,-8.402182447295028,-6.849930198667739,
train/id00017/lvX8diWgriA/00180/fake_video_fake_audio.wav,AVDeepfake1M_local/wavs_subset_600/train/id00017/lvX8diWgriA/00180/fake_video_fake_audio.wav,AVDeepfake1M_local/direct_wavs_subset_600/train/id00017/lvX8diWgriA/00180/fake_video_fake_audio.wav,16000,98286,18,1.125,0.031024682941407332,0.9970901247380095,34.419133889488876,-7.474185752773349,5.22286478632819,29.196269103160496,-7.474185746424594,5.22286478552768,29.196269056004866,11,-7.480879839204723,-7.409654144406477,0.3377323343308643,-8.220589673040864,-7.080553171181549,
train/id00017/lvX8diWgriA/00180/real.wav,AVDeepfake1M_local/wavs_subset_600/train/id00017/lvX8diWgriA/00180/real.wav,AVDeepfake1M_local/direct_wavs_subset_600/train/id00017/lvX8diWgriA/00180/real.wav,16000,94191,17,1.0625,0.03256396327999035,0.9996708815067257,35.064198358915746,-7.0375323834763215,5.790592269763239,29.273606089152292,-7.037532355407462,5.790592266767893,29.27360588481164,10,-7.162902380336163,-7.097854257380012,0.3670714903554009,-7.8734616484597595,-6.782416504622867,
train/id00017/lvX8diWgriA/00181/fake_video_fake_audio.wav,AVDeepfake1M_local/wavs_subset_600/train/id00017/lvX8diWgriA/00181/fake_video_fake_audio.wav,AVDeepfake1M_local/direct_wavs_subset_600/train/id00017/lvX8diWgriA/00181/fake_video_fake_audio.wav,16000,168943,17,1.0625,0.0312379594609343,0.9967858982023523,58.06765444204211,-7.9206572011341825,8.070166007709638,49.99748843433228,-7.9206572011341825,8.070166007709638,49.99748843433228,20,-7.879296826685147,-7.955115469664076,0.5993054383185749,-8.833735815159168,-6.728852885247546,
train/id00017/lvX8diWgriA/00181/real.wav,AVDeepfake1M_local/wavs_subset_600/train/id00017/lvX8diWgriA/00181/real.wav,AVDeepfake1M_local/direct_wavs_subset_600/train/id00017/lvX8diWgriA/00181/real.wav,16000,168943,17,1.0625,0.032282375143349855,0.9996270931615989,58.50877172034234,-7.701933263989819,8.4905349098938,50.01823681044833,-7.7019130174190575,8.490528795882902,50.017967610885556,20,-7.6731431623866895,-7.770430769486982,0.5339110070810393,-8.653071251002686,-6.965240911354646,
train/id00017/lvX8diWgriA/00181/real_video_fake_audio.wav,AVDeepfake1M_local/wavs_subset_600/train/id00017/lvX8diWgriA/00181/real_video_fake_audio.wav,AVDeepfake1M_local/direct_wavs_subset_600/train/id00017/lvX8diWgriA/00181/real_video_fake_audio.wav,16000,168943,17,1.0625,0.0312379594609343,0.9967858982023523,58.06765444204211,-7.9206572011341825,8.070166007709638,49.99748843433228,-7.9206572011341825,8.070166007709638,49.99748843433228,20,-7.879296826685147,-7.955115469664076,0.5993054383185749,-8.833735815159168,-6.728852885247546,
train/id00017/lvX8diWgriA/00182/fake_video_fake_audio.wav,AVDeepfake1M_local/wavs_subset_600/train/id00017/lvX8diWgriA/00182/fake_video_fake_audio.wav,AVDeepfake1M_local/direct_wavs_subset_600/train/id00017/lvX8diWgriA/00182/fake_video_fake_audio.wav,16000,220143,17,1.0625,0.033034280034962435,0.994626220229578,92.15850069001317,-7.529480133946542,13.834050090487096,78.32445059952586,-7.529480133946542,13.834050090487096,78.32445059952586,26,-7.542818716506987,-7.461001460059315,0.34131369949430357,-8.241285684327051,-7.039510759385284,
train/id00017/lvX8diWgriA/00182/real.wav,AVDeepfake1M_local/wavs_subset_600/train/id00017/lvX8diWgriA/00182/real.wav,AVDeepfake1M_local/direct_wavs_subset_600/train/id00017/lvX8diWgriA/00182/real.wav,16000,217071,17,1.0625,0.03334645023721182,0.997645931515495,97.65144673828036,-7.459795859418142,14.859625094785882,82.79182164349425,-7.459795859418142,14.859625094785882,82.79182164349425,26,-7.5234144614837435,-7.412276224072777,0.35275696725321126,-8.528768510125325,-7.008649330378668,
train/id00017/lvX8diWgriA/00183/fake_video_fake_audio.wav,AVDeepfake1M_local/wavs_subset_600/train/id00017/lvX8diWgriA/00183/fake_video_fake_audio.wav,AVDeepfake1M_local/direct_wavs_subset_600/train/id00017/lvX8diWgriA/00183/fake_video_fake_audio.wav,16000,90095,17,1.0625,0.03446538676399708,0.998945557467118,60.167180084623396,-7.412228393320589,9.240987246661124,50.926192837962034,-7.412228515947584,9.240986923277857,50.92619249377525,10,-7.02965038067069,-6.675451069920928,1.3105736147844236,-10.354649052033695,-5.1285572803818,
train/id00017/lvX8diWgriA/00183/real.wav,AVDeepfake1M_local/wavs_subset_600/train/id00017/lvX8diWgriA/00183/real.wav,AVDeepfake1M_local/direct_wavs_subset_600/train/id00017/lvX8diWgriA/00183/real.wav,16000,87023,17,1.0625,0.03598873053146398,0.999276053457132,57.553197257220745,-6.66334717139229,10.208010669516874,47.34518658770361,-6.665184950635384,10.197732629048563,47.317535456198726,9,-6.363053667016252,-6.424846756638692,0.7518721127980541,-7.245552392201045,-4.89986930366198,
train/id00017/lvX8diWgriA/00183/real_video_fake_audio.wav,AVDeepfake1M_local/wavs_subset_600/train/id00017/lvX8diWgriA/00183/real_video_fake_audio.wav,AVDeepfake1M_local/direct_wavs_subset_600/train/id00017/lvX8diWgriA/00183/real_video_fake_audio.wav,16000,90095,17,1.0625,0.03446538676399708,0.998945557467118,60.167180084623396,-7.412228393320589,9.240987246661124,50.926192837962034,-7.412228515947584,9.240986923277857,50.92619249377525,10,-7.02965038067069,-6.675451069920928,1.3105736147844236,-10.354649052033695,-5.1285572803818,
train/id00017/lvX8diWgriA/00184/fake_video_fake_audio.wav,AVDeepfake1M_local/wavs_subset_600/train/id00017/lvX8diWgriA/00184/fake_video_fake_audio.wav,AVDeepfake1M_local/direct_wavs_subset_600/train/id00017/lvX8diWgriA/00184/fake_video_fake_audio.wav,16000,121839,17,1.0625,0.03436098432767557,0.9881893318231436,51.24366022553295,-6.88903016654693,8.706863986299108,42.53679623923361,-6.889030166546929,8.706863986299108,42.5367962392336,14,-6.874705013853754,-6.855547506896542,0.37194893344549246,-7.601402959923309,-6.141500424761549,
train/id00017/lvX8diWgriA/00184/real.wav,AVDeepfake1M_local/wavs_subset_600/train/id00017/lvX8diWgriA/00184/real.wav,AVDeepfake1M_local/direct_wavs_subset_600/train/id00017/lvX8diWgriA/00184/real.wav,16000,121839,17,1.0625,0.03495698346325796,0.9947553738950582,52.734684865921736,-6.7330300841275275,9.230549106624984,43.50413575929652,-6.7330300841275275,9.230549106624984,43.50413575929651,14,-6.702851430259298,-6.6681334896141085,0.393516454084765,-7.446148923502767,-5.976601200057894,
train/id00017/lvX8diWgriA/00184/real_video_fake_audio.wav,AVDeepfake1M_local/wavs_subset_600/train/id00017/lvX8diWgriA/00184/real_video_fake_audio.wav,AVDeepfake1M_local/direct_wavs_subset_600/train/id00017/lvX8diWgriA/00184/real_video_fake_audio.wav,16000,121839,17,1.0625,0.03436098432767557,0.9881893318231436,51.24366022553295,-6.88903016654693,8.706863986299108,42.53679623923361,-6.889030166546929,8.706863986299108,42.5367962392336,14,-6.874705013853754,-6.855547506896542,0.37194893344549246,-7.601402959923309,-6.141500424761549,
train/id00017/lvX8diWgriA/00185/fake_video_fake_audio.wav,AVDeepfake1M_local/wavs_subset_600/train/id00017/lvX8diWgriA/00185/fake_video_fake_audio.wav,AVDeepfake1M_local/direct_wavs_subset_600/train/id00017/lvX8diWgriA/00185/fake_video_fake_audio.wav,16000,265199,17,1.0625,0.03028383711995439,0.9945738860252112,95.09014599584043,-8.566269565373117,11.612911031690372,83.47723496414987,-8.566269718891363,11.612910115805954,83.4772313313131,32,-8.749208673064556,-8.430972681694959,0.96188581756953,-12.028691447869292,-7.628232543840255,
train/id00017/lvX8diWgriA/00185/real.wav,AVDeepfake1M_local/wavs_subset_600/train/id00017/lvX8diWgriA/00185/real.wav,AVDeepfake1M_local/direct_wavs_subset_600/train/id00017/lvX8diWgriA/00185/real.wav,16000,263151,17,1.0625,0.030031360725627308,0.998058149123507,96.75728986412287,-8.498449267772777,11.97946306520573,84.77782679891695,-8.498449211636306,11.97946294968828,84.7778248855783,31,-8.604871570886937,-8.498817872361842,0.4803176549540767,-10.122077108924813,-7.7174365149711175,
train/id00017/lvX8diWgriA/00185/real_video_fake_audio.wav,AVDeepfake1M_local/wavs_subset_600/train/id00017/lvX8diWgriA/00185/real_video_fake_audio.wav,AVDeepfake1M_local/direct_wavs_subset_600/train/id00017/lvX8diWgriA/00185/real_video_fake_audio.wav,16000,265199,17,1.0625,0.03028383711995439,0.9945738860252112,95.09014599584043,-8.566269565373117,11.612911031690372,83.47723496414987,-8.566269718891363,11.612910115805954,83.4772313313131,32,-8.749208673064556,-8.430972681694959,0.96188581756953,-12.028691447869292,-7.628232543840255,
train/id00017/lvX8diWgriA/00186/fake_video_fake_audio.wav,AVDeepfake1M_local/wavs_subset_600/train/id00017/lvX8diWgriA/00186/fake_video_fake_audio.wav,AVDeepfake1M_local/direct_wavs_subset_600/train/id00017/lvX8diWgriA/00186/fake_video_fake_audio.wav,16000,85999,17,1.0625,0.03300355391229157,0.9888487075431109,29.712348450906575,-7.446964707289351,4.532666528909541,25.179681921996814,-7.446964501967537,4.532666503326663,25.179680589457686,9,-7.1788829486457155,-6.899780586262962,0.6959548888841194,-8.314786611235697,-6.420568191445561,
train/id00017/lvX8diWgriA/00186/real.wav,AVDeepfake1M_local/wavs_subset_600/train/id00017/lvX8diWgriA/00186/real.wav,AVDeepfake1M_local/direct_wavs_subset_600/train/id00017/lvX8diWgriA/00186/real.wav,16000,87023,17,1.0625,0.03277349843998704,0.993760270273376,34.227790052071214,-7.590462514812866,5.0769692823644235,29.150820769706574,-7.590462354493921,5.076969260912225,29.15081957043612,9,-7.301086329306374,-6.9247797435811105,0.5891165894521141,-8.290413411968371,-6.646066821349952,
train/id00017/lvX8diWgriA/00186/real_video_fake_audio.wav,AVDeepfake1M_local/wavs_subset_600/train/id00017/lvX8diWgriA/00186/real_video_fake_audio.wav,AVDeepfake1M_local/direct_wavs_subset_600/train/id00017/lvX8diWgriA/00186/real_video_fake_audio.wav,16000,85999,17,1.0625,0.03300355391229157,0.9888487075431109,29.712348450906575,-7.446964707289351,4.532666528909541,25.179681921996814,-7.446964501967537,4.532666503326663,25.179680589457686,9,-7.1788829486457155,-6.899780586262962,0.6959548888841194,-8.314786611235697,-6.420568191445561,
train/id00017/lvX8diWgriA/00187/fake_video_fake_audio.wav,AVDeepfake1M_local/wavs_subset_600/train/id00017/lvX8diWgriA/00187/fake_video_fake_audio.wav,AVDeepfake1M_local/direct_wavs_subset_600/train/id00017/lvX8diWgriA/00187/fake_video_fake_audio.wav,16000,129006,18,1.125,0.03499959065756502,0.9915817868936329,40.581805721856654,-6.940855075824027,6.82726415384646,33.75454156800995,-6.940854265588749,6.827263909785817,33.75453406398768,15,-6.907489038252192,-6.728786960970079,0.7110467563462622,-8.188215640897349,-5.616341545807058,
train/id00017/lvX8diWgriA/00187/real.wav,AVDeepfake1M_local/wavs_subset_600/train/id00017/lvX8diWgriA/00187/real.wav,AVDeepfake1M_local/direct_wavs_subset_600/train/id00017/lvX8diWgriA/00187/real.wav,16000,124910,18,1.125,0.03570863424707261,0.9959170602834041,39.23340737540275,-6.921249303385888,6.625238046596283,32.60816932880621,-6.921249156916702,6.62523785774132,32.608167299562005,14,-6.999944724887087,-7.2557403636199105,0.7907494507521396,-8.512246570898487,-5.572834337303243,
train/id00017/lvX8diWgriA/00187/real_video_fake_audio.wav,AVDeepfake1M_local/wavs_subset_600/train/id00017/lvX8diWgriA/00187/real_video_fake_audio.wav,AVDeepfake1M_local/direct_wavs_subset_600/train/id00017/lvX8diWgriA/00187/real_video_fake_audio.wav,16000,129006,18,1.125,0.03499959065756502,0.9915817868936329,40.581805721856654,-6.940855075824027,6.82726415384646,33.75454156800995,-6.940854265588749,6.827263909785817,33.75453406398768,15,-6.907489038252192,-6.728786960970079,0.7110467563462622,-8.188215640897349,-5.616341545807058,
train/id00017/lvX8diWgriA/00188/real.wav,AVDeepfake1M_local/wavs_subset_600/train/id00017/lvX8diWgriA/00188/real.wav,AVDeepfake1M_local/direct_wavs_subset_600/train/id00017/lvX8diWgriA/00188/real.wav,16000,96239,17,1.0625,0.02950514982808035,0.9933602801359116,36.31754672527313,-8.256110230638773,4.720948896613391,31.59659782865957,-8.256110074384095,4.720948878697073,31.596596571935365,11,-8.176072990818934,-8.166077967035108,0.3876126471356972,-8.634898727611613,-7.294007206861877,
train/id00017/tIpW24N_Ysk/00194/fake_video_fake_audio.wav,AVDeepfake1M_local/wavs_subset_600/train/id00017/tIpW24N_Ysk/00194/fake_video_fake_audio.wav,AVDeepfake1M_local/direct_wavs_subset_600/train/id00017/tIpW24N_Ysk/00194/fake_video_fake_audio.wav,16000,100337,-15,-0.9375,0.06349653338988559,0.9958440057007883,1209.4694559397176,-9.335037935186158,126.24512400960384,1083.2243319301128,-9.335037480342034,126.24512390351998,1083.2242175719266,11,-9.409429052333474,-8.669223779327965,1.2899204308058463,-12.089397079406785,-7.838244680216636,
train/id00017/tIpW24N_Ysk/00194/real.wav,AVDeepfake1M_local/wavs_subset_600/train/id00017/tIpW24N_Ysk/00194/real.wav,AVDeepfake1M_local/direct_wavs_subset_600/train/id00017/tIpW24N_Ysk/00194/real.wav,16000,100338,-14,-0.875,0.0648068833457489,0.9974286910243377,1202.7041146503761,-9.24010648194332,128.01798721332966,1074.6861274370456,-9.24010626492618,128.01798714677176,1074.6860731761938,11,-9.357232565173229,-8.649569747964804,1.2615309435345408,-11.953041806546878,-7.7986498015429575,
train/id00017/tIpW24N_Ysk/00194/real_video_fake_audio.wav,AVDeepfake1M_local/wavs_subset_600/train/id00017/tIpW24N_Ysk/00194/real_video_fake_audio.wav,AVDeepfake1M_local/direct_wavs_subset_600/train/id00017/tIpW24N_Ysk/00194/real_video_fake_audio.wav,16000,100337,-15,-0.9375,0.06349653338988559,0.9958440057007883,1209.4694559397176,-9.335037935186158,126.24512400960384,1083.2243319301128,-9.335037480342034,126.24512390351998,1083.2242175719266,11,-9.409429052333474,-8.669223779327965,1.2899204308058463,-12.089397079406785,-7.838244680216636,
train/id00017/tIpW24N_Ysk/00195/fake_video_fake_audio.wav,AVDeepfake1M_local/wavs_subset_600/train/id00017/tIpW24N_Ysk/00195/fake_video_fake_audio.wav,AVDeepfake1M_local/direct_wavs_subset_600/train/id00017/tIpW24N_Ysk/00195/fake_video_fake_audio.wav,16000,82930,-14,-0.875,0.05419879012391796,0.996503074882431,587.9299893267453,-9.938161271665631,54.144079930710376,533.7859093960343,-9.938161238964945,54.144079923810764,533.785905308813,9,-10.144825072395912,-10.170512977151901,0.7583115457262309,-11.22373979803147,-9.009382142720735,
train/id00017/tIpW24N_Ysk/00195/real.wav,AVDeepfake1M_local/wavs_subset_600/train/id00017/tIpW24N_Ysk/00195/real.wav,AVDeepfake1M_local/direct_wavs_subset_600/train/id00017/tIpW24N_Ysk/00195/real.wav,16000,83953,-15,-0.9375,0.04836547210725193,0.9996069229211583,638.8929025596008,-11.051207957573519,46.503583839505595,592.3893187200947,-11.05120794072927,46.503583778002465,592.3893156390319,9,-11.230977184125948,-11.46016597420336,0.7446761383986581,-12.657847202813574,-10.262914541981933,
train/id00017/tIpW24N_Ysk/00195/real_video_fake_audio.wav,AVDeepfake1M_local/wavs_subset_600/train/id00017/tIpW24N_Ysk/00195/real_video_fake_audio.wav,AVDeepfake1M_local/direct_wavs_subset_600/train/id00017/tIpW24N_Ysk/00195/real_video_fake_audio.wav,16000,82930,-14,-0.875,0.05419879012391796,0.996503074882431,587.9299893267453,-9.938161271665631,54.144079930710376,533.7859093960343,-9.938161238964945,54.144079923810764,533.785905308813,9,-10.144825072395912,-10.170512977151901,0.7583115457262309,-11.22373979803147,-9.009382142720735,
train/id00017/tIpW24N_Ysk/00197/fake_video_fake_audio.wav,AVDeepfake1M_local/wavs_subset_600/train/id00017/tIpW24N_Ysk/00197/fake_video_fake_audio.wav,AVDeepfake1M_local/direct_wavs_subset_600/train/id00017/tIpW24N_Ysk/00197/fake_video_fake_audio.wav,16000,214001,-15,-0.9375,0.05765671017233323,0.9962570268363232,1491.158822341822,-8.684231805999257,177.8102619554458,1313.3485603863755,-8.684231805999257,177.8102619554458,1313.3485603863755,25,-7.796063203454053,-7.469993801500381,2.0159991145865654,-12.904686472738387,-4.795537823089065,
train/id00017/tIpW24N_Ysk/00197/real.wav,AVDeepfake1M_local/wavs_subset_600/train/id00017/tIpW24N_Ysk/00197/real.wav,AVDeepfake1M_local/direct_wavs_subset_600/train/id00017/tIpW24N_Ysk/00197/real.wav,16000,204784,-16,-1.0,0.05854611727589295,0.99812485350418,1489.5307099688798,-8.732647379875111,175.87953924271164,1313.6511707261675,-8.732647379875111,175.87953924271164,1313.6511707261675,24,-7.738403161579861,-6.757357497968252,2.024477690871892,-13.169859814884564,-5.304469102756912,
train/id00017/tIpW24N_Ysk/00197/real_video_fake_audio.wav,AVDeepfake1M_local/wavs_subset_600/train/id00017/tIpW24N_Ysk/00197/real_video_fake_audio.wav,AVDeepfake1M_local/direct_wavs_subset_600/train/id00017/tIpW24N_Ysk/00197/real_video_fake_audio.wav,16000,214001,-15,-0.9375,0.05765671017233323,0.9962570268363232,1491.158822341822,-8.684231805999257,177.8102619554458,1313.3485603863755,-8.684231805999257,177.8102619554458,1313.3485603863755,25,-7.796063203454053,-7.469993801500381,2.0159991145865654,-12.904686472738387,-4.795537823089065,
train/id00017/wrB-yyERH2s/00199/fake_video_fake_audio.wav,AVDeepfake1M_local/wavs_subset_600/train/id00017/wrB-yyERH2s/00199/fake_video_fake_audio.wav,AVDeepfake1M_local/direct_wavs_subset_600/train/id00017/wrB-yyERH2s/00199/fake_video_fake_audio.wav,16000,113627,37,2.3125,0.04528238503798675,0.9561107835285627,395.1812971290201,-7.598458785290711,58.52493587479735,336.6563612542223,-7.598419873905558,58.52489327419585,336.65309988359695,13,-7.001057120777765,-6.760934366384314,1.613282163503515,-10.657740790177828,-4.291835608046734,
train/id00017/wrB-yyERH2s/00199/real.wav,AVDeepfake1M_local/wavs_subset_600/train/id00017/wrB-yyERH2s/00199/real.wav,AVDeepfake1M_local/direct_wavs_subset_600/train/id00017/wrB-yyERH2s/00199/real.wav,16000,106459,37,2.3125,0.04539286071282908,0.9603697197982322,399.953094502911,-7.6658749473094465,58.45260098845407,341.5004935144565,-7.665838089292371,58.452557167847694,341.49733924265354,12,-6.850882677286151,-6.672770497392225,1.2215343059603805,-9.756730312972216,-4.710577791255895,
train/id00017/wrB-yyERH2s/00199/real_video_fake_audio.wav,AVDeepfake1M_local/wavs_subset_600/train/id00017/wrB-yyERH2s/00199/real_video_fake_audio.wav,AVDeepfake1M_local/direct_wavs_subset_600/train/id00017/wrB-yyERH2s/00199/real_video_fake_audio.wav,16000,113627,37,2.3125,0.04528238503798675,0.9561107835285627,395.1812971290201,-7.598458785290711,58.52493587479735,336.6563612542223,-7.598419873905558,58.52489327419585,336.65309988359695,13,-7.001057120777765,-6.760934366384314,1.613282163503515,-10.657740790177828,-4.291835608046734,
train/id00017/wrB-yyERH2s/00200/fake_video_fake_audio.wav,AVDeepfake1M_local/wavs_subset_600/train/id00017/wrB-yyERH2s/00200/fake_video_fake_audio.wav,AVDeepfake1M_local/direct_wavs_subset_600/train/id00017/wrB-yyERH2s/00200/fake_video_fake_audio.wav,16000,178141,35,2.1875,0.04284794461658477,0.9251098848664822,459.01688397396356,-7.0968447968520305,74.94288788083333,384.07399609312984,-7.0967609687400515,74.94284752649008,384.0663759085856,21,-6.934719141192008,-6.945022038876862,1.0258303556095005,-9.024375068458674,-4.6645373573393325,
train/id00017/wrB-yyERH2s/00200/real_video_fake_audio.wav,AVDeepfake1M_local/wavs_subset_600/train/id00017/wrB-yyERH2s/00200/real_video_fake_audio.wav,AVDeepfake1M_local/direct_wavs_subset_600/train/id00017/wrB-yyERH2s/00200/real_video_fake_audio.wav,16000,178141,35,2.1875,0.04284794461658477,0.9251098848664822,459.01688397396356,-7.0968447968520305,74.94288788083333,384.07399609312984,-7.0967609687400515,74.94284752649008,384.0663759085856,21,-6.934719141192008,-6.945022038876862,1.0258303556095005,-9.024375068458674,-4.6645373573393325,
train/id00017/wrB-yyERH2s/00201/fake_video_fake_audio.wav,AVDeepfake1M_local/wavs_subset_600/train/id00017/wrB-yyERH2s/00201/fake_video_fake_audio.wav,AVDeepfake1M_local/direct_wavs_subset_600/train/id00017/wrB-yyERH2s/00201/fake_video_fake_audio.wav,16000,140257,31,1.9375,0.04215083851387398,0.9747820073151429,402.45234642457217,-7.585900689872378,59.748722961808696,342.7036234627631,-7.58587628672728,59.74871492637355,342.701651716638,16,-7.49609739427059,-7.674501234008473,1.1401617068696372,-9.009963221516879,-4.14844583622464,
train/id00017/wrB-yyERH2s/00201/real.wav,AVDeepfake1M_local/wavs_subset_600/train/id00017/wrB-yyERH2s/00201/real.wav,AVDeepfake1M_local/direct_wavs_subset_600/train/id00017/wrB-yyERH2s/00201/real.wav,16000,138209,31,1.9375,0.04231373164091318,0.976492124246612,398.70514722540975,-7.387589393184928,61.53116236933206,337.1739848560773,-7.387564259672898,61.53115602382554,337.1719987953044,16,-7.415161866042438,-7.272922484333366,1.1134534859123144,-9.675823987878047,-4.791902319470505,
train/id00017/wrB-yyERH2s/00201/real_video_fake_audio.wav,AVDeepfake1M_local/wavs_subset_600/train/id00017/wrB-yyERH2s/00201/real_video_fake_audio.wav,AVDeepfake1M_local/direct_wavs_subset_600/train/id00017/wrB-yyERH2s/00201/real_video_fake_audio.wav,16000,140257,31,1.9375,0.04215083851387398,0.9747820073151429,402.45234642457217,-7.585900689872378,59.748722961808696,342.7036234627631,-7.58587628672728,59.74871492637355,342.701651716638,16,-7.49609739427059,-7.674501234008473,1.1401617068696372,-9.009963221516879,-4.14844583622464,
train/id00017/wrB-yyERH2s/00202/fake_video_fake_audio.wav,AVDeepfake1M_local/wavs_subset_600/train/id00017/wrB-yyERH2s/00202/fake_video_fake_audio.wav,AVDeepfake1M_local/direct_wavs_subset_600/train/id00017/wrB-yyERH2s/00202/fake_video_fake_audio.wav,16000,133088,32,2.0,0.04541470610086663,0.9773984130800674,382.52525490988046,-6.65752599283479,67.92201888377198,314.60323602610805,-6.6575113402239054,67.9220167099591,314.6021645230115,15,-6.727925174979166,-7.15606535359009,1.0472804676314014,-8.53390771067197,-4.280572775555585,
train/id00017/wrB-yyERH2s/00202/real.wav,AVDeepfake1M_local/wavs_subset_600/train/id00017/wrB-yyERH2s/00202/real.wav,AVDeepfake1M_local/direct_wavs_subset_600/train/id00017/wrB-yyERH2s/00202/real.wav,16000,130016,32,2.0,0.045254968352346055,0.9832635983263598,385.58976576663554,-6.49070867159712,70.65590853574261,314.9338572308925,-6.490696218330424,70.65590730932922,314.9329487021386,15,-6.573984575343636,-6.227637756031418,1.138446397990509,-8.918175415122878,-4.231218457948367,
train/id00017/wrB-yyERH2s/00202/real_video_fake_audio.wav,AVDeepfake1M_local/wavs_subset_600/train/id00017/wrB-yyERH2s/00202/real_video_fake_audio.wav,AVDeepfake1M_local/direct_wavs_subset_600/train/id00017/wrB-yyERH2s/00202/real_video_fake_audio.wav,16000,133088,32,2.0,0.04541470610086663,0.9773984130800674,382.52525490988046,-6.65752599283479,67.92201888377198,314.60323602610805,-6.6575113402239054,67.9220167099591,314.6021645230115,15,-6.727925174979166,-7.15606535359009,1.0472804676314014,-8.53390771067197,-4.280572775555585,
train/id00017/wrB-yyERH2s/00203/fake_video_fake_audio.wav,AVDeepfake1M_local/wavs_subset_600/train/id00017/wrB-yyERH2s/00203/fake_video_fake_audio.wav,AVDeepfake1M_local/direct_wavs_subset_600/train/id00017/wrB-yyERH2s/00203/fake_video_fake_audio.wav,16000,229341,35,2.1875,0.044986005192283504,0.9512472693500071,542.3258352521807,-6.508692100313711,99.0407479157387,443.28508733644156,-6.5086303265373635,99.04071255691196,443.27862386558525,27,-6.45597558230352,-6.771720955408029,1.332551651244479,-8.668951239677016,-2.5350138422541564,
train/id00017/wrB-yyERH2s/00203/real.wav,AVDeepfake1M_local/wavs_subset_600/train/id00017/wrB-yyERH2s/00203/real.wav,AVDeepfake1M_local/direct_wavs_subset_600/train/id00017/wrB-yyERH2s/00203/real.wav,16000,220125,35,2.1875,0.045483073630007954,0.9540034071550255,525.7007001666352,-6.3483768057534515,98.93534555663298,426.76535461000185,-6.348316611694803,98.93532579875797,426.7593543743367,26,-6.246013327956787,-6.411961715445247,1.3475091895592446,-8.569915202810947,-2.762075275665392,
train/id00017/wrB-yyERH2s/00203/real_video_fake_audio.wav,AVDeepfake1M_local/wavs_subset_600/train/id00017/wrB-yyERH2s/00203/real_video_fake_audio.wav,AVDeepfake1M_local/direct_wavs_subset_600/train/id00017/wrB-yyERH2s/00203/real_video_fake_audio.wav,16000,229341,35,2.1875,0.044986005192283504,0.9512472693500071,542.3258352521807,-6.508692100313711,99.0407479157387,443.28508733644156,-6.5086303265373635,99.04071255691196,443.27862386558525,27,-6.45597558230352,-6.771720955408029,1.332551651244479,-8.668951239677016,-2.5350138422541564,
train/id00018/5BVBfpfzjIk/00009/fake_video_fake_audio.wav,AVDeepfake1M_local/wavs_subset_600/train/id00018/5BVBfpfzjIk/00009/fake_video_fake_audio.wav,AVDeepfake1M_local/direct_wavs_subset_600/train/id00018/5BVBfpfzjIk/00009/fake_video_fake_audio.wav,16000,216049,15,0.9375,0.03437347981095613,0.9971811950066883,17.143913433887064,-4.27198056788428,4.665993565249254,12.477919868637576,-4.271980567884281,4.665993565249252,12.477919868637576,26,-4.374872997653371,-4.217449992016573,0.6889951835533417,-5.792354956226942,-3.200610860753911,
train/id00018/5BVBfpfzjIk/00009/real.wav,AVDeepfake1M_local/wavs_subset_600/train/id00018/5BVBfpfzjIk/00009/real.wav,AVDeepfake1M_local/direct_wavs_subset_600/train/id00018/5BVBfpfzjIk/00009/real.wav,16000,215025,15,0.9375,0.03383121899292939,0.9996977095686548,17.71459729038179,-4.419608234096498,4.702958728134067,13.011638562247494,-4.424346069670512,4.686390412824013,12.979951593901681,25,-4.463855624464085,-4.529275464640416,0.6810822210917803,-5.895628911243352,-3.2738331021985356,
train/id00018/5BVBfpfzjIk/00013/fake_video_fake_audio.wav,AVDeepfake1M_local/wavs_subset_600/train/id00018/5BVBfpfzjIk/00013/fake_video_fake_audio.wav,AVDeepfake1M_local/direct_wavs_subset_600/train/id00018/5BVBfpfzjIk/00013/fake_video_fake_audio.wav,16000,146417,15,0.9375,0.03314336667605232,0.9884098158000778,7.113787465728819,-5.4774087309116055,1.5704678402983228,5.543319625430277,-5.477405901864374,1.5704677789720831,5.543315797980807,17,-5.491216823810247,-5.596022407882943,0.6000505704292609,-6.238001260936278,-4.079885167628071,
train/id00018/tZStiZYpjhI/00190/real.wav,AVDeepfake1M_local/wavs_subset_600/train/id00018/tZStiZYpjhI/00190/real.wav,AVDeepfake1M_local/direct_wavs_subset_600/train/id00018/tZStiZYpjhI/00190/real.wav,16000,145393,15,0.9375,0.027513147961956554,0.9964716320593151,52.107604331336915,-8.163318645118432,6.900420946497197,45.20718338483957,-8.163318645118432,6.9004209464971975,45.20718338483957,17,-8.227999303563887,-8.163482458398018,0.5287953023884467,-9.206006211277863,-7.381745554295045,
train/id00018/tZStiZYpjhI/00192/real.wav,AVDeepfake1M_local/wavs_subset_600/train/id00018/tZStiZYpjhI/00192/real.wav,AVDeepfake1M_local/direct_wavs_subset_600/train/id00018/tZStiZYpjhI/00192/real.wav,16000,211953,15,0.9375,0.03217057271460203,0.997579652092681,60.661910618655384,-6.52611293850562,11.041936381229622,49.61997423742555,-6.526112517346183,11.041936038605272,49.619967885825304,25,-6.542034433193549,-6.472687909292808,0.7248112003442999,-8.307956881642557,-5.194612471309457,
